task,condition,elapsed_sec,latency_ms,server_exec_ms,server_proc_ms,server_swap_ms,server_decoder_ms,queue_wait_plus_rpc_ms,non_server_exec_overhead_ms
nyudepth,no_sharing,0.0001,295.3818,286.4799,205.695,0.0029,80.4931,2.8086,8.9019
nyudepth,no_sharing,0.1208,332.4597,155.0643,14.2016,0.0021,70.3515,172.0889,177.3954
nyudepth,no_sharing,0.2397,217.1204,155.0643,14.2016,0.0021,70.3515,53.1995,62.0561
nyudepth,no_sharing,0.3567,297.5297,196.684,57.9893,0.0027,46.1662,96.5776,100.8457
nyudepth,no_sharing,0.3713,285.2955,196.684,57.9893,0.0027,46.1662,82.0222,88.6115
nyudepth,no_sharing,0.3752,283.7179,196.684,57.9893,0.0027,46.1662,78.084,87.0339
nyudepth,no_sharing,0.4474,324.9137,112.4526,4.0158,0.002,54.1342,207.8495,212.4612
nyudepth,no_sharing,0.5179,256.701,112.4526,4.0158,0.002,54.1342,137.3124,144.2484
nyudepth,no_sharing,0.674,360.5351,250.6247,20.0059,0.0017,57.5993,101.6843,109.9104
nyudepth,no_sharing,0.6788,367.6536,250.6247,20.0059,0.0017,57.5993,96.9143,117.0289
nyudepth,no_sharing,0.731,315.4521,250.6247,20.0059,0.0017,57.5993,44.7087,64.8274
nyudepth,no_sharing,0.7346,311.9187,250.6247,20.0059,0.0017,57.5993,41.1723,61.294
nyudepth,no_sharing,0.792,616.8282,369.1935,68.8633,0.003,60.0229,243.6187,247.6347
nyudepth,no_sharing,0.8754,535.7206,369.1935,68.8633,0.003,60.0229,160.1644,166.5271
nyudepth,no_sharing,0.8952,520.5698,369.1935,68.8633,0.003,60.0229,140.3866,151.3763
nyudepth,no_sharing,0.9568,458.9846,369.1935,68.8633,0.003,60.0229,78.7947,89.7911
nyudepth,no_sharing,0.9644,453.8434,369.1935,68.8633,0.003,60.0229,71.1539,84.6498
nyudepth,no_sharing,0.9689,694.7653,245.8672,5.2026,0.0019,48.0957,444.8431,448.8981
nyudepth,no_sharing,0.9844,682.9576,245.8672,5.2026,0.0019,48.0957,429.3468,437.0904
nyudepth,no_sharing,1.0299,642.1158,245.8672,5.2026,0.0019,48.0957,383.8542,396.2486
nyudepth,no_sharing,1.0496,622.4234,245.8672,5.2026,0.0019,48.0957,364.1555,376.5562
nyudepth,no_sharing,1.1121,562.1607,245.8672,5.2026,0.0019,48.0957,301.5795,316.2935
nyudepth,no_sharing,1.1236,796.7191,246.417,4.6515,0.002,48.3098,546.1237,550.3021
nyudepth,no_sharing,1.2152,707.5005,246.417,4.6515,0.002,48.3098,454.546,461.0835
nyudepth,no_sharing,1.277,650.5144,246.417,4.6515,0.002,48.3098,392.7045,404.0974
nyudepth,no_sharing,1.3095,618.0162,246.417,4.6515,0.002,48.3098,360.1999,371.5992
nyudepth,no_sharing,1.3301,600.0419,246.417,4.6515,0.002,48.3098,339.6237,353.6249
nyudepth,no_sharing,1.3531,824.4357,248.0899,4.7366,0.0027,48.6254,572.1514,576.3458
nyudepth,no_sharing,1.3569,823.0217,248.0899,4.7366,0.0027,48.6254,568.3856,574.9318
nyudepth,no_sharing,1.3663,815.9347,248.0899,4.7366,0.0027,48.6254,558.9833,567.8448
nyudepth,no_sharing,1.4,787.6437,248.0899,4.7366,0.0027,48.6254,525.2995,539.5538
nyudepth,no_sharing,1.4196,768.0607,248.0899,4.7366,0.0027,48.6254,505.7113,519.9708
nyudepth,no_sharing,1.4825,946.1615,240.9543,5.7947,0.0035,46.9759,700.9668,705.2072
nyudepth,no_sharing,1.5181,912.8921,240.9543,5.7947,0.0035,46.9759,665.3714,671.9378
nyudepth,no_sharing,1.5302,908.5035,240.9543,5.7947,0.0035,46.9759,653.321,667.5493
nyudepth,no_sharing,1.5537,884.9723,240.9543,5.7947,0.0035,46.9759,629.7827,644.0181
nyudepth,no_sharing,1.5853,853.4498,240.9543,5.7947,0.0035,46.9759,598.2561,612.4956
nyudepth,no_sharing,1.6021,1081.5814,245.142,4.9566,0.0018,47.9965,831.6145,836.4393
nyudepth,no_sharing,1.6187,1070.4732,245.142,4.9566,0.0018,47.9965,814.9822,825.3312
nyudepth,no_sharing,1.6637,1025.5764,245.142,4.9566,0.0018,47.9965,770.0779,780.4343
nyudepth,no_sharing,1.6774,1016.5479,245.142,4.9566,0.0018,47.9965,756.3446,771.4059
nyudepth,no_sharing,1.7444,949.5244,245.142,4.9566,0.0018,47.9965,689.3156,704.3824
nyudepth,no_sharing,1.8135,1129.6172,244.9325,4.4852,0.002,48.0455,874.2526,884.6847
nyudepth,no_sharing,1.8678,1089.2417,244.9325,4.4852,0.002,48.0455,819.9999,844.3093
nyudepth,no_sharing,1.8716,1085.4135,244.9325,4.4852,0.002,48.0455,816.1633,840.481
nyudepth,no_sharing,1.9301,1026.9456,244.9325,4.4852,0.002,48.0455,757.6902,782.0131
nyudepth,no_sharing,1.9956,963.6583,244.9325,4.4852,0.002,48.0455,692.1461,718.7258
nyudepth,no_sharing,2.0517,1158.1693,253.1169,4.4583,0.0018,49.6892,900.9392,905.0523
nyudepth,no_sharing,2.0663,1146.039,253.1169,4.4583,0.0018,49.6892,886.4212,892.9221
nyudepth,no_sharing,2.0818,1135.2625,253.1169,4.4583,0.0018,49.6892,870.8963,882.1456
nyudepth,no_sharing,2.09,1127.0447,253.1169,4.4583,0.0018,49.6892,862.6733,873.9277
nyudepth,no_sharing,2.1078,1111.5165,253.1169,4.4583,0.0018,49.6892,844.8391,858.3995
nyudepth,no_sharing,2.1094,1360.3284,250.5358,4.4978,0.0021,49.1649,1105.7432,1109.7927
nyudepth,no_sharing,2.1171,1356.2284,250.5358,4.4978,0.0021,49.1649,1098.11,1105.6926
nyudepth,no_sharing,2.1828,1297.379,250.5358,4.4978,0.0021,49.1649,1032.3625,1046.8433
nyudepth,no_sharing,2.3826,1097.5525,250.5358,4.4978,0.0021,49.1649,832.53,847.0168
nyudepth,no_sharing,2.4107,1069.4699,250.5358,4.4978,0.0021,49.1649,804.4434,818.9342
nyudepth,no_sharing,2.4252,1298.3682,246.1518,4.4934,0.002,48.2899,1048.0244,1052.2164
nyudepth,no_sharing,2.4453,1283.2403,246.1518,4.4934,0.002,48.2899,1027.9043,1037.0885
nyudepth,no_sharing,2.4647,1263.7877,246.1518,4.4934,0.002,48.2899,1008.445,1017.636
nyudepth,no_sharing,2.4702,1262.9998,246.1518,4.4934,0.002,48.2899,1002.9798,1016.848
nyudepth,no_sharing,2.5293,1203.882,246.1518,4.4934,0.002,48.2899,943.8558,957.7302
nyudepth,no_sharing,2.5935,1387.7282,249.459,4.5198,0.0017,48.947,1134.0003,1138.2692
nyudepth,no_sharing,2.6681,1315.5873,249.459,4.5198,0.0017,48.947,1059.3817,1066.1282
nyudepth,no_sharing,2.9344,1053.8807,249.459,4.5198,0.0017,48.947,793.0827,804.4216
nyudepth,no_sharing,3.0402,948.0612,249.459,4.5198,0.0017,48.947,687.2573,698.6022
nyudepth,no_sharing,3.1218,868.8066,249.459,4.5198,0.0017,48.947,605.6826,619.3476
nyudepth,no_sharing,3.1731,1069.4909,253.8947,4.514,0.0017,49.8305,811.4486,815.5962
nyudepth,no_sharing,3.2035,1041.8184,253.8947,4.514,0.0017,49.8305,781.0705,787.9237
nyudepth,no_sharing,3.2057,1044.265,253.8947,4.514,0.0017,49.8305,778.8351,790.3704
nyudepth,no_sharing,3.2535,996.4969,253.8947,4.514,0.0017,49.8305,731.0603,742.6022
nyudepth,no_sharing,3.2867,965.6501,253.8947,4.514,0.0017,49.8305,697.8786,711.7554
nyudepth,no_sharing,3.3596,1141.464,250.1417,4.4932,0.002,49.0863,886.7581,891.3223
nyudepth,no_sharing,3.4607,1043.6051,250.1417,4.4932,0.002,49.0863,785.6231,793.4634
nyudepth,no_sharing,3.4802,1031.1077,250.1417,4.4932,0.002,49.0863,766.1226,780.966
nyudepth,no_sharing,3.4802,1031.1017,250.1417,4.4932,0.002,49.0863,766.1116,780.96
nyudepth,no_sharing,3.5268,984.5455,250.1417,4.4932,0.002,49.0863,719.5518,734.4038
nyudepth,no_sharing,3.6545,1104.7888,249.2721,4.649,0.0022,48.8816,851.2239,855.5167
nyudepth,no_sharing,3.6953,1068.9425,249.2721,4.649,0.0022,48.8816,810.4386,819.6705
nyudepth,no_sharing,3.8068,957.5446,249.2721,4.649,0.0022,48.8816,698.9346,708.2725
nyudepth,no_sharing,3.84,928.7887,249.2721,4.649,0.0022,48.8816,665.663,679.5166
nyudepth,no_sharing,3.9047,864.1701,249.2721,4.649,0.0022,48.8816,601.0377,614.898
nyudepth,no_sharing,3.9192,1098.8307,251.3881,4.6201,0.0023,49.3111,843.2767,847.4426
nyudepth,no_sharing,3.9261,1096.8208,251.3881,4.6201,0.0023,49.3111,836.3454,845.4328
nyudepth,no_sharing,3.933,1089.9868,251.3881,4.6201,0.0023,49.3111,829.5043,838.5987
nyudepth,no_sharing,3.9395,1088.3217,251.3881,4.6201,0.0023,49.3111,823.0081,836.9336
nyudepth,no_sharing,3.942,1085.8078,251.3881,4.6201,0.0023,49.3111,820.4882,834.4197
nyudepth,no_sharing,4.0277,1249.5291,251.6254,4.6066,0.0021,49.3626,993.5057,997.9037
nyudepth,no_sharing,4.05,1232.157,251.6254,4.6066,0.0021,49.3626,971.2067,980.5315
nyudepth,no_sharing,4.0695,1212.6579,251.6254,4.6066,0.0021,49.3626,951.7009,961.0325
nyudepth,no_sharing,4.1159,1171.1237,251.6254,4.6066,0.0021,49.3626,905.2856,919.4983
nyudepth,no_sharing,4.1266,1160.4829,251.6254,4.6066,0.0021,49.3626,894.6383,908.8574
nyudepth,no_sharing,4.2215,1276.4912,212.0007,4.6508,0.0018,41.4277,1058.5973,1064.4904
nyudepth,no_sharing,4.2861,1226.7001,212.0007,4.6508,0.0018,41.4277,993.9337,1014.6993
nyudepth,no_sharing,4.3021,1210.7501,212.0007,4.6508,0.0018,41.4277,977.9768,998.7494
nyudepth,no_sharing,4.3127,1200.1266,212.0007,4.6508,0.0018,41.4277,967.3495,988.1259
nyudepth,no_sharing,4.3388,1180.7132,212.0007,4.6508,0.0018,41.4277,941.2324,968.7124
nyudepth,no_sharing,4.3544,1322.2842,172.7661,7.6796,0.0019,32.9772,1145.0999,1149.5181
nyudepth,no_sharing,4.3579,1325.125,172.7661,7.6796,0.0019,32.9772,1141.5908,1152.3589
nyudepth,no_sharing,4.3829,1300.1747,172.7661,7.6796,0.0019,32.9772,1116.6344,1127.4086
nyudepth,no_sharing,4.4959,1191.8213,172.7661,7.6796,0.0019,32.9772,1003.6039,1019.0552
nyudepth,no_sharing,4.5461,1141.6326,172.7661,7.6796,0.0019,32.9772,953.4097,968.8665
nyudepth,no_sharing,4.7003,1206.2483,212.1834,4.5493,0.0018,41.4898,979.7509,994.0649
nyudepth,no_sharing,4.8029,1103.6077,212.1834,4.5493,0.0018,41.4898,877.099,891.4243
nyudepth,no_sharing,4.8585,1054.8785,212.1834,4.5493,0.0018,41.4898,821.5463,842.6951
nyudepth,no_sharing,4.9517,961.6528,212.1834,4.5493,0.0018,41.4898,728.3149,749.4694
nyudepth,no_sharing,4.9872,926.1906,212.1834,4.5493,0.0018,41.4898,692.8494,714.0072
nyudepth,no_sharing,5.0421,1081.2171,217.1763,4.5139,0.002,42.4921,859.4422,864.0407
nyudepth,no_sharing,5.0596,1066.5226,217.1763,4.5139,0.002,42.4921,841.943,849.3463
nyudepth,no_sharing,5.0711,1059.8369,217.1763,4.5139,0.002,42.4921,830.4462,842.6606
nyudepth,no_sharing,5.1781,952.8694,217.1763,4.5139,0.002,42.4921,723.4733,735.6931
nyudepth,no_sharing,5.1848,948.493,217.1763,4.5139,0.002,42.4921,716.7747,731.3167
nyudepth,no_sharing,5.1953,1145.9424,209.9867,4.5191,0.0018,41.0527,931.632,935.9557
nyudepth,no_sharing,5.2098,1134.177,209.9867,4.5191,0.0018,41.0527,917.1419,924.1902
nyudepth,no_sharing,5.2582,1090.3471,209.9867,4.5191,0.0018,41.0527,868.6635,880.3603
nyudepth,no_sharing,5.2822,1066.3474,209.9867,4.5191,0.0018,41.0527,844.6581,856.3606
nyudepth,no_sharing,5.3144,1037.1759,209.9867,4.5191,0.0018,41.0527,812.5358,827.1892
nyudepth,no_sharing,5.4216,1173.2261,245.7995,4.5448,0.0017,48.212,923.064,927.4266
nyudepth,no_sharing,5.4984,1099.0441,245.7995,4.5448,0.0017,48.212,846.2596,853.2446
nyudepth,no_sharing,5.5566,1045.79,245.7995,4.5448,0.0017,48.212,787.9908,799.9905
nyudepth,no_sharing,5.566,1036.4873,245.7995,4.5448,0.0017,48.212,778.681,790.6879
nyudepth,no_sharing,5.6247,980.0887,245.7995,4.5448,0.0017,48.212,719.9705,734.2892
nyudepth,no_sharing,5.6473,1207.1772,252.2053,4.5086,0.0017,49.5021,950.8028,954.9719
nyudepth,no_sharing,5.6538,1203.3477,252.2053,4.5086,0.0017,49.5021,944.2775,951.1424
nyudepth,no_sharing,5.6742,1194.7792,252.2053,4.5086,0.0017,49.5021,923.9216,942.5739
nyudepth,no_sharing,5.677,1192.0073,252.2053,4.5086,0.0017,49.5021,921.1388,939.802
nyudepth,no_sharing,5.7228,1146.1599,252.2053,4.5086,0.0017,49.5021,875.2768,893.9546
nyudepth,no_sharing,5.7724,1297.5078,207.5735,4.5782,0.0021,40.5592,1085.3889,1089.9342
nyudepth,no_sharing,5.7873,1287.4124,207.5735,4.5782,0.0021,40.5592,1070.539,1079.8389
nyudepth,no_sharing,5.7891,1285.6147,207.5735,4.5782,0.0021,40.5592,1068.7344,1078.0412
nyudepth,no_sharing,5.9255,1153.9423,207.5735,4.5782,0.0021,40.5592,932.3246,946.3688
nyudepth,no_sharing,5.9663,1113.121,207.5735,4.5782,0.0021,40.5592,891.4974,905.5475
nyudepth,no_sharing,6.0404,1277.6096,240.7766,4.4687,0.0024,47.2214,1032.6109,1036.833
nyudepth,no_sharing,6.0579,1262.6545,240.7766,4.4687,0.0024,47.2214,1015.0454,1021.878
nyudepth,no_sharing,6.1414,1183.9368,240.7766,4.4687,0.0024,47.2214,931.5925,943.1603
nyudepth,no_sharing,6.2239,1101.4609,240.7766,4.4687,0.0024,47.2214,849.1101,860.6844
nyudepth,no_sharing,6.2278,1099.8113,240.7766,4.4687,0.0024,47.2214,845.1235,859.0348
nyudepth,no_sharing,6.4998,1073.1323,246.3615,4.4597,0.0023,48.3413,821.7323,826.7708
nyudepth,no_sharing,6.5344,1043.3066,246.3615,4.4597,0.0023,48.3413,787.2,796.9451
nyudepth,no_sharing,6.6048,972.9078,246.3615,4.4597,0.0023,48.3413,716.7935,726.5463
nyudepth,no_sharing,6.6156,966.6371,246.3615,4.4597,0.0023,48.3413,705.9219,720.2756
nyudepth,no_sharing,6.6642,918.0255,246.3615,4.4597,0.0023,48.3413,657.3043,671.664
nyudepth,no_sharing,6.6789,1153.3606,249.8933,4.6358,0.0021,49.0042,896.8484,903.4673
nyudepth,no_sharing,6.7598,1077.2514,249.8933,4.6358,0.0021,49.0042,815.8784,827.3582
nyudepth,no_sharing,6.7834,1053.7171,249.8933,4.6358,0.0021,49.0042,792.3381,803.8239
nyudepth,no_sharing,6.8215,1020.4325,249.8933,4.6358,0.0021,49.0042,754.1883,770.5392
nyudepth,no_sharing,6.8492,992.7602,249.8933,4.6358,0.0021,49.0042,726.5098,742.8669
nyudepth,no_sharing,6.8861,1201.9272,246.2182,4.6618,0.0025,48.2678,949.4436,955.709
nyudepth,no_sharing,6.9099,1183.5234,246.2182,4.6618,0.0025,48.2678,925.581,937.3053
nyudepth,no_sharing,6.9398,1160.9108,246.2182,4.6618,0.0025,48.2678,895.6997,914.6927
nyudepth,no_sharing,6.9413,1159.4026,246.2182,4.6618,0.0025,48.2678,894.1855,913.1844
nyudepth,no_sharing,7.0216,1079.164,246.2182,4.6618,0.0025,48.2678,813.9424,832.9459
nyudepth,no_sharing,7.1468,1198.2527,247.4145,4.6384,0.0017,48.5126,946.6443,950.8382
nyudepth,no_sharing,7.1756,1171.8607,247.4145,4.6384,0.0017,48.5126,917.7709,924.4462
nyudepth,no_sharing,7.3468,1005.4986,247.4145,4.6384,0.0017,48.5126,746.6598,758.0842
nyudepth,no_sharing,7.3537,998.5936,247.4145,4.6384,0.0017,48.5126,739.7487,751.1791
nyudepth,no_sharing,7.4933,861.2618,247.4145,4.6384,0.0017,48.5126,600.1008,613.8474
nyudepth,no_sharing,7.5118,1090.6734,249.6784,4.6111,0.0017,48.9704,836.7653,840.995
nyudepth,no_sharing,7.5446,1060.2031,249.6784,4.6111,0.0017,48.9704,803.9048,810.5246
nyudepth,no_sharing,7.667,946.106,249.6784,4.6111,0.0017,48.9704,681.5636,696.4275
nyudepth,no_sharing,7.6732,939.8947,249.6784,4.6111,0.0017,48.9704,675.3461,690.2162
nyudepth,no_sharing,7.6838,929.2834,249.6784,4.6111,0.0017,48.9704,664.7308,679.6049
nyudepth,no_sharing,7.7495,1115.3114,254.2583,4.6562,0.0022,49.8767,856.6673,861.0531
nyudepth,no_sharing,7.7993,1068.0745,254.2583,4.6562,0.0022,49.8767,806.8726,813.8161
nyudepth,no_sharing,7.814,1058.1512,254.2583,4.6562,0.0022,49.8767,792.1755,803.8929
nyudepth,no_sharing,7.8372,1034.9975,254.2583,4.6562,0.0022,49.8767,769.016,780.7391
nyudepth,no_sharing,7.8735,1001.004,254.2583,4.6562,0.0022,49.8767,732.7094,746.7457
nyudepth,no_sharing,7.9682,1150.399,246.1344,4.6528,0.0019,48.2531,900.1482,904.2646
nyudepth,no_sharing,7.9864,1134.9583,246.1344,4.6528,0.0019,48.2531,881.9275,888.8239
nyudepth,no_sharing,8.0246,1101.398,246.1344,4.6528,0.0019,48.2531,843.7293,855.2636
nyudepth,no_sharing,8.0418,1084.255,246.1344,4.6528,0.0019,48.2531,826.581,838.1206
nyudepth,no_sharing,8.058,1070.3583,246.1344,4.6528,0.0019,48.2531,810.3774,824.2239
nyudepth,no_sharing,8.1639,1215.9185,253.1361,4.6826,0.0018,49.6444,958.2539,962.7825
nyudepth,no_sharing,8.1916,1193.068,253.1361,4.6826,0.0018,49.6444,930.5129,939.932
nyudepth,no_sharing,8.259,1125.808,253.1361,4.6826,0.0018,49.6444,863.1377,872.6719
nyudepth,no_sharing,8.2737,1115.6456,253.1361,4.6826,0.0018,49.6444,848.397,862.5096
nyudepth,no_sharing,8.2842,1105.1402,253.1361,4.6826,0.0018,49.6444,837.8863,852.0041
nyudepth,no_sharing,8.3398,1297.1442,249.5688,4.6345,0.0023,48.9426,1043.2868,1047.5754
nyudepth,no_sharing,8.4107,1231.2586,249.5688,4.6345,0.0023,48.9426,972.3585,981.6899
nyudepth,no_sharing,8.4585,1183.4562,249.5688,4.6345,0.0023,48.9426,924.5491,933.8874
nyudepth,no_sharing,8.5194,1127.4526,249.5688,4.6345,0.0023,48.9426,863.7018,877.8838
nyudepth,no_sharing,8.5698,1077.0359,249.5688,4.6345,0.0023,48.9426,813.2792,827.4671
nyudepth,no_sharing,8.6232,1272.5341,250.9487,4.6398,0.0021,49.2186,1017.2515,1021.5854
nyudepth,no_sharing,8.7363,1161.9666,250.9487,4.6398,0.0021,49.2186,904.0942,911.0179
nyudepth,no_sharing,8.8776,1025.2945,250.9487,4.6398,0.0021,49.2186,762.8233,774.3458
nyudepth,no_sharing,8.9107,992.2197,250.9487,4.6398,0.0021,49.2186,729.7423,741.271
nyudepth,no_sharing,8.9155,989.7389,250.9487,4.6398,0.0021,49.2186,724.9382,738.7902
nyudepth,no_sharing,8.9856,1166.9526,249.179,4.6447,0.002,48.8631,913.4815,917.7736
nyudepth,no_sharing,9.0281,1129.463,249.179,4.6447,0.002,48.8631,870.9683,880.284
nyudepth,no_sharing,9.1494,1008.1043,249.179,4.6447,0.002,48.8631,749.6028,758.9254
nyudepth,no_sharing,9.2019,960.2721,249.179,4.6447,0.002,48.8631,697.1226,711.0931
nyudepth,no_sharing,9.2089,953.3041,249.179,4.6447,0.002,48.8631,690.1498,704.1251
nyudepth,no_sharing,9.2613,1139.4968,240.3356,4.6279,0.0019,47.1007,894.7473,899.1612
nyudepth,no_sharing,9.2895,1116.6999,240.3356,4.6279,0.0019,47.1007,866.4973,876.3643
nyudepth,no_sharing,9.2952,1111.0096,240.3356,4.6279,0.0019,47.1007,860.7998,870.674
nyudepth,no_sharing,9.3097,1101.1376,240.3356,4.6279,0.0019,47.1007,846.3166,860.802
nyudepth,no_sharing,9.4832,927.6402,240.3356,4.6279,0.0019,47.1007,672.8134,687.3046
nyudepth,no_sharing,9.503,1155.4284,249.7839,4.681,0.002,48.9772,901.49,905.6445
nyudepth,no_sharing,9.5175,1143.4407,249.7839,4.681,0.002,48.9772,886.9834,893.6568
nyudepth,no_sharing,9.5383,1127.4064,249.7839,4.681,0.002,48.9772,866.2033,877.6225
nyudepth,no_sharing,9.642,1023.6502,249.7839,4.681,0.002,48.9772,762.4135,773.8663
nyudepth,no_sharing,9.696,972.0309,249.7839,4.681,0.002,48.9772,708.4579,722.247
nyudepth,no_sharing,9.707,1199.9209,240.6228,4.623,0.0017,47.158,955.0421,959.2981
nyudepth,no_sharing,9.707,1202.4119,240.6228,4.623,0.0017,47.158,955.0307,961.7891
nyudepth,no_sharing,9.7298,1184.6406,240.6228,4.623,0.0017,47.158,932.236,944.0179
nyudepth,no_sharing,9.7376,1181.4361,240.6228,4.623,0.0017,47.158,924.3793,940.8133
nyudepth,no_sharing,9.8398,1079.2561,240.6228,4.623,0.0017,47.158,822.1941,838.6333
nyudepth,no_sharing,9.8448,1314.9025,244.7554,4.6509,0.0018,47.9757,1065.7835,1070.1472
nyudepth,no_sharing,9.8785,1284.4098,244.7554,4.6509,0.0018,47.9757,1032.0606,1039.6544
nyudepth,no_sharing,9.9299,1237.6711,244.7554,4.6509,0.0018,47.9757,980.6969,992.9157
nyudepth,no_sharing,10.0733,1094.2461,244.7554,4.6509,0.0018,47.9757,837.2657,849.4908
nyudepth,no_sharing,10.0882,1081.6751,244.7554,4.6509,0.0018,47.9757,822.3422,836.9197
nyudepth,no_sharing,10.1743,1227.0012,234.1472,4.6522,0.0018,45.8554,988.7073,992.854
nyudepth,no_sharing,10.2132,1190.4442,234.1472,4.6522,0.0018,45.8554,949.8122,956.297
nyudepth,no_sharing,10.2994,1108.8877,234.1472,4.6522,0.0018,45.8554,863.6134,874.7404
nyudepth,no_sharing,10.3168,1091.4912,234.1472,4.6522,0.0018,45.8554,846.2121,857.344
nyudepth,no_sharing,10.3343,1076.3493,234.1472,4.6522,0.0018,45.8554,828.7253,842.202
nyudepth,no_sharing,10.3468,1313.8194,241.0516,4.6337,0.0022,47.2407,1057.8854,1072.7678
nyudepth,no_sharing,10.3983,1262.3305,241.0516,4.6337,0.0022,47.2407,1006.3899,1021.2789
nyudepth,no_sharing,10.4325,1228.1139,241.0516,4.6337,0.0022,47.2407,972.1584,987.0622
nyudepth,no_sharing,10.4748,1190.3818,241.0516,4.6337,0.0022,47.2407,929.8542,949.3301
nyudepth,no_sharing,10.5389,1126.2586,241.0516,4.6337,0.0022,47.2407,865.7255,885.207
nyudepth,no_sharing,10.5964,1320.833,256.3185,4.7354,0.0019,50.2748,1057.0376,1064.5145
nyudepth,no_sharing,10.6483,1285.2738,256.3185,4.7354,0.0019,50.2748,1005.1839,1028.9553
nyudepth,no_sharing,10.7196,1213.9807,256.3185,4.7354,0.0019,50.2748,933.883,957.6622
nyudepth,no_sharing,10.7196,1213.9742,256.3185,4.7354,0.0019,50.2748,933.872,957.6557
nyudepth,no_sharing,10.7956,1138.0119,256.3185,4.7354,0.0019,50.2748,857.9021,881.6934
nyudepth,no_sharing,10.8601,1321.9182,260.1895,4.7874,0.002,51.0387,1057.3153,1061.7287
nyudepth,no_sharing,10.8827,1308.8493,260.1895,4.7874,0.002,51.0387,1034.7464,1048.6598
nyudepth,no_sharing,10.8947,1308.0854,260.1895,4.7874,0.002,51.0387,1022.6719,1047.8959
nyudepth,no_sharing,10.9308,1272.042,260.1895,4.7874,0.002,51.0387,986.5851,1011.8525
nyudepth,no_sharing,11.0308,1172.0724,260.1895,4.7874,0.002,51.0387,886.6074,911.8829
nyudepth,no_sharing,11.047,1398.0622,255.3967,4.8623,0.002,50.0605,1138.4718,1142.6656
nyudepth,no_sharing,11.198,1249.5906,255.3967,4.8623,0.002,50.0605,987.4351,994.194
nyudepth,no_sharing,11.2678,1190.5315,255.3967,4.8623,0.002,50.0605,917.6915,935.1348
nyudepth,no_sharing,11.2877,1170.5582,255.3967,4.8623,0.002,50.0605,897.7122,915.1616
nyudepth,no_sharing,11.5031,955.2324,255.3967,4.8623,0.002,50.0605,682.3821,699.8357
nyudepth,no_sharing,11.5057,1204.9029,254.377,5.3824,0.0017,49.7555,945.8544,950.5259
nyudepth,no_sharing,11.5073,1207.9406,254.377,5.3824,0.0017,49.7555,944.2124,953.5636
nyudepth,no_sharing,11.6016,1127.6155,254.377,5.3824,0.0017,49.7555,849.8569,873.2385
nyudepth,no_sharing,11.6329,1096.4117,254.377,5.3824,0.0017,49.7555,818.6426,842.0347
nyudepth,no_sharing,11.6652,1064.0955,254.377,5.3824,0.0017,49.7555,786.3193,809.7185
nyudepth,no_sharing,11.7607,1218.2577,256.176,4.8236,0.0019,50.2314,953.5282,962.0816
nyudepth,no_sharing,11.8842,1094.7361,256.176,4.8236,0.0019,50.2314,829.9966,838.5601
nyudepth,no_sharing,11.9336,1057.1682,256.176,4.8236,0.0019,50.2314,780.6678,800.9922
nyudepth,no_sharing,12.0317,959.0626,256.176,4.8236,0.0019,50.2314,682.5559,702.8865
nyudepth,no_sharing,12.0821,908.6907,256.176,4.8236,0.0019,50.2314,632.1752,652.5146
nyudepth,no_sharing,12.1068,1130.5506,253.9049,4.6423,0.0025,49.8111,872.1671,876.6458
nyudepth,no_sharing,12.1185,1124.2998,253.9049,4.6423,0.0025,49.8111,860.4476,870.3949
nyudepth,no_sharing,12.2028,1040.0791,253.9049,4.6423,0.0025,49.8111,776.2189,786.1743
nyudepth,no_sharing,12.2951,954.7825,253.9049,4.6423,0.0025,49.8111,683.923,700.8776
nyudepth,no_sharing,12.4283,821.5504,253.9049,4.6423,0.0025,49.8111,550.6852,567.6455
nyudepth,no_sharing,12.4451,1046.8295,246.2778,11.4692,0.0023,46.9178,796.3307,800.5517
nyudepth,no_sharing,12.4951,1009.1908,246.2778,11.4692,0.0023,46.9178,746.3393,762.913
nyudepth,no_sharing,12.5205,983.8028,246.2778,11.4692,0.0023,46.9178,720.9437,737.525
nyudepth,no_sharing,12.6062,898.0558,246.2778,11.4692,0.0023,46.9178,635.1924,651.778
nyudepth,no_sharing,12.617,887.3374,246.2778,11.4692,0.0023,46.9178,624.4705,641.0597
nyudepth,no_sharing,12.6203,1126.6198,246.3456,4.6544,0.0022,48.2933,876.1237,880.2742
nyudepth,no_sharing,12.638,1113.9541,246.3456,4.6544,0.0022,48.2933,858.4561,867.6084
nyudepth,no_sharing,12.6416,1110.2989,246.3456,4.6544,0.0022,48.2933,854.7943,863.9533
nyudepth,no_sharing,12.6648,1091.7332,246.3456,4.6544,0.0022,48.2933,831.6305,845.3876
nyudepth,no_sharing,12.6894,1067.1456,246.3456,4.6544,0.0022,48.2933,807.0371,820.8
nyudepth,no_sharing,12.6963,1307.5151,248.1391,4.6309,0.0018,48.6577,1055.0642,1059.3761
nyudepth,no_sharing,12.8495,1159.339,248.1391,4.6309,0.0018,48.6577,901.9072,911.1999
nyudepth,no_sharing,12.8643,1144.5904,248.1391,4.6309,0.0018,48.6577,887.152,896.4513
nyudepth,no_sharing,12.9243,1089.2313,248.1391,4.6309,0.0018,48.6577,827.0929,841.0922
nyudepth,no_sharing,12.9348,1078.7964,248.1391,4.6309,0.0018,48.6577,816.6518,830.6573
nyudepth,no_sharing,12.9604,1299.732,248.8805,4.643,0.0022,48.8036,1046.6983,1050.8515
nyudepth,no_sharing,12.9642,1300.813,248.8805,4.643,0.0022,48.8036,1042.8739,1051.9325
nyudepth,no_sharing,12.9708,1294.2271,248.8805,4.643,0.0022,48.8036,1036.2799,1045.3466
nyudepth,no_sharing,12.9708,1298.7795,248.8805,4.643,0.0022,48.8036,1036.2706,1049.899
nyudepth,no_sharing,13.0521,1217.4904,248.8805,4.643,0.0022,48.8036,954.9756,968.6099
nyudepth,no_sharing,13.0692,1448.5269,250.175,4.668,0.0023,49.0567,1194.2072,1198.3518
nyudepth,no_sharing,13.1043,1418.4079,250.175,4.668,0.0023,49.0567,1159.1606,1168.2329
nyudepth,no_sharing,13.1479,1374.8441,250.175,4.668,0.0023,49.0567,1115.5901,1124.669
nyudepth,no_sharing,13.1563,1370.9857,250.175,4.668,0.0023,49.0567,1107.1227,1120.8107
nyudepth,no_sharing,13.3033,1223.9749,250.175,4.668,0.0023,49.0567,960.1064,973.7999
nyudepth,no_sharing,13.3303,1443.9008,248.7461,4.6482,0.0018,48.7746,1190.7299,1195.1547
nyudepth,no_sharing,13.3347,1444.8783,248.7461,4.6482,0.0018,48.7746,1186.301,1196.1322
nyudepth,no_sharing,13.3401,1439.4686,248.7461,4.6482,0.0018,48.7746,1180.8832,1190.7225
nyudepth,no_sharing,13.3647,1419.7981,248.7461,4.6482,0.0018,48.7746,1156.378,1171.052
nyudepth,no_sharing,13.3712,1413.2969,248.7461,4.6482,0.0018,48.7746,1149.8716,1164.5508
nyudepth,no_sharing,13.3876,1640.5628,245.2102,4.6314,0.0018,48.0725,1391.1109,1395.3525
nyudepth,no_sharing,13.4239,1609.1168,245.2102,4.6314,0.0018,48.0725,1354.7897,1363.9066
nyudepth,no_sharing,13.4266,1606.4861,245.2102,4.6314,0.0018,48.0725,1352.1526,1361.2758
nyudepth,no_sharing,13.4445,1593.1795,245.2102,4.6314,0.0018,48.0725,1334.2175,1347.9692
nyudepth,no_sharing,13.5227,1515.0111,245.2102,4.6314,0.0018,48.0725,1256.0432,1269.8008
nyudepth,no_sharing,13.5262,1758.7903,247.8892,4.648,0.0019,48.6028,1506.5935,1510.9011
nyudepth,no_sharing,13.5752,1712.1127,247.8892,4.648,0.0019,48.6028,1457.5617,1464.2235
nyudepth,no_sharing,13.5777,1714.4318,247.8892,4.648,0.0019,48.6028,1455.0402,1466.5426
nyudepth,no_sharing,13.712,1580.1477,247.8892,4.648,0.0019,48.6028,1320.7505,1332.2586
nyudepth,no_sharing,13.7244,1570.3235,247.8892,4.648,0.0019,48.6028,1308.3756,1322.4343
nyudepth,no_sharing,13.7376,1803.6215,248.5015,5.0661,0.0022,48.6433,1550.8773,1555.12
nyudepth,no_sharing,13.7913,1752.351,248.5015,5.0661,0.0022,48.6433,1497.2029,1503.8495
nyudepth,no_sharing,13.9042,1644.1817,248.5015,5.0661,0.0022,48.6433,1384.3291,1395.6802
nyudepth,no_sharing,14.0643,1484.026,248.5015,5.0661,0.0022,48.6433,1224.1673,1235.5244
nyudepth,no_sharing,14.133,1417.7587,248.5015,5.0661,0.0022,48.6433,1155.5233,1169.2572
nyudepth,no_sharing,14.2193,1578.3582,247.9078,4.6825,0.0016,48.6008,1326.1969,1330.4503
nyudepth,no_sharing,14.2737,1526.6142,247.9078,4.6825,0.0016,48.6008,1271.8143,1278.7063
nyudepth,no_sharing,14.2842,1520.7744,247.9078,4.6825,0.0016,48.6008,1261.3149,1272.8665
nyudepth,no_sharing,14.342,1462.9838,247.9078,4.6825,0.0016,48.6008,1203.5191,1215.076
nyudepth,no_sharing,14.3495,1457.7849,247.9078,4.6825,0.0016,48.6008,1195.992,1209.877
nyudepth,no_sharing,14.399,1656.5619,249.9018,4.7302,0.0022,48.9871,1402.2596,1406.66
nyudepth,no_sharing,14.4381,1622.4999,249.9018,4.7302,0.0022,48.9871,1363.1949,1372.5981
nyudepth,no_sharing,14.4556,1604.9371,249.9018,4.7302,0.0022,48.9871,1345.6264,1355.0352
nyudepth,no_sharing,14.4916,1576.2558,249.9018,4.7302,0.0022,48.9871,1309.6271,1326.354
nyudepth,no_sharing,14.5374,1530.5135,249.9018,4.7302,0.0022,48.9871,1263.8683,1280.6117
nyudepth,no_sharing,14.5479,1766.6128,250.2517,4.6555,0.0027,49.0744,1511.2302,1516.3611
nyudepth,no_sharing,14.5715,1747.9453,250.2517,4.6555,0.0027,49.0744,1487.6826,1497.6936
nyudepth,no_sharing,14.5898,1729.5797,250.2517,4.6555,0.0027,49.0744,1469.3081,1479.328
nyudepth,no_sharing,14.595,1729.0123,250.2517,4.6555,0.0027,49.0744,1464.1171,1478.7606
nyudepth,no_sharing,14.6103,1713.7661,250.2517,4.6555,0.0027,49.0744,1448.8657,1463.5144
nyudepth,no_sharing,14.6611,1906.6911,246.0928,4.6605,0.002,48.2417,1656.2343,1660.5983
nyudepth,no_sharing,14.7214,1851.7013,246.0928,4.6605,0.002,48.2417,1595.9833,1605.6085
nyudepth,no_sharing,14.7498,1827.1139,246.0928,4.6605,0.002,48.2417,1567.5747,1581.0211
nyudepth,no_sharing,14.7797,1799.6445,246.0928,4.6605,0.002,48.2417,1537.6325,1553.5517
nyudepth,no_sharing,14.7993,1790.7548,246.0928,4.6605,0.002,48.2417,1518.0726,1544.662
nyudepth,no_sharing,14.8592,1966.1989,235.3192,6.241,0.0023,45.7697,1726.4576,1730.8798
nyudepth,no_sharing,14.8788,1948.9269,235.3192,6.241,0.0023,45.7697,1706.847,1713.6078
nyudepth,no_sharing,14.9264,1906.0163,235.3192,6.241,0.0023,45.7697,1659.3125,1670.6972
nyudepth,no_sharing,14.958,1874.4071,235.3192,6.241,0.0023,45.7697,1627.6977,1639.0879
nyudepth,no_sharing,14.9881,1846.6783,235.3192,6.241,0.0023,45.7697,1597.6422,1611.3591
nyudepth,no_sharing,15.1326,1952.5294,249.6314,4.5781,0.0019,48.9671,1696.4779,1702.898
nyudepth,no_sharing,15.2394,1854.5244,249.6314,4.5781,0.0019,48.9671,1589.7148,1604.893
nyudepth,no_sharing,15.2874,1806.5133,249.6314,4.5781,0.0019,48.9671,1541.6968,1556.8819
nyudepth,no_sharing,15.3472,1751.5042,249.6314,4.5781,0.0019,48.9671,1481.8678,1501.8728
nyudepth,no_sharing,15.3547,1744.041,249.6314,4.5781,0.0019,48.9671,1474.3953,1494.4095
nyudepth,no_sharing,15.3775,1975.26,251.8721,7.4833,0.0019,48.833,1714.963,1723.3879
nyudepth,no_sharing,15.4421,1910.6669,251.8721,7.4833,0.0019,48.833,1650.3587,1658.7949
nyudepth,no_sharing,15.4937,1861.5158,251.8721,7.4833,0.0019,48.833,1598.6807,1609.6437
nyudepth,no_sharing,15.5052,1854.6562,251.8721,7.4833,0.0019,48.833,1587.1747,1602.7841
nyudepth,no_sharing,15.6603,1699.6017,251.8721,7.4833,0.0019,48.833,1432.111,1447.7296
nyudepth,no_sharing,15.6619,1944.0598,246.6188,5.8889,0.0018,48.104,1693.1186,1697.441
nyudepth,no_sharing,15.7179,1890.4784,246.6188,5.8889,0.0018,48.104,1637.1558,1643.8596
nyudepth,no_sharing,15.7224,1890.8124,246.6188,5.8889,0.0018,48.104,1632.5874,1644.1936
nyudepth,no_sharing,15.846,1767.2765,246.6188,5.8889,0.0018,48.104,1509.0461,1520.6577
nyudepth,no_sharing,15.8499,1765.7008,246.6188,5.8889,0.0018,48.104,1505.0991,1519.082
nyudepth,no_sharing,15.9277,1936.0952,249.5506,4.548,0.0018,48.9558,1682.0996,1686.5446
nyudepth,no_sharing,15.937,1929.0636,249.5506,4.548,0.0018,48.9558,1672.7214,1679.513
nyudepth,no_sharing,16.1639,1706.9852,249.5506,4.548,0.0018,48.9558,1445.8392,1457.4346
nyudepth,no_sharing,16.1926,1678.3166,249.5506,4.548,0.0018,48.9558,1417.165,1428.766
nyudepth,no_sharing,16.2514,1621.8786,249.5506,4.548,0.0018,48.9558,1358.4056,1372.328
nyudepth,no_sharing,16.2999,1864.1241,291.0219,4.5134,0.0021,57.2589,1567.451,1573.1021
nyudepth,no_sharing,16.3341,1832.2899,291.0219,4.5134,0.0021,57.2589,1533.2165,1541.268
nyudepth,no_sharing,16.4071,1769.0415,291.0219,4.5134,0.0021,57.2589,1460.2885,1478.0196
nyudepth,no_sharing,16.4427,1733.4721,291.0219,4.5134,0.0021,57.2589,1424.7084,1442.4502
nyudepth,no_sharing,16.5794,1605.864,291.0219,4.5134,0.0021,57.2589,1287.9963,1314.8421
nyudepth,no_sharing,16.59,1833.6842,251.3836,4.5933,0.002,49.3131,1577.9469,1582.3006
nyudepth,no_sharing,16.8508,1575.1855,251.3836,4.5933,0.002,49.3131,1317.1,1323.802
nyudepth,no_sharing,16.8923,1538.3606,251.3836,4.5933,0.002,49.3131,1275.6543,1286.977
nyudepth,no_sharing,16.9067,1523.9284,251.3836,4.5933,0.002,49.3131,1261.2169,1272.5448
nyudepth,no_sharing,16.9371,1495.8205,251.3836,4.5933,0.002,49.3131,1230.7947,1244.437
nyudepth,no_sharing,16.9987,1682.6282,249.5635,4.6148,0.0017,48.9511,1428.7341,1433.0647
nyudepth,no_sharing,17.0488,1634.9304,249.5635,4.6148,0.0017,48.9511,1378.6364,1385.3669
nyudepth,no_sharing,17.1532,1535.1489,249.5635,4.6148,0.0017,48.9511,1274.1811,1285.5854
nyudepth,no_sharing,17.2661,1422.3087,249.5635,4.6148,0.0017,48.9511,1161.3362,1172.7452
nyudepth,no_sharing,17.3136,1377.1565,249.5635,4.6148,0.0017,48.9511,1113.8515,1127.593
nyudepth,no_sharing,17.3926,1546.4659,249.7841,4.4856,0.002,49.0186,1292.4328,1296.6818
nyudepth,no_sharing,17.4259,1518.2464,249.7841,4.4856,0.002,49.0186,1259.1772,1268.4623
nyudepth,no_sharing,17.4341,1509.9981,249.7841,4.4856,0.002,49.0186,1250.9217,1260.214
nyudepth,no_sharing,17.4591,1490.0429,249.7841,4.4856,0.002,49.0186,1225.9209,1240.2588
nyudepth,no_sharing,17.4738,1475.3466,249.7841,4.4856,0.002,49.0186,1211.2186,1225.5625
nyudepth,no_sharing,17.5724,1627.9492,253.8571,4.5139,0.002,49.8269,1369.9405,1374.0922
nyudepth,no_sharing,17.5834,1622.3001,253.8571,4.5139,0.002,49.8269,1358.8734,1368.4431
nyudepth,no_sharing,17.6477,1558.0034,253.8571,4.5139,0.002,49.8269,1294.5697,1304.1464
nyudepth,no_sharing,17.7611,1449.3165,253.8571,4.5139,0.002,49.8269,1181.179,1195.4594
nyudepth,no_sharing,17.7678,1442.6315,253.8571,4.5139,0.002,49.8269,1174.489,1188.7744
nyudepth,no_sharing,17.8161,1637.4638,245.5965,4.4987,0.0019,48.1764,1387.4724,1391.8673
nyudepth,no_sharing,17.9457,1512.5716,245.5965,4.4987,0.0019,48.1764,1257.9179,1266.975
nyudepth,no_sharing,17.9723,1485.9436,245.5965,4.4987,0.0019,48.1764,1231.2837,1240.347
nyudepth,no_sharing,17.9977,1466.7659,245.5965,4.4987,0.0019,48.1764,1205.9529,1221.1693
nyudepth,no_sharing,18.0293,1437.4473,245.5965,4.4987,0.0019,48.1764,1174.3176,1191.8508
nyudepth,no_sharing,18.0416,1670.1534,247.5985,5.7545,0.0019,48.3247,1418.0708,1422.5549
nyudepth,no_sharing,18.0486,1665.535,247.5985,5.7545,0.0019,48.3247,1411.0551,1417.9365
nyudepth,no_sharing,18.204,1512.6035,247.5985,5.7545,0.0019,48.3247,1255.7364,1265.005
nyudepth,no_sharing,18.3247,1396.5695,247.5985,5.7545,0.0019,48.3247,1134.9788,1148.971
nyudepth,no_sharing,18.3531,1368.1581,247.5985,5.7545,0.0019,48.3247,1106.5624,1120.5596
nyudepth,no_sharing,18.3695,1600.3728,250.1629,4.7367,0.002,49.0464,1345.7141,1350.2099
nyudepth,no_sharing,18.4445,1527.6811,250.1629,4.7367,0.002,49.0464,1270.6404,1277.5182
nyudepth,no_sharing,18.654,1322.9501,250.1629,4.7367,0.002,49.0464,1061.1672,1072.7872
nyudepth,no_sharing,18.7626,1214.3931,250.1629,4.7367,0.002,49.0464,952.6052,964.2302
nyudepth,no_sharing,18.7872,1192.1046,250.1629,4.7367,0.002,49.0464,927.9721,941.9417
nyudepth,no_sharing,18.8199,1408.0997,249.184,4.7368,0.0017,48.8454,1153.4605,1158.9157
nyudepth,no_sharing,18.8744,1355.9942,249.184,4.7368,0.0017,48.8454,1099.0064,1106.8102
nyudepth,no_sharing,18.9126,1320.1416,249.184,4.7368,0.0017,48.8454,1060.7598,1070.9576
nyudepth,no_sharing,18.9281,1309.2916,249.184,4.7368,0.0017,48.8454,1045.2931,1060.1076
nyudepth,no_sharing,18.9443,1293.1383,249.184,4.7368,0.0017,48.8454,1029.1338,1043.9543
nyudepth,no_sharing,18.999,1484.7212,247.6003,4.7271,0.0017,48.5329,1232.4111,1237.1209
nyudepth,no_sharing,19.1734,1315.1116,247.6003,4.7271,0.0017,48.5329,1057.9622,1067.5113
nyudepth,no_sharing,19.1839,1304.6625,247.6003,4.7271,0.0017,48.5329,1047.5059,1057.0621
nyudepth,no_sharing,19.2428,1250.3679,247.6003,4.7271,0.0017,48.5329,988.5848,1002.7676
nyudepth,no_sharing,19.3735,1119.7228,247.6003,4.7271,0.0017,48.5329,857.9211,872.1225
nyudepth,no_sharing,19.3741,1360.4014,238.5545,4.5827,0.0018,46.7528,1112.6828,1121.8469
nyudepth,no_sharing,19.4016,1332.9601,238.5545,4.5827,0.0018,46.7528,1085.2299,1094.4056
nyudepth,no_sharing,19.4688,1268.3234,238.5545,4.5827,0.0018,46.7528,1017.9789,1029.7689
nyudepth,no_sharing,19.5833,1160.9979,238.5545,4.5827,0.0018,46.7528,903.4917,922.4433
nyudepth,no_sharing,19.7234,1020.9441,238.5545,4.5827,0.0018,46.7528,763.4246,782.3896
nyudepth,no_sharing,19.74,1126.1055,121.1123,4.882,0.0021,23.203,1000.4334,1004.9932
nyudepth,no_sharing,19.7476,1121.2008,121.1123,4.882,0.0021,23.203,992.8434,1000.0885
nyudepth,no_sharing,19.7615,1114.7873,121.1123,4.882,0.0021,23.203,978.9135,993.675
nyudepth,no_sharing,19.8012,1075.1314,121.1123,4.882,0.0021,23.203,939.2502,954.0191
nyudepth,no_sharing,19.816,1060.3309,121.1123,4.882,0.0021,23.203,924.444,939.2185
nyudepth,no_sharing,19.8367,1158.9575,121.7821,4.6069,0.002,23.3929,1032.3327,1037.1754
nyudepth,no_sharing,19.9071,1096.1144,121.7821,4.6069,0.002,23.3929,961.8835,974.3323
nyudepth,no_sharing,19.9077,1095.4869,121.7821,4.6069,0.002,23.3929,961.2484,973.7048
nyudepth,no_sharing,19.9965,1013.2723,121.7821,4.6069,0.002,23.3929,872.5338,891.4902
nyudepth,no_sharing,19.9981,1011.657,121.7821,4.6069,0.002,23.3929,870.9111,889.8749
vocseg,no_sharing,0.0001,341.5289,330.6462,201.7545,0.002,128.597,3.7029,10.8827
vocseg,no_sharing,0.0086,554.6427,215.4537,34.8164,0.0012,36.0902,333.2598,339.1889
vocseg,no_sharing,0.0134,554.9228,215.4537,34.8164,0.0012,36.0902,328.5422,339.4691
vocseg,no_sharing,0.0161,561.2607,215.4537,34.8164,0.0012,36.0902,325.8405,345.807
vocseg,no_sharing,0.0759,501.4212,215.4537,34.8164,0.0012,36.0902,265.9943,285.9675
vocseg,no_sharing,0.1528,426.903,215.4537,34.8164,0.0012,36.0902,189.1069,211.4493
vocseg,no_sharing,0.1736,611.2301,199.4828,5.2905,0.0013,38.8028,402.7481,411.7473
vocseg,no_sharing,0.2415,545.7346,199.4828,5.2905,0.0013,38.8028,334.8727,346.2518
vocseg,no_sharing,0.2499,541.9519,199.4828,5.2905,0.0013,38.8028,326.4346,342.4691
vocseg,no_sharing,0.2996,492.3458,199.4828,5.2905,0.0013,38.8028,276.8228,292.863
vocseg,no_sharing,0.3275,466.9597,199.4828,5.2905,0.0013,38.8028,248.8904,267.4769
vocseg,no_sharing,0.379,648.4537,232.9114,4.5244,0.0012,45.6347,411.3495,415.5423
vocseg,no_sharing,0.55,479.7776,232.9114,4.5244,0.0012,45.6347,240.3471,246.8662
vocseg,no_sharing,0.5868,447.8073,232.9114,4.5244,0.0012,45.6347,203.5713,214.8959
vocseg,no_sharing,0.6489,397.5222,232.9114,4.5244,0.0012,45.6347,141.4018,164.6108
vocseg,no_sharing,0.7026,343.821,232.9114,4.5244,0.0012,45.6347,87.6942,110.9097
vocseg,no_sharing,0.7027,553.5419,220.7167,4.7123,0.0015,43.1583,328.5708,332.8252
vocseg,no_sharing,0.7135,545.0563,220.7167,4.7123,0.0015,43.1583,317.7335,324.3396
vocseg,no_sharing,0.7331,527.7205,220.7167,4.7123,0.0015,43.1583,298.0855,307.0037
vocseg,no_sharing,0.7797,485.7533,220.7167,4.7123,0.0015,43.1583,251.4887,265.0366
vocseg,no_sharing,0.8138,451.7117,220.7167,4.7123,0.0015,43.1583,217.4413,230.9949
vocseg,no_sharing,0.9757,493.5462,203.5636,5.1655,0.0009,39.6296,285.7969,289.9827
vocseg,no_sharing,1.0231,448.4694,203.5636,5.1655,0.0009,39.6296,238.3993,244.9058
vocseg,no_sharing,1.1011,375.0713,203.5636,5.1655,0.0009,39.6296,160.3866,171.5077
vocseg,no_sharing,1.1117,364.4009,203.5636,5.1655,0.0009,39.6296,149.7104,160.8373
vocseg,no_sharing,1.2158,262.6796,203.5636,5.1655,0.0009,39.6296,45.6731,59.116
vocseg,no_sharing,1.2172,506.8693,246.2142,4.5161,0.001,48.2952,256.4971,260.6551
vocseg,no_sharing,1.2454,481.0474,246.2142,4.5161,0.001,48.2952,228.3285,234.8332
vocseg,no_sharing,1.2655,465.523,246.2142,4.5161,0.001,48.2952,208.2016,219.3088
vocseg,no_sharing,1.3406,390.3904,246.2142,4.5161,0.001,48.2952,133.0638,144.1762
vocseg,no_sharing,1.3569,376.4312,246.2142,4.5161,0.001,48.2952,116.8129,130.217
vocseg,no_sharing,1.3872,597.0702,251.136,4.4612,0.0011,49.2912,341.8112,345.9342
vocseg,no_sharing,1.4158,570.7734,251.136,4.4612,0.0011,49.2912,313.1602,319.6374
vocseg,no_sharing,1.4212,570.0684,251.136,4.4612,0.0011,49.2912,307.8094,318.9324
vocseg,no_sharing,1.5257,465.5128,251.136,4.4612,0.0011,49.2912,203.2495,214.3768
vocseg,no_sharing,1.5959,397.6867,251.136,4.4612,0.0011,49.2912,133.0931,146.5507
vocseg,no_sharing,1.5974,650.1408,254.1219,4.5137,0.0013,49.8798,391.7241,396.0189
vocseg,no_sharing,1.6355,614.4152,254.1219,4.5137,0.0013,49.8798,353.6327,360.2933
vocseg,no_sharing,1.6637,590.1332,254.1219,4.5137,0.0013,49.8798,325.4364,336.0113
vocseg,no_sharing,1.6819,576.9382,254.1219,4.5137,0.0013,49.8798,307.2312,322.8163
vocseg,no_sharing,1.7124,548.7742,254.1219,4.5137,0.0013,49.8798,276.7332,294.6524
vocseg,no_sharing,1.7149,799.4943,251.8289,4.5529,0.0012,49.4117,543.5114,547.6654
vocseg,no_sharing,1.7599,756.8531,251.8289,4.5529,0.0012,49.4117,498.503,505.0242
vocseg,no_sharing,1.7625,756.6576,251.8289,4.5529,0.0012,49.4117,495.9843,504.8287
vocseg,no_sharing,1.808,721.3516,251.8289,4.5529,0.0012,49.4117,450.4721,469.5227
vocseg,no_sharing,1.9227,606.5898,251.8289,4.5529,0.0012,49.4117,335.701,354.7609
vocseg,no_sharing,1.9301,842.0959,250.0457,4.8127,0.0013,48.9955,587.8649,592.0501
vocseg,no_sharing,1.9348,839.8535,250.0457,4.8127,0.0013,48.9955,583.1568,589.8078
vocseg,no_sharing,1.9573,822.4137,250.0457,4.8127,0.0013,48.9955,560.7181,572.368
vocseg,no_sharing,2.0232,756.5284,250.0457,4.8127,0.0013,48.9955,494.8268,506.4827
vocseg,no_sharing,2.0883,693.7907,250.0457,4.8127,0.0013,48.9955,429.7385,443.745
vocseg,no_sharing,2.0967,923.9752,240.5333,4.5246,0.0012,47.1574,679.2271,683.4419
vocseg,no_sharing,2.0967,926.3558,240.5333,4.5246,0.0012,47.1574,679.2161,685.8225
vocseg,no_sharing,2.2892,738.5337,240.5333,4.5246,0.0012,47.1574,486.666,498.0004
vocseg,no_sharing,2.3589,668.8671,240.5333,4.5246,0.0012,47.1574,416.9934,428.3338
vocseg,no_sharing,2.4052,624.9483,240.5333,4.5246,0.0012,47.1574,370.7478,384.4149
vocseg,no_sharing,2.4428,836.4916,250.9294,4.5454,0.0014,49.2353,581.4862,585.5622
vocseg,no_sharing,2.5077,774.0421,250.9294,4.5454,0.0014,49.2353,516.5942,523.1127
vocseg,no_sharing,2.555,731.5872,250.9294,4.5454,0.0014,49.2353,469.2991,480.6577
vocseg,no_sharing,2.6357,650.8765,250.9294,4.5454,0.0014,49.2353,388.5825,399.9471
vocseg,no_sharing,2.6734,616.4207,250.9294,4.5454,0.0014,49.2353,350.8356,365.4913
vocseg,no_sharing,2.6757,865.2816,253.9533,4.502,0.0012,49.8478,607.1925,611.3282
vocseg,no_sharing,2.6808,862.8919,253.9533,4.502,0.0012,49.8478,602.0975,608.9386
vocseg,no_sharing,2.7671,781.3468,253.9533,4.502,0.0012,49.8478,515.8234,527.3934
vocseg,no_sharing,2.8142,734.282,253.9533,4.502,0.0012,49.8478,468.7519,480.3287
vocseg,no_sharing,2.8896,661.1981,253.9533,4.502,0.0012,49.8478,393.352,407.2448
vocseg,no_sharing,2.9061,893.5478,251.1319,7.4444,0.0014,48.6955,638.288,642.4159
vocseg,no_sharing,2.9894,812.9044,251.1319,7.4444,0.0014,48.6955,555.0044,561.7725
vocseg,no_sharing,2.9989,807.9438,251.1319,7.4444,0.0014,48.6955,545.5346,556.8119
vocseg,no_sharing,3.1013,705.5073,251.1319,7.4444,0.0014,48.6955,443.0926,454.3754
vocseg,no_sharing,3.1239,685.5316,251.1319,7.4444,0.0014,48.6955,420.4717,434.3997
vocseg,no_sharing,3.2657,796.2127,254.8484,4.5097,0.0013,50.0234,537.2312,541.3643
vocseg,no_sharing,3.2867,777.8065,254.8484,4.5097,0.0013,50.0234,516.2871,522.9581
vocseg,no_sharing,3.3319,737.4907,254.8484,4.5097,0.0013,50.0234,471.0205,482.6423
vocseg,no_sharing,3.5216,547.8249,254.8484,4.5097,0.0013,50.0234,281.3482,292.9765
vocseg,no_sharing,3.5608,511.1108,254.8484,4.5097,0.0013,50.0234,242.1207,256.2624
vocseg,no_sharing,3.7773,545.8696,253.575,4.5317,0.0014,49.7651,288.1255,292.2946
vocseg,no_sharing,3.8126,513.3624,253.575,4.5317,0.0014,49.7651,252.8865,259.7874
vocseg,no_sharing,3.865,465.482,253.575,4.5317,0.0014,49.7651,200.479,211.907
vocseg,no_sharing,3.9491,381.3944,253.575,4.5317,0.0014,49.7651,116.3845,127.8194
vocseg,no_sharing,4.0473,285.4245,253.575,4.5317,0.0014,49.7651,18.1055,31.8495
vocseg,no_sharing,4.1033,479.2593,251.9126,4.5237,0.0013,49.4328,223.2599,227.3467
vocseg,no_sharing,4.1602,424.859,251.9126,4.5237,0.0013,49.4328,166.3635,172.9465
vocseg,no_sharing,4.1809,408.8442,251.9126,4.5237,0.0013,49.4328,145.6354,156.9317
vocseg,no_sharing,4.2664,323.3862,251.9126,4.5237,0.0013,49.4328,60.1709,71.4736
vocseg,no_sharing,4.2946,297.4606,251.9126,4.5237,0.0013,49.4328,31.9178,45.548
vocseg,no_sharing,4.3774,463.0091,250.2042,4.4992,0.0014,49.095,208.617,212.8049
vocseg,no_sharing,4.3865,456.4133,250.2042,4.4992,0.0014,49.095,199.4941,206.209
vocseg,no_sharing,4.4407,406.8012,250.2042,4.4992,0.0014,49.095,145.2487,156.597
vocseg,no_sharing,4.4973,350.281,250.2042,4.4992,0.0014,49.095,88.7232,100.0768
vocseg,no_sharing,4.5354,314.471,250.2042,4.4992,0.0014,49.095,50.5733,64.2668
vocseg,no_sharing,4.5516,551.8575,254.928,4.5284,0.0015,50.0379,292.661,296.9295
vocseg,no_sharing,4.5741,531.9984,254.928,4.5284,0.0015,50.0379,270.1783,277.0704
vocseg,no_sharing,4.5921,518.5111,254.928,4.5284,0.0015,50.0379,252.1188,263.5831
vocseg,no_sharing,4.6086,501.981,254.928,4.5284,0.0015,50.0379,235.5831,247.053
vocseg,no_sharing,4.713,399.9524,254.928,4.5284,0.0015,50.0379,131.2187,145.0244
vocseg,no_sharing,4.851,515.5685,255.1112,4.4966,0.0015,50.0785,256.0387,260.4573
vocseg,no_sharing,4.924,447.8428,255.1112,4.4966,0.0015,50.0785,182.9689,192.7317
vocseg,no_sharing,4.9753,396.6124,255.1112,4.4966,0.0015,50.0785,131.7306,141.5012
vocseg,no_sharing,4.9868,389.6761,255.1112,4.4966,0.0015,50.0785,120.2137,134.5649
vocseg,no_sharing,5.0231,353.3888,255.1112,4.4966,0.0015,50.0785,83.9212,98.2776
vocseg,no_sharing,5.2699,312.3503,208.1106,59.8164,0.002,74.0386,100.0154,104.2397
vocseg,no_sharing,5.3369,247.6509,208.1106,59.8164,0.002,74.0386,32.9623,39.5403
vocseg,no_sharing,5.364,529.8967,306.5341,62.593,0.0019,60.9373,218.8063,223.3626
vocseg,no_sharing,5.4252,471.5333,306.5341,62.593,0.0019,60.9373,157.6302,164.9992
vocseg,no_sharing,5.4787,427.8624,306.5341,62.593,0.0019,60.9373,104.1346,121.3283
vocseg,no_sharing,5.5572,349.2978,306.5341,62.593,0.0019,60.9373,25.5611,42.7637
vocseg,no_sharing,5.6553,353.9209,108.5909,4.3349,0.0011,52.0305,240.9773,245.3301
vocseg,no_sharing,5.7618,249.856,108.5909,4.3349,0.0011,52.0305,134.4085,141.2651
vocseg,no_sharing,5.9554,316.9341,259.3679,60.6328,0.0026,66.1705,52.9175,57.5663
vocseg,no_sharing,5.9663,311.1851,259.3679,60.6328,0.0026,66.1705,42.0463,51.8173
vocseg,no_sharing,5.9925,285.0099,259.3679,60.6328,0.0026,66.1705,15.8653,25.642
vocseg,no_sharing,6.0093,522.6004,254.6586,5.6859,0.0012,49.7449,263.6464,267.9418
vocseg,no_sharing,6.0604,473.9091,254.6586,5.6859,0.0012,49.7449,212.5189,219.2505
vocseg,no_sharing,6.084,452.9541,254.6586,5.6859,0.0012,49.7449,188.889,198.2954
vocseg,no_sharing,6.1207,421.4346,254.6586,5.6859,0.0012,49.7449,152.1943,166.776
vocseg,no_sharing,6.1492,392.9443,254.6586,5.6859,0.0012,49.7449,123.6973,138.2857
vocseg,no_sharing,6.3485,389.1306,196.154,4.9247,0.0013,47.7526,188.5128,192.9766
vocseg,no_sharing,6.3706,369.5793,196.154,4.9247,0.0013,47.7526,166.3694,173.4253
vocseg,no_sharing,6.3882,356.5254,196.154,4.9247,0.0013,47.7526,148.8137,160.3714
vocseg,no_sharing,6.5109,233.8591,196.154,4.9247,0.0013,47.7526,26.1416,37.705
vocseg,no_sharing,6.5284,340.5962,113.7193,4.0217,0.0013,54.7408,211.1495,226.8769
vocseg,no_sharing,6.7024,166.6157,113.7193,4.0217,0.0013,54.7408,37.1611,52.8964
vocseg,no_sharing,6.7939,133.8706,65.507,5.2013,0.0011,60.1061,64.1682,68.3636
vocseg,no_sharing,6.9225,71.9783,64.3027,3.7652,0.0014,60.3487,3.3092,7.6756
vocseg,no_sharing,7.0216,61.8207,55.6952,3.9185,0.0012,51.5528,1.95,6.1255
vocseg,no_sharing,7.0748,76.4198,64.5939,4.2098,0.0013,60.2274,6.9201,11.826
vocseg,no_sharing,7.0835,186.8045,116.5249,4.0935,0.0011,56.1106,65.8865,70.2796
vocseg,no_sharing,7.099,173.7573,116.5249,4.0935,0.0011,56.1106,50.3955,57.2324
vocseg,no_sharing,7.1543,376.02,254.9484,4.5765,0.0013,50.031,116.5504,121.0715
vocseg,no_sharing,7.1543,381.5191,254.9484,4.5765,0.0013,50.031,116.5404,126.5707
vocseg,no_sharing,7.1631,372.6919,254.9484,4.5765,0.0013,50.031,107.7075,117.7435
vocseg,no_sharing,7.2172,323.3356,254.9484,4.5765,0.0013,50.031,53.6261,68.3872
vocseg,no_sharing,7.2209,319.6013,254.9484,4.5765,0.0013,50.031,49.8865,64.6529
vocseg,no_sharing,7.2456,544.415,249.6696,4.4217,0.0011,49.0093,290.4742,294.7454
vocseg,no_sharing,7.4104,381.9318,249.6696,4.4217,0.0011,49.0093,125.6473,132.2622
vocseg,no_sharing,7.4173,379.7314,249.6696,4.4217,0.0011,49.0093,118.7625,130.0618
vocseg,no_sharing,7.4378,359.2465,249.6696,4.4217,0.0011,49.0093,98.2718,109.5769
vocseg,no_sharing,7.5052,294.085,249.6696,4.4217,0.0011,49.0093,30.7844,44.4154
vocseg,no_sharing,7.5823,465.9572,250.2333,4.8151,0.0014,49.0371,211.4778,215.7239
vocseg,no_sharing,7.6696,380.954,250.2333,4.8151,0.0014,49.0371,124.1097,130.7207
vocseg,no_sharing,7.7063,349.3366,250.2333,4.8151,0.0014,49.0371,87.4934,99.1033
vocseg,no_sharing,7.7418,313.7774,250.2333,4.8151,0.0014,49.0371,51.928,63.5442
vocseg,no_sharing,7.7642,293.7357,250.2333,4.8151,0.0014,49.0371,29.5126,43.5024
vocseg,no_sharing,7.8946,417.1615,249.5952,4.5066,0.0012,48.974,158.4506,167.5662
vocseg,no_sharing,7.9234,388.4146,249.5952,4.5066,0.0012,48.974,129.6945,138.8194
vocseg,no_sharing,7.9442,372.3464,249.5952,4.5066,0.0012,48.974,108.861,122.7512
vocseg,no_sharing,7.9478,368.7887,249.5952,4.5066,0.0012,48.974,105.2969,119.1935
vocseg,no_sharing,7.9915,327.4291,249.5952,4.5066,0.0012,48.974,61.5959,77.8338
vocseg,no_sharing,8.016,551.2874,250.4853,4.6218,0.0013,49.1329,296.5548,300.8021
vocseg,no_sharing,8.0263,543.3447,250.4853,4.6218,0.0013,49.1329,286.2048,292.8594
vocseg,no_sharing,8.0735,501.0428,250.4853,4.6218,0.0013,49.1329,239.0158,250.5575
vocseg,no_sharing,8.2084,366.2035,250.4853,4.6218,0.0013,49.1329,104.1696,115.7182
vocseg,no_sharing,8.2431,334.3596,250.4853,4.6218,0.0013,49.1329,69.4551,83.8743
vocseg,no_sharing,8.329,398.4015,152.6342,4.3403,0.0014,49.3692,241.4372,245.7673
vocseg,no_sharing,8.4467,283.263,152.6342,4.3403,0.0014,49.3692,123.7936,130.6288
vocseg,no_sharing,8.5513,180.9568,152.6342,4.3403,0.0014,49.3692,19.1715,28.3226
vocseg,no_sharing,8.6462,285.2283,199.1537,4.3594,0.0013,48.6496,81.892,86.0746
vocseg,no_sharing,8.6548,279.0148,199.1537,4.3594,0.0013,48.6496,73.2598,79.8612
vocseg,no_sharing,8.6853,253.176,199.1537,4.3594,0.0013,48.6496,42.7933,54.0223
vocseg,no_sharing,8.7048,233.6361,199.1537,4.3594,0.0013,48.6496,23.248,34.4825
vocseg,no_sharing,8.8332,271.2436,166.6509,4.2326,0.0014,54.0762,100.3549,104.5927
vocseg,no_sharing,8.8512,255.6098,166.6509,4.2326,0.0014,54.0762,82.3739,88.9589
vocseg,no_sharing,8.8776,231.4703,166.6509,4.2326,0.0014,54.0762,55.9077,64.8195
vocseg,no_sharing,9.0175,247.2825,154.9716,4.2161,0.0011,50.1915,87.3921,92.3109
vocseg,no_sharing,9.066,203.4187,154.9716,4.2161,0.0011,50.1915,38.9342,48.4471
vocseg,no_sharing,9.0766,192.8437,154.9716,4.2161,0.0011,50.1915,28.3539,37.872
vocseg,no_sharing,9.1112,410.4836,252.6768,4.4543,0.0011,49.6042,153.4488,157.8068
vocseg,no_sharing,9.1574,366.7834,252.6768,4.4543,0.0011,49.6042,107.2092,114.1066
vocseg,no_sharing,9.1618,367.0433,252.6768,4.4543,0.0011,49.6042,102.7751,114.3665
vocseg,no_sharing,9.1775,351.3775,252.6768,4.4543,0.0011,49.6042,87.1027,98.7007
vocseg,no_sharing,9.1852,345.9644,252.6768,4.4543,0.0011,49.6042,79.4003,93.2877
vocseg,no_sharing,9.2307,498.9905,200.4069,4.3983,0.0014,48.9515,294.4355,298.5836
vocseg,no_sharing,9.3097,422.6043,200.4069,4.3983,0.0014,48.9515,215.5008,222.1974
vocseg,no_sharing,9.3445,393.0919,200.4069,4.3983,0.0014,48.9515,180.6481,192.685
vocseg,no_sharing,9.4225,315.1214,200.4069,4.3983,0.0014,48.9515,102.6704,114.7145
vocseg,no_sharing,9.5501,438.4933,252.5136,4.483,0.0014,49.5636,181.5882,185.9796
vocseg,no_sharing,9.6298,361.4619,252.5136,4.483,0.0014,49.5636,101.9084,108.9482
vocseg,no_sharing,9.6298,366.0376,252.5136,4.483,0.0014,49.5636,101.8848,113.524
vocseg,no_sharing,9.6705,325.3803,252.5136,4.483,0.0014,49.5636,61.2216,72.8667
vocseg,no_sharing,9.7204,277.7655,252.5136,4.483,0.0014,49.5636,11.3041,25.2519
vocseg,no_sharing,9.7376,512.4185,253.6557,4.4731,0.0015,49.7963,254.4813,258.7628
vocseg,no_sharing,9.7489,503.6643,253.6557,4.4731,0.0015,49.7963,243.2003,250.0085
vocseg,no_sharing,9.7794,477.8707,253.6557,4.4731,0.0015,49.7963,212.6892,224.215
vocseg,no_sharing,9.7841,473.1925,253.6557,4.4731,0.0015,49.7963,208.005,219.5367
vocseg,no_sharing,9.9273,332.3178,253.6557,4.4731,0.0015,49.7963,64.7979,78.6621
vocseg,no_sharing,10.1418,230.9313,114.9606,3.9901,0.0011,55.3856,111.5971,115.9707
vocseg,no_sharing,10.238,137.1222,114.9606,3.9901,0.0011,55.3856,15.4822,22.1616
vocseg,no_sharing,10.2887,241.2589,153.8375,4.2383,0.0014,49.8009,83.0283,87.4214
vocseg,no_sharing,10.3039,230.9694,153.8375,4.2383,0.0014,49.8009,67.884,77.132
vocseg,no_sharing,10.3063,228.524,153.8375,4.2383,0.0014,49.8009,65.4323,74.6865
vocseg,no_sharing,10.4129,238.8902,117.0077,3.9305,0.0015,56.4423,117.3787,121.8825
vocseg,no_sharing,10.4682,185.8275,117.0077,3.9305,0.0015,56.4423,62.042,68.8198
vocseg,no_sharing,10.5747,132.4768,52.4369,3.9495,0.0011,48.3017,75.8979,80.0399
vocseg,no_sharing,10.7083,70.5087,64.8447,3.8006,0.001,60.882,1.2825,5.664
vocseg,no_sharing,10.7083,137.6803,65.427,3.7601,0.0011,61.164,67.9121,72.2533
vocseg,no_sharing,10.7939,120.517,62.2224,3.7328,0.0015,58.3285,49.5543,58.2946
vocseg,no_sharing,10.8892,84.2035,60.6945,4.3425,0.0014,56.1751,19.063,23.5089
vocseg,no_sharing,10.9093,223.0422,117.361,4.1266,0.001,56.5301,61.4846,105.6813
vocseg,no_sharing,10.9202,212.2374,117.361,4.1266,0.001,56.5301,50.6692,94.8764
vocseg,no_sharing,10.9708,230.7389,104.9491,3.939,0.0013,50.4034,120.7554,125.7898
vocseg,no_sharing,11.0395,164.4294,104.9491,3.939,0.0013,50.4034,52.0723,59.4803
vocseg,no_sharing,11.1269,195.3871,117.9274,3.9515,0.0013,56.8929,73.0569,77.4597
vocseg,no_sharing,11.1269,197.8345,117.9274,3.9515,0.0013,56.8929,73.0484,79.9071
vocseg,no_sharing,11.26,129.2388,63.7349,3.9142,0.0013,59.6346,61.1882,65.504
vocseg,no_sharing,11.4106,67.358,61.9148,3.9066,0.0015,57.817,1.2565,5.4432
vocseg,no_sharing,11.4233,227.6368,166.6012,4.1495,0.001,54.0915,52.3396,61.0356
vocseg,no_sharing,11.4349,215.9681,166.6012,4.1495,0.001,54.0915,40.6621,49.3669
vocseg,no_sharing,11.4726,187.9725,166.6012,4.1495,0.001,54.0915,2.9616,21.3713
vocseg,no_sharing,11.509,403.2888,257.4298,4.7622,0.0014,50.49,141.2396,145.859
vocseg,no_sharing,11.5117,405.5216,257.4298,4.7622,0.0014,50.49,138.5024,148.0918
vocseg,no_sharing,11.5462,387.3558,257.4298,4.7622,0.0014,50.49,104.0411,129.926
vocseg,no_sharing,11.5667,366.8008,257.4298,4.7622,0.0014,50.49,83.4763,109.371
vocseg,no_sharing,11.6252,308.3279,257.4298,4.7622,0.0014,50.49,24.991,50.8981
vocseg,no_sharing,11.6978,493.6614,262.0708,4.5148,0.0014,51.4655,218.7016,231.5906
vocseg,no_sharing,11.7136,477.9475,262.0708,4.5148,0.0014,51.4655,202.976,215.8767
vocseg,no_sharing,11.7253,477.5913,262.0708,4.5148,0.0014,51.4655,191.2742,215.5205
vocseg,no_sharing,11.758,444.8721,262.0708,4.5148,0.0014,51.4655,158.5462,182.8014
vocseg,no_sharing,11.8395,363.3862,262.0708,4.5148,0.0014,51.4655,77.0531,101.3154
vocseg,no_sharing,11.909,541.1768,256.675,4.5182,0.0011,50.3888,278.8301,284.5018
vocseg,no_sharing,11.9531,514.2589,256.675,4.5182,0.0011,50.3888,234.689,257.5839
vocseg,no_sharing,11.9548,512.558,256.675,4.5182,0.0011,50.3888,232.9829,255.883
vocseg,no_sharing,11.9832,484.1387,256.675,4.5182,0.0011,50.3888,204.5598,227.4638
vocseg,no_sharing,12.028,439.4143,256.675,4.5182,0.0011,50.3888,159.8318,182.7393
vocseg,no_sharing,12.0463,668.9146,256.0886,4.9213,0.0012,50.1904,406.0817,412.826
vocseg,no_sharing,12.1333,595.9971,256.0886,4.9213,0.0012,50.1904,319.1335,339.9085
vocseg,no_sharing,12.167,562.2938,256.0886,4.9213,0.0012,50.1904,285.4223,306.2052
vocseg,no_sharing,12.203,526.2616,256.0886,4.9213,0.0012,50.1904,249.3823,270.173
vocseg,no_sharing,12.203,528.6469,256.0886,4.9213,0.0012,50.1904,249.3775,272.5584
vocseg,no_sharing,12.2706,720.1986,258.8813,5.3704,0.0014,50.6571,445.9238,461.3173
vocseg,no_sharing,12.2762,714.5748,258.8813,5.3704,0.0014,50.6571,440.2914,455.6935
vocseg,no_sharing,12.2826,714.9382,258.8813,5.3704,0.0014,50.6571,433.8391,456.0569
vocseg,no_sharing,12.3596,637.9893,258.8813,5.3704,0.0014,50.6571,356.8857,379.108
vocseg,no_sharing,12.4674,530.1967,258.8813,5.3704,0.0014,50.6571,249.0878,271.3154
vocseg,no_sharing,12.5058,744.0598,254.5498,4.4724,0.001,49.9756,479.6617,489.51
vocseg,no_sharing,12.6187,635.8061,254.5498,4.4724,0.001,49.9756,366.8127,381.2563
vocseg,no_sharing,12.6945,560.0076,254.5498,4.4724,0.001,49.9756,291.0085,305.4578
vocseg,no_sharing,12.7316,527.6446,254.5498,4.4724,0.001,49.9756,253.8769,273.0949
vocseg,no_sharing,12.7316,527.6294,254.5498,4.4724,0.001,49.9756,253.8557,273.0796
vocseg,no_sharing,12.7316,779.6359,251.6348,4.4845,0.0011,49.3854,523.8481,528.0011
vocseg,no_sharing,12.7383,775.2588,251.6348,4.4845,0.0011,49.3854,517.1287,523.624
vocseg,no_sharing,12.7781,740.1834,251.6348,4.4845,0.0011,49.3854,477.3984,488.5486
vocseg,no_sharing,12.8198,698.4465,251.6348,4.4845,0.0011,49.3854,435.6565,446.8117
vocseg,no_sharing,12.8848,635.8263,251.6348,4.4845,0.0011,49.3854,370.6775,384.1916
vocseg,no_sharing,12.9297,841.0451,249.8353,4.6274,0.0011,48.9977,587.0593,591.2099
vocseg,no_sharing,12.9975,775.7473,249.8353,4.6274,0.0011,48.9977,519.2492,525.912
vocseg,no_sharing,13.0171,760.8211,249.8353,4.6274,0.0011,48.9977,499.6629,510.9858
vocseg,no_sharing,13.0376,740.2916,249.8353,4.6274,0.0011,48.9977,479.1272,490.4563
vocseg,no_sharing,13.0626,717.5777,249.8353,4.6274,0.0011,48.9977,454.1061,467.7424
vocseg,no_sharing,13.0897,946.0611,255.8495,4.5823,0.0012,50.2071,686.1031,690.2116
vocseg,no_sharing,13.1248,913.4181,255.8495,4.5823,0.0012,50.2071,651.0162,657.5685
vocseg,no_sharing,13.1413,901.5739,255.8495,4.5823,0.0012,50.2071,634.4995,645.7244
vocseg,no_sharing,13.2374,805.537,255.8495,4.5823,0.0012,50.2071,538.4569,549.6875
vocseg,no_sharing,13.2883,756.9196,255.8495,4.5823,0.0012,50.2071,487.5054,501.0701
vocseg,no_sharing,13.2959,1004.9582,255.9784,4.5636,0.0012,50.2394,744.8633,748.9797
vocseg,no_sharing,13.3248,978.5843,255.9784,4.5636,0.0012,50.2394,715.9579,722.6058
vocseg,no_sharing,13.4181,889.9381,255.9784,4.5636,0.0012,50.2394,622.6656,633.9597
vocseg,no_sharing,13.4613,846.7627,255.9784,4.5636,0.0012,50.2394,579.4842,590.7842
vocseg,no_sharing,13.4689,841.4321,255.9784,4.5636,0.0012,50.2394,571.8386,585.4536
vocseg,no_sharing,13.4919,1070.3053,253.6751,4.6145,0.0011,49.7687,812.4583,816.6303
vocseg,no_sharing,13.5074,1057.1971,253.6751,4.6145,0.0011,49.7687,797.0035,803.522
vocseg,no_sharing,13.5516,1015.2526,253.6751,4.6145,0.0011,49.7687,752.7502,761.5775
vocseg,no_sharing,13.6052,966.2702,253.6751,4.6145,0.0011,49.7687,699.203,712.5951
vocseg,no_sharing,13.6488,922.6918,253.6751,4.6145,0.0011,49.7687,655.6201,669.0167
vocseg,no_sharing,13.6764,1146.138,251.5641,4.5605,0.001,49.3608,890.3813,894.5738
vocseg,no_sharing,13.7198,1105.3963,251.5641,4.5605,0.001,49.3608,846.9625,853.8321
vocseg,no_sharing,13.726,1103.8251,251.5641,4.5605,0.001,49.3608,840.764,852.261
vocseg,no_sharing,13.865,964.8645,251.5641,4.5605,0.001,49.3608,701.7965,713.3004
vocseg,no_sharing,13.8887,943.4731,251.5641,4.5605,0.001,49.3608,678.0894,691.909
vocseg,no_sharing,13.9397,1146.2154,254.6014,4.6449,0.0013,49.9488,887.4407,891.6141
vocseg,no_sharing,13.9564,1132.2486,254.6014,4.6449,0.0013,49.9488,870.826,877.6473
vocseg,no_sharing,13.9712,1121.958,254.6014,4.6449,0.0013,49.9488,855.9608,867.3566
vocseg,no_sharing,14.0136,1079.6328,254.6014,4.6449,0.0013,49.9488,813.6303,825.0314
vocseg,no_sharing,14.1887,906.785,254.6014,4.6449,0.0013,49.9488,638.4745,652.1836
vocseg,no_sharing,14.2529,1094.281,253.5195,4.5908,0.0011,49.7425,836.4613,840.7615
vocseg,no_sharing,14.3204,1029.3343,253.5195,4.5908,0.0011,49.7425,768.9116,775.8149
vocseg,no_sharing,14.4066,948.0741,253.5195,4.5908,0.0011,49.7425,682.7841,694.5547
vocseg,no_sharing,14.4621,892.5271,253.5195,4.5908,0.0011,49.7425,627.2299,639.0077
vocseg,no_sharing,14.4972,859.9718,253.5195,4.5908,0.0011,49.7425,592.2043,606.4523
vocseg,no_sharing,14.5026,1105.1412,252.6135,4.5628,0.0015,49.5665,848.1712,852.5276
vocseg,no_sharing,14.511,1099.1571,252.6135,4.5628,0.0015,49.5665,839.7181,846.5436
vocseg,no_sharing,14.5729,1041.9095,252.6135,4.5628,0.0015,49.5665,777.8156,789.2959
vocseg,no_sharing,14.5854,1029.4731,252.6135,4.5628,0.0015,49.5665,765.3739,776.8595
vocseg,no_sharing,14.5913,1025.8982,252.6135,4.5628,0.0015,49.5665,759.4833,773.2847
vocseg,no_sharing,14.5947,1274.792,253.1171,4.5857,0.0009,49.6627,1016.6106,1021.6748
vocseg,no_sharing,14.6004,1274.0417,253.1171,4.5857,0.0009,49.6627,1010.8843,1020.9245
vocseg,no_sharing,14.6049,1269.6116,253.1171,4.5857,0.0009,49.6627,1006.4485,1016.4945
vocseg,no_sharing,14.7117,1167.4373,253.1171,4.5857,0.0009,49.6627,899.5988,914.3202
vocseg,no_sharing,14.7187,1160.4242,253.1171,4.5857,0.0009,49.6627,892.581,907.3071
vocseg,no_sharing,14.7371,1394.8596,255.4197,4.5543,0.0012,50.1301,1135.0009,1139.4399
vocseg,no_sharing,14.7716,1365.4983,255.4197,4.5543,0.0012,50.1301,1100.4391,1110.0786
vocseg,no_sharing,14.7918,1345.3624,255.4197,4.5543,0.0012,50.1301,1080.2965,1089.9428
vocseg,no_sharing,14.8097,1332.0885,255.4197,4.5543,0.0012,50.1301,1062.3446,1076.6688
vocseg,no_sharing,14.8152,1326.607,255.4197,4.5543,0.0012,50.1301,1056.8578,1071.1873
vocseg,no_sharing,14.9726,1421.3793,254.303,4.5635,0.0011,49.909,1162.714,1167.0763
vocseg,no_sharing,15.0778,1321.5046,254.303,4.5635,0.0011,49.909,1057.4646,1067.2016
vocseg,no_sharing,15.1473,1256.7899,254.303,4.5635,0.0011,49.909,988.0109,1002.4869
vocseg,no_sharing,15.1698,1234.2649,254.303,4.5635,0.0011,49.909,965.4801,979.9618
vocseg,no_sharing,15.3298,1076.8249,254.303,4.5635,0.0011,49.909,805.4602,822.5219
vocseg,no_sharing,15.4497,1190.7248,235.355,4.5432,0.0013,46.1206,950.4979,955.3698
vocseg,no_sharing,15.4652,1179.0273,235.355,4.5432,0.0013,46.1206,934.9897,943.6723
vocseg,no_sharing,15.5158,1132.2958,235.355,4.5432,0.0013,46.1206,884.4404,896.9408
vocseg,no_sharing,15.5158,1136.0834,235.355,4.5432,0.0013,46.1206,884.429,900.7283
vocseg,no_sharing,15.6773,978.3282,235.355,4.5432,0.0013,46.1206,722.8534,742.9732
vocseg,no_sharing,15.7619,1152.7126,253.8308,4.5364,0.0014,49.8167,894.3334,898.8818
vocseg,no_sharing,15.7684,1155.4568,253.8308,4.5364,0.0014,49.8167,887.7838,901.626
vocseg,no_sharing,15.8214,1102.499,253.8308,4.5364,0.0014,49.8167,834.82,848.6682
vocseg,no_sharing,15.8485,1075.4328,253.8308,4.5364,0.0014,49.8167,807.7488,821.602
vocseg,no_sharing,15.8523,1073.9014,253.8308,4.5364,0.0014,49.8167,803.8828,820.0707
vocseg,no_sharing,15.8953,1272.1348,244.7555,4.6041,0.0014,47.9874,1023.0556,1027.3793
vocseg,no_sharing,15.911,1258.7235,244.7555,4.6041,0.0014,47.9874,1007.2935,1013.968
vocseg,no_sharing,15.9354,1239.0265,244.7555,4.6041,0.0014,47.9874,982.9261,994.271
vocseg,no_sharing,15.9627,1211.684,244.7555,4.6041,0.0014,47.9874,955.5779,966.9285
vocseg,no_sharing,16.0165,1160.2566,244.7555,4.6041,0.0014,47.9874,901.8168,915.5011
vocseg,no_sharing,16.079,1344.3015,247.9679,4.5459,0.0015,48.6416,1092.0999,1096.3336
vocseg,no_sharing,16.2951,1130.5892,247.9679,4.5459,0.0015,48.6416,875.9665,882.6214
vocseg,no_sharing,16.3107,1120.0297,247.9679,4.5459,0.0015,48.6416,860.4202,872.0618
vocseg,no_sharing,16.3779,1052.8316,247.9679,4.5459,0.0015,48.6416,793.2158,804.8638
vocseg,no_sharing,16.4041,1029.551,247.9679,4.5459,0.0015,48.6416,767.0002,781.5831
vocseg,no_sharing,16.4492,1233.3438,250.9598,4.8711,0.0013,49.1752,977.9785,982.384
vocseg,no_sharing,16.4927,1192.2312,250.9598,4.8711,0.0013,49.1752,934.4771,941.2714
vocseg,no_sharing,16.5901,1099.5777,250.9598,4.8711,0.0013,49.1752,837.1427,848.6179
vocseg,no_sharing,16.7018,987.8242,250.9598,4.8711,0.0013,49.1752,725.3838,736.8644
vocseg,no_sharing,16.7776,914.3858,250.9598,4.8711,0.0013,49.1752,649.6067,663.426
vocseg,no_sharing,16.8004,1142.808,252.469,4.4827,0.0012,49.5567,885.9978,890.3389
vocseg,no_sharing,16.8625,1083.0584,252.469,4.4827,0.0012,49.5567,823.8506,830.5893
vocseg,no_sharing,16.898,1052.47,252.469,4.4827,0.0012,49.5567,788.3415,800.0009
vocseg,no_sharing,16.9262,1024.339,252.469,4.4827,0.0012,49.5567,760.2046,771.8699
vocseg,no_sharing,16.9262,1027.0469,252.469,4.4827,0.0012,49.5567,760.19,774.5779
vocseg,no_sharing,17.0023,1173.8474,215.62,4.6795,0.0014,42.1469,944.6683,958.2275
vocseg,no_sharing,17.094,1082.108,215.62,4.6795,0.0014,42.1469,852.9201,866.488
vocseg,no_sharing,17.1545,1030.7126,215.62,4.6795,0.0014,42.1469,792.4194,815.0926
vocseg,no_sharing,17.2369,948.3504,215.62,4.6795,0.0014,42.1469,710.053,732.7304
vocseg,no_sharing,17.2415,943.7413,215.62,4.6795,0.0014,42.1469,705.44,728.1213
vocseg,no_sharing,17.2415,1198.4766,253.4536,4.3699,0.0019,49.7713,933.192,945.0229
vocseg,no_sharing,17.2452,1194.7982,253.4536,4.3699,0.0019,49.7713,929.508,941.3446
vocseg,no_sharing,17.2616,1178.3819,253.4536,4.3699,0.0019,49.7713,913.0871,924.9283
vocseg,no_sharing,17.384,1060.6232,253.4536,4.3699,0.0019,49.7713,790.6971,807.1696
vocseg,no_sharing,17.4001,1044.5693,253.4536,4.3699,0.0019,49.7713,774.6382,791.1156
vocseg,no_sharing,17.4259,1269.0473,254.667,4.5583,0.0009,49.9769,1010.3259,1014.3803
vocseg,no_sharing,17.4312,1266.0074,254.667,4.5583,0.0009,49.9769,1004.945,1011.3404
vocseg,no_sharing,17.4388,1263.5779,254.667,4.5583,0.0009,49.9769,997.4077,1008.9109
vocseg,no_sharing,17.4534,1248.9486,254.667,4.5583,0.0009,49.9769,982.7731,994.2816
vocseg,no_sharing,17.5465,1158.1483,254.667,4.5583,0.0009,49.9769,889.6353,903.4813
vocseg,no_sharing,17.5759,1381.8138,254.3037,4.5193,0.0016,49.9122,1123.2862,1127.5101
vocseg,no_sharing,17.8014,1158.9212,254.3037,4.5193,0.0016,49.9122,897.7146,904.6176
vocseg,no_sharing,17.8953,1069.5643,254.3037,4.5193,0.0016,49.9122,803.7949,815.2607
vocseg,no_sharing,17.899,1065.9161,254.3037,4.5193,0.0016,49.9122,800.1409,811.6124
vocseg,no_sharing,17.9216,1045.5821,254.3037,4.5193,0.0016,49.9122,777.4942,791.2784
vocseg,no_sharing,18.1383,1084.3368,254.2888,4.5093,0.0014,49.9123,822.8106,830.048
vocseg,no_sharing,18.143,1081.8977,254.2888,4.5093,0.0014,49.9123,818.0392,827.6089
vocseg,no_sharing,18.1963,1034.0478,254.2888,4.5093,0.0014,49.9123,764.7295,779.759
vocseg,no_sharing,18.3444,885.9789,254.2888,4.5093,0.0014,49.9123,616.6544,631.6901
vocseg,no_sharing,18.3638,868.8986,254.2888,4.5093,0.0014,49.9123,597.2519,614.6098
vocseg,no_sharing,18.3721,1110.3294,251.5071,4.8777,0.0015,49.2771,854.4438,858.8223
vocseg,no_sharing,18.4691,1015.6817,251.5071,4.8777,0.0015,49.2771,757.4317,764.1746
vocseg,no_sharing,18.5028,986.6309,251.5071,4.8777,0.0015,49.2771,723.727,735.1238
vocseg,no_sharing,18.5736,915.9148,251.5071,4.8777,0.0015,49.2771,653.0054,664.4076
vocseg,no_sharing,18.6223,869.5393,251.5071,4.8777,0.0015,49.2771,604.2674,618.0321
vocseg,no_sharing,18.6617,1078.2073,249.0744,4.6102,0.0013,48.8477,824.672,829.1329
vocseg,no_sharing,18.6907,1051.7676,249.0744,4.6102,0.0013,48.8477,795.6734,802.6932
vocseg,no_sharing,18.7398,1007.7071,249.0744,4.6102,0.0013,48.8477,746.5916,758.6327
vocseg,no_sharing,18.8326,914.8886,249.0744,4.6102,0.0013,48.8477,653.7609,665.8142
vocseg,no_sharing,18.9051,844.9216,249.0744,4.6102,0.0013,48.8477,581.2914,595.8472
vocseg,no_sharing,18.9442,1060.7061,253.0187,4.7053,0.0017,49.6153,799.5872,807.6874
vocseg,no_sharing,18.9442,1060.7033,253.0187,4.7053,0.0017,49.6153,799.576,807.6846
vocseg,no_sharing,18.9501,1061.8715,253.0187,4.7053,0.0017,49.6153,793.7326,808.8528
vocseg,no_sharing,18.9683,1043.6609,253.0187,4.7053,0.0017,49.6153,775.5148,790.6422
vocseg,no_sharing,19.0195,992.4319,253.0187,4.7053,0.0017,49.6153,724.2806,739.4132
vocseg,no_sharing,19.034,1228.934,253.4969,4.636,0.0016,49.7269,970.9442,975.4371
vocseg,no_sharing,19.1076,1157.7187,253.4969,4.636,0.0016,49.7269,897.347,904.2217
vocseg,no_sharing,19.1583,1111.7358,253.4969,4.636,0.0016,49.7269,846.6933,858.2389
vocseg,no_sharing,19.162,1108.0518,253.4969,4.636,0.0016,49.7269,843.0028,854.5549
vocseg,no_sharing,19.2003,1072.0687,253.4969,4.636,0.0016,49.7269,804.6815,818.5718
vocseg,no_sharing,19.2165,1314.1224,251.8493,4.5999,0.0014,49.4034,1050.4038,1062.2731
vocseg,no_sharing,19.5219,1008.7128,251.8493,4.5999,0.0014,49.4034,744.9846,756.8635
vocseg,no_sharing,19.5426,995.1031,251.8493,4.5999,0.0014,49.4034,724.3347,743.2538
vocseg,no_sharing,19.6071,930.6061,251.8493,4.5999,0.0014,49.4034,659.8239,678.7568
vocseg,no_sharing,19.6526,887.8026,251.8493,4.5999,0.0014,49.4034,614.2712,635.9533
vocseg,no_sharing,19.8411,903.2087,198.2988,4.4185,0.0012,48.4117,694.8619,704.9099
vocseg,no_sharing,19.8417,909.3719,198.2988,4.4185,0.0012,48.4117,694.237,711.073
vocseg,no_sharing,19.8614,889.7648,198.2988,4.4185,0.0012,48.4117,674.6242,691.466
vocseg,no_sharing,19.9081,843.051,198.2988,4.4185,0.0012,48.4117,627.9056,644.7521
