task,t_center,arrival_rps,served_rps,arr_count,srv_count
exchangefore,0.5,6.0,6.0,6.0,6.0
exchangefore,1.5,7.0,5.0,7.0,5.0
exchangefore,2.5,3.0,5.0,3.0,5.0
exchangefore,3.5,2.0,2.0,2.0,2.0
exchangefore,4.5,5.0,5.0,5.0,5.0
exchangefore,5.5,3.0,3.0,3.0,3.0
exchangefore,6.5,8.0,7.0,8.0,7.0
exchangefore,7.5,6.0,7.0,6.0,7.0
exchangefore,8.5,1.0,1.0,1.0,1.0
exchangefore,9.5,5.0,5.0,5.0,5.0
exchangefore,10.5,6.0,6.0,6.0,6.0
exchangefore,11.5,3.0,3.0,3.0,3.0
exchangefore,12.5,9.0,9.0,9.0,9.0
exchangefore,13.5,8.0,7.0,8.0,7.0
exchangefore,14.5,2.0,3.0,2.0,3.0
exchangefore,15.5,4.0,3.0,4.0,3.0
exchangefore,16.5,10.0,11.0,10.0,11.0
exchangefore,17.5,4.0,3.0,4.0,3.0
exchangefore,18.5,12.0,12.0,12.0,12.0
exchangefore,19.5,7.0,8.0,7.0,8.0
exchangefore,20.5,15.0,15.0,15.0,15.0
exchangefore,21.5,11.0,11.0,11.0,11.0
exchangefore,22.5,5.0,5.0,5.0,5.0
exchangefore,23.5,11.0,11.0,11.0,11.0
exchangefore,24.5,6.0,6.0,6.0,6.0
exchangefore,25.5,3.0,2.0,3.0,2.0
exchangefore,26.5,4.0,3.0,4.0,3.0
exchangefore,27.5,6.0,8.0,6.0,8.0
exchangefore,28.5,3.0,3.0,3.0,3.0
exchangefore,29.5,4.0,4.0,4.0,4.0
exchangefore,30.5,7.0,6.0,7.0,6.0
exchangefore,31.5,3.0,3.0,3.0,3.0
exchangefore,32.5,5.0,6.0,5.0,6.0
exchangefore,33.5,5.0,5.0,5.0,5.0
exchangefore,34.5,6.0,6.0,6.0,6.0
exchangefore,35.5,8.0,7.0,8.0,7.0
exchangefore,36.5,5.0,5.0,5.0,5.0
exchangefore,37.5,5.0,6.0,5.0,6.0
exchangefore,38.5,8.0,6.0,8.0,6.0
exchangefore,39.5,4.0,6.0,4.0,6.0
exchangefore,40.5,4.0,3.0,4.0,3.0
exchangefore,41.5,1.0,2.0,1.0,2.0
exchangefore,42.5,5.0,5.0,5.0,5.0
exchangefore,43.5,9.0,8.0,9.0,8.0
exchangefore,44.5,3.0,4.0,3.0,4.0
exchangefore,45.5,6.0,5.0,6.0,5.0
exchangefore,46.5,6.0,7.0,6.0,7.0
exchangefore,47.5,6.0,5.0,6.0,5.0
exchangefore,48.5,9.0,7.0,9.0,7.0
exchangefore,49.5,5.0,7.0,5.0,7.0
exchangefore,50.5,3.0,4.0,3.0,4.0
exchangefore,51.5,9.0,7.0,9.0,7.0
exchangefore,52.5,4.0,4.0,4.0,4.0
exchangefore,53.5,8.0,10.0,8.0,10.0
exchangefore,54.5,7.0,6.0,7.0,6.0
exchangefore,55.5,3.0,4.0,3.0,4.0
exchangefore,56.5,8.0,8.0,8.0,8.0
exchangefore,57.5,1.0,1.0,1.0,1.0
exchangefore,58.5,4.0,2.0,4.0,2.0
exchangefore,59.5,4.0,6.0,4.0,6.0
exchangefore,60.5,7.0,7.0,7.0,7.0
exchangefore,61.5,3.0,3.0,3.0,3.0
exchangefore,62.5,5.0,5.0,5.0,5.0
exchangefore,63.5,7.0,7.0,7.0,7.0
exchangefore,64.5,9.0,9.0,9.0,9.0
exchangefore,65.5,8.0,8.0,8.0,8.0
exchangefore,66.5,6.0,5.0,6.0,5.0
exchangefore,67.5,3.0,4.0,3.0,4.0
exchangefore,68.5,7.0,6.0,7.0,6.0
exchangefore,69.5,8.0,9.0,8.0,9.0
exchangefore,70.5,3.0,2.0,3.0,2.0
exchangefore,71.5,8.0,9.0,8.0,9.0
exchangefore,72.5,2.0,2.0,2.0,2.0
exchangefore,73.5,5.0,5.0,5.0,5.0
exchangefore,74.5,11.0,9.0,11.0,9.0
exchangefore,75.5,6.0,6.0,6.0,6.0
exchangefore,76.5,5.0,6.0,5.0,6.0
exchangefore,77.5,7.0,7.0,7.0,7.0
exchangefore,78.5,4.0,4.0,4.0,4.0
exchangefore,79.5,2.0,3.0,2.0,3.0
exchangefore,80.5,1.0,1.0,1.0,1.0
exchangefore,81.5,5.0,5.0,5.0,5.0
exchangefore,82.5,8.0,8.0,8.0,8.0
exchangefore,83.5,5.0,3.0,5.0,3.0
exchangefore,84.5,6.0,8.0,6.0,8.0
exchangefore,85.5,4.0,3.0,4.0,3.0
exchangefore,86.5,6.0,7.0,6.0,7.0
exchangefore,87.5,7.0,7.0,7.0,7.0
exchangefore,88.5,9.0,9.0,9.0,9.0
exchangefore,89.5,6.0,5.0,6.0,5.0
exchangefore,90.5,2.0,3.0,2.0,3.0
exchangefore,91.5,5.0,4.0,5.0,4.0
exchangefore,92.5,6.0,7.0,6.0,7.0
exchangefore,93.5,1.0,1.0,1.0,1.0
exchangefore,94.5,6.0,6.0,6.0,6.0
exchangefore,95.5,5.0,5.0,5.0,5.0
exchangefore,96.5,12.0,11.0,12.0,11.0
exchangefore,97.5,1.0,2.0,1.0,2.0
exchangefore,98.5,5.0,5.0,5.0,5.0
exchangefore,99.5,4.0,4.0,4.0,4.0
exchangefore,100.5,2.0,2.0,2.0,2.0
exchangefore,101.5,6.0,6.0,6.0,6.0
exchangefore,102.5,3.0,3.0,3.0,3.0
exchangefore,103.5,3.0,3.0,3.0,3.0
exchangefore,104.5,3.0,2.0,3.0,2.0
exchangefore,105.5,3.0,3.0,3.0,3.0
exchangefore,106.5,6.0,7.0,6.0,7.0
exchangefore,107.5,6.0,4.0,6.0,4.0
exchangefore,108.5,5.0,7.0,5.0,7.0
exchangefore,109.5,9.0,8.0,9.0,8.0
exchangefore,110.5,3.0,3.0,3.0,3.0
exchangefore,111.5,5.0,6.0,5.0,6.0
exchangefore,112.5,9.0,8.0,9.0,8.0
exchangefore,113.5,4.0,5.0,4.0,5.0
exchangefore,114.5,4.0,4.0,4.0,4.0
exchangefore,115.5,8.0,8.0,8.0,8.0
exchangefore,116.5,4.0,4.0,4.0,4.0
exchangefore,117.5,5.0,5.0,5.0,5.0
exchangefore,118.5,5.0,5.0,5.0,5.0
exchangefore,119.5,5.0,4.0,5.0,4.0
exchangefore,120.5,0.0,1.0,0.0,1.0
nyudepth,0.5,9.0,9.0,9.0,9.0
nyudepth,1.5,8.0,8.0,8.0,8.0
nyudepth,2.5,4.0,3.0,4.0,3.0
nyudepth,3.5,6.0,7.0,6.0,7.0
nyudepth,4.5,6.0,6.0,6.0,6.0
nyudepth,5.5,7.0,7.0,7.0,7.0
nyudepth,6.5,8.0,8.0,8.0,8.0
nyudepth,7.5,7.0,7.0,7.0,7.0
nyudepth,8.5,6.0,6.0,6.0,6.0
nyudepth,9.5,6.0,6.0,6.0,6.0
nyudepth,10.5,10.0,10.0,10.0,10.0
nyudepth,11.5,13.0,13.0,13.0,13.0
nyudepth,12.5,2.0,2.0,2.0,2.0
nyudepth,13.5,8.0,8.0,8.0,8.0
nyudepth,14.5,5.0,4.0,5.0,4.0
nyudepth,15.5,4.0,5.0,4.0,5.0
nyudepth,16.5,5.0,4.0,5.0,4.0
nyudepth,17.5,2.0,3.0,2.0,3.0
nyudepth,18.5,5.0,5.0,5.0,5.0
nyudepth,19.5,4.0,4.0,4.0,4.0
nyudepth,20.5,3.0,3.0,3.0,3.0
nyudepth,21.5,6.0,6.0,6.0,6.0
nyudepth,22.5,4.0,4.0,4.0,4.0
nyudepth,23.5,5.0,5.0,5.0,5.0
nyudepth,24.5,5.0,5.0,5.0,5.0
nyudepth,25.5,8.0,8.0,8.0,8.0
nyudepth,26.5,5.0,5.0,5.0,5.0
nyudepth,27.5,2.0,2.0,2.0,2.0
nyudepth,28.5,3.0,3.0,3.0,3.0
nyudepth,29.5,9.0,9.0,9.0,9.0
nyudepth,30.5,3.0,3.0,3.0,3.0
nyudepth,31.5,2.0,1.0,2.0,1.0
nyudepth,32.5,4.0,5.0,4.0,5.0
nyudepth,33.5,8.0,7.0,8.0,7.0
nyudepth,34.5,2.0,3.0,2.0,3.0
nyudepth,35.5,6.0,5.0,6.0,5.0
nyudepth,36.5,6.0,7.0,6.0,7.0
nyudepth,37.5,8.0,8.0,8.0,8.0
nyudepth,38.5,7.0,7.0,7.0,7.0
nyudepth,39.5,2.0,2.0,2.0,2.0
nyudepth,40.5,6.0,5.0,6.0,5.0
nyudepth,41.5,4.0,5.0,4.0,5.0
nyudepth,42.5,8.0,8.0,8.0,8.0
nyudepth,43.5,4.0,4.0,4.0,4.0
nyudepth,44.5,3.0,3.0,3.0,3.0
nyudepth,45.5,3.0,3.0,3.0,3.0
nyudepth,46.5,6.0,5.0,6.0,5.0
nyudepth,47.5,5.0,6.0,5.0,6.0
nyudepth,48.5,5.0,5.0,5.0,5.0
nyudepth,49.5,5.0,5.0,5.0,5.0
nyudepth,50.5,8.0,7.0,8.0,7.0
nyudepth,51.5,6.0,7.0,6.0,7.0
nyudepth,52.5,4.0,4.0,4.0,4.0
nyudepth,53.5,5.0,5.0,5.0,5.0
nyudepth,54.5,6.0,5.0,6.0,5.0
nyudepth,55.5,3.0,3.0,3.0,3.0
nyudepth,56.5,6.0,7.0,6.0,7.0
nyudepth,57.5,4.0,4.0,4.0,4.0
nyudepth,58.5,2.0,2.0,2.0,2.0
nyudepth,59.5,5.0,4.0,5.0,4.0
nyudepth,60.5,8.0,8.0,8.0,8.0
nyudepth,61.5,6.0,7.0,6.0,7.0
nyudepth,62.5,6.0,6.0,6.0,6.0
nyudepth,63.5,4.0,4.0,4.0,4.0
nyudepth,64.5,4.0,3.0,4.0,3.0
nyudepth,65.5,2.0,3.0,2.0,3.0
nyudepth,66.5,4.0,3.0,4.0,3.0
nyudepth,67.5,5.0,6.0,5.0,6.0
nyudepth,68.5,5.0,5.0,5.0,5.0
nyudepth,69.5,5.0,5.0,5.0,5.0
nyudepth,70.5,3.0,3.0,3.0,3.0
nyudepth,71.5,4.0,4.0,4.0,4.0
nyudepth,72.5,2.0,2.0,2.0,2.0
nyudepth,73.5,4.0,3.0,4.0,3.0
nyudepth,74.5,10.0,10.0,10.0,10.0
nyudepth,75.5,4.0,5.0,4.0,5.0
nyudepth,76.5,7.0,7.0,7.0,7.0
nyudepth,77.5,6.0,6.0,6.0,6.0
nyudepth,78.5,4.0,4.0,4.0,4.0
nyudepth,79.5,4.0,3.0,4.0,3.0
nyudepth,80.5,2.0,3.0,2.0,3.0
nyudepth,81.5,6.0,6.0,6.0,6.0
nyudepth,82.5,6.0,6.0,6.0,6.0
nyudepth,83.5,4.0,3.0,4.0,3.0
nyudepth,84.5,8.0,9.0,8.0,9.0
nyudepth,85.5,9.0,9.0,9.0,9.0
nyudepth,86.5,7.0,7.0,7.0,7.0
nyudepth,87.5,4.0,4.0,4.0,4.0
nyudepth,88.5,2.0,2.0,2.0,2.0
nyudepth,89.5,8.0,8.0,8.0,8.0
nyudepth,90.5,4.0,4.0,4.0,4.0
nyudepth,91.5,5.0,4.0,5.0,4.0
nyudepth,92.5,5.0,6.0,5.0,6.0
nyudepth,93.5,3.0,3.0,3.0,3.0
nyudepth,94.5,5.0,5.0,5.0,5.0
nyudepth,95.5,4.0,3.0,4.0,3.0
nyudepth,96.5,8.0,9.0,8.0,9.0
nyudepth,97.5,6.0,6.0,6.0,6.0
nyudepth,98.5,6.0,6.0,6.0,6.0
nyudepth,99.5,7.0,7.0,7.0,7.0
nyudepth,100.5,5.0,5.0,5.0,5.0
nyudepth,101.5,7.0,7.0,7.0,7.0
nyudepth,102.5,6.0,6.0,6.0,6.0
nyudepth,103.5,5.0,5.0,5.0,5.0
nyudepth,104.5,5.0,5.0,5.0,5.0
nyudepth,105.5,3.0,3.0,3.0,3.0
nyudepth,106.5,3.0,3.0,3.0,3.0
nyudepth,107.5,5.0,5.0,5.0,5.0
nyudepth,108.5,7.0,5.0,7.0,5.0
nyudepth,109.5,6.0,8.0,6.0,8.0
nyudepth,110.5,6.0,6.0,6.0,6.0
nyudepth,111.5,7.0,7.0,7.0,7.0
nyudepth,112.5,4.0,4.0,4.0,4.0
nyudepth,113.5,3.0,3.0,3.0,3.0
nyudepth,114.5,3.0,3.0,3.0,3.0
nyudepth,115.5,6.0,6.0,6.0,6.0
nyudepth,116.5,2.0,2.0,2.0,2.0
nyudepth,117.5,3.0,3.0,3.0,3.0
nyudepth,118.5,6.0,5.0,6.0,5.0
nyudepth,119.5,3.0,4.0,3.0,4.0
trafficfore,0.5,5.0,5.0,5.0,5.0
trafficfore,1.5,5.0,5.0,5.0,5.0
trafficfore,2.5,3.0,3.0,3.0,3.0
trafficfore,3.5,5.0,5.0,5.0,5.0
trafficfore,4.5,10.0,10.0,10.0,10.0
trafficfore,5.5,9.0,9.0,9.0,9.0
trafficfore,6.5,3.0,3.0,3.0,3.0
trafficfore,7.5,7.0,7.0,7.0,7.0
trafficfore,8.5,4.0,4.0,4.0,4.0
trafficfore,9.5,3.0,3.0,3.0,3.0
trafficfore,10.5,8.0,7.0,8.0,7.0
trafficfore,11.5,5.0,6.0,5.0,6.0
trafficfore,12.5,4.0,4.0,4.0,4.0
trafficfore,13.5,6.0,6.0,6.0,6.0
trafficfore,14.5,5.0,5.0,5.0,5.0
trafficfore,15.5,3.0,3.0,3.0,3.0
trafficfore,16.5,2.0,1.0,2.0,1.0
trafficfore,17.5,3.0,4.0,3.0,4.0
trafficfore,18.5,5.0,5.0,5.0,5.0
trafficfore,19.5,4.0,4.0,4.0,4.0
trafficfore,20.5,5.0,5.0,5.0,5.0
trafficfore,21.5,1.0,0.0,1.0,0.0
trafficfore,22.5,7.0,6.0,7.0,6.0
trafficfore,23.5,5.0,7.0,5.0,7.0
trafficfore,24.5,3.0,3.0,3.0,3.0
trafficfore,25.5,5.0,5.0,5.0,5.0
trafficfore,26.5,6.0,6.0,6.0,6.0
trafficfore,27.5,5.0,5.0,5.0,5.0
trafficfore,28.5,6.0,4.0,6.0,4.0
trafficfore,29.5,6.0,8.0,6.0,8.0
trafficfore,30.5,64.0,34.0,64.0,34.0
trafficfore,31.5,56.0,42.0,56.0,42.0
trafficfore,32.5,41.0,39.0,41.0,39.0
trafficfore,33.5,61.0,37.0,61.0,37.0
trafficfore,34.5,51.0,39.0,51.0,39.0
trafficfore,35.5,46.0,38.0,46.0,38.0
trafficfore,36.5,36.0,37.0,36.0,37.0
trafficfore,37.5,39.0,39.0,39.0,39.0
trafficfore,38.5,48.0,36.0,48.0,36.0
trafficfore,39.5,48.0,39.0,48.0,39.0
trafficfore,40.5,49.0,42.0,49.0,42.0
trafficfore,41.5,47.0,40.0,47.0,40.0
trafficfore,42.5,37.0,40.0,37.0,40.0
trafficfore,43.5,38.0,37.0,38.0,37.0
trafficfore,44.5,44.0,38.0,44.0,38.0
trafficfore,45.5,43.0,40.0,43.0,40.0
trafficfore,46.5,37.0,38.0,37.0,38.0
trafficfore,47.5,47.0,40.0,47.0,40.0
trafficfore,48.5,57.0,35.0,57.0,35.0
trafficfore,49.5,52.0,38.0,52.0,38.0
trafficfore,50.5,61.0,54.0,61.0,54.0
trafficfore,51.5,47.0,62.0,47.0,62.0
trafficfore,52.5,40.0,71.0,40.0,71.0
trafficfore,53.5,62.0,65.0,62.0,65.0
trafficfore,54.5,55.0,63.0,55.0,63.0
trafficfore,55.5,54.0,68.0,54.0,68.0
trafficfore,56.5,41.0,55.0,41.0,55.0
trafficfore,57.5,47.0,59.0,47.0,59.0
trafficfore,58.5,55.0,68.0,55.0,68.0
trafficfore,59.5,54.0,64.0,54.0,64.0
trafficfore,60.5,48.0,63.0,48.0,63.0
trafficfore,61.5,47.0,52.0,47.0,52.0
trafficfore,62.5,54.0,67.0,54.0,67.0
trafficfore,63.5,49.0,68.0,49.0,68.0
trafficfore,64.5,45.0,48.0,45.0,48.0
trafficfore,65.5,35.0,39.0,35.0,39.0
trafficfore,66.5,57.0,45.0,57.0,45.0
trafficfore,67.5,42.0,47.0,42.0,47.0
trafficfore,68.5,50.0,48.0,50.0,48.0
trafficfore,69.5,50.0,52.0,50.0,52.0
trafficfore,70.5,47.0,54.0,47.0,54.0
trafficfore,71.5,42.0,41.0,42.0,41.0
trafficfore,72.5,53.0,47.0,53.0,47.0
trafficfore,73.5,50.0,49.0,50.0,49.0
trafficfore,74.5,52.0,51.0,52.0,51.0
trafficfore,75.5,64.0,59.0,64.0,59.0
trafficfore,76.5,51.0,60.0,51.0,60.0
trafficfore,77.5,45.0,49.0,45.0,49.0
trafficfore,78.5,39.0,35.0,39.0,35.0
trafficfore,79.5,40.0,44.0,40.0,44.0
trafficfore,80.5,54.0,50.0,54.0,50.0
trafficfore,81.5,35.0,36.0,35.0,36.0
trafficfore,82.5,53.0,47.0,53.0,47.0
trafficfore,83.5,55.0,58.0,55.0,58.0
trafficfore,84.5,51.0,47.0,51.0,47.0
trafficfore,85.5,56.0,60.0,56.0,60.0
trafficfore,86.5,54.0,50.0,54.0,50.0
trafficfore,87.5,51.0,58.0,51.0,58.0
trafficfore,88.5,57.0,52.0,57.0,52.0
trafficfore,89.5,36.0,40.0,36.0,40.0
trafficfore,90.5,54.0,55.0,54.0,55.0
trafficfore,91.5,50.0,50.0,50.0,50.0
trafficfore,92.5,41.0,42.0,41.0,42.0
trafficfore,93.5,42.0,41.0,42.0,41.0
trafficfore,94.5,42.0,41.0,42.0,41.0
trafficfore,95.5,48.0,47.0,48.0,47.0
trafficfore,96.5,61.0,51.0,61.0,51.0
trafficfore,97.5,39.0,55.0,39.0,55.0
trafficfore,98.5,49.0,45.0,49.0,45.0
trafficfore,99.5,70.0,56.0,70.0,56.0
trafficfore,100.5,45.0,57.0,45.0,57.0
trafficfore,101.5,47.0,49.0,47.0,49.0
trafficfore,102.5,47.0,47.0,47.0,47.0
trafficfore,103.5,42.0,41.0,42.0,41.0
trafficfore,104.5,53.0,54.0,53.0,54.0
trafficfore,105.5,48.0,41.0,48.0,41.0
trafficfore,106.5,64.0,67.0,64.0,67.0
trafficfore,107.5,49.0,46.0,49.0,46.0
trafficfore,108.5,49.0,56.0,49.0,56.0
trafficfore,109.5,49.0,50.0,49.0,50.0
trafficfore,110.5,56.0,46.0,56.0,46.0
trafficfore,111.5,48.0,58.0,48.0,58.0
trafficfore,112.5,47.0,41.0,47.0,41.0
trafficfore,113.5,54.0,58.0,54.0,58.0
trafficfore,114.5,51.0,54.0,51.0,54.0
trafficfore,115.5,53.0,50.0,53.0,50.0
trafficfore,116.5,51.0,51.0,51.0,51.0
trafficfore,117.5,56.0,51.0,56.0,51.0
trafficfore,118.5,47.0,46.0,47.0,46.0
trafficfore,119.5,53.0,49.0,53.0,49.0
trafficfore,120.5,0.0,16.0,0.0,16.0
