task,tpc_count,concurrency,send_elapsed_sec,complete_elapsed_sec,latency_ms,total_response_time_ms,server_exec_ms,server_proc_ms,server_swap_ms,queue_wait_plus_rpc_ms,non_server_exec_overhead_ms,server_start_ns,worker_id
ecgclass,3,1,0.0,0.3736,373.538,373.538,368.7683,359.0012,0.0029,4.0784,4.7697,1775515975424985608,0
ecgclass,3,1,0.3736,0.4668,93.2302,93.2302,85.6845,83.8205,0.0024,7.0891,7.5457,1775515975801544664,0
ecgclass,3,1,0.4668,0.5576,90.7185,90.7185,84.2534,83.1288,0.0024,5.9605,6.4651,1775515975893656186,0
ecgclass,3,1,0.5576,0.6474,89.817,89.817,84.5051,83.2535,0.0024,4.7607,5.312,1775515975983184839,0
ecgclass,3,1,0.6474,0.7374,89.9692,89.9692,84.7317,83.1118,0.0021,4.7865,5.2375,1775515976073036824,0
ecgclass,3,1,0.7374,0.8286,91.1982,91.1982,84.8983,83.1036,0.0028,5.8398,6.2999,1775515976164066841,0
ecgclass,3,1,0.8286,0.9178,89.2563,89.2563,84.297,83.1953,0.0024,4.4954,4.9593,1775515976253928678,0
ecgclass,3,1,0.9178,1.0089,91.0857,91.0857,84.3818,83.2282,0.0018,6.2706,6.7039,1775515976344968964,0
ecgclass,3,1,1.0089,1.1008,91.8932,91.8932,84.3561,83.2001,0.002,7.1018,7.5371,1775515976436894259,0
ecgclass,3,1,1.1008,1.1922,91.4128,91.4128,84.6806,83.098,0.0036,6.0985,6.7321,1775515976527790770,0
ecgclass,3,1,1.1923,1.2855,93.2491,93.2491,85.178,83.5626,0.0045,7.3755,8.0711,1775515976620491347,0
ecgclass,3,1,1.2855,1.3757,90.2147,90.2147,85.0244,83.4421,0.0048,4.5347,5.1903,1775515976710910227,0
ecgclass,3,1,1.3757,1.466,90.2684,90.2684,84.7741,83.446,0.0023,5.0457,5.4942,1775515976801646721,0
ecgclass,3,1,1.466,1.5555,89.4969,89.4969,84.1808,83.1192,0.0021,4.8616,5.3161,1775515976891740708,0
ecgclass,3,1,1.5555,1.6472,91.691,91.691,84.834,83.6135,0.0029,6.3787,6.8571,1775515976982761443,0
ecgclass,3,1,1.6472,1.7363,89.0481,89.0481,84.2342,83.205,0.0019,4.4119,4.8139,1775515977072493565,0
ecgclass,3,1,1.7363,1.8271,90.8184,90.8184,84.2422,83.1759,0.0023,6.1324,6.5762,1775515977163268390,0
ecgclass,3,1,1.8271,1.9168,89.6928,89.6928,84.22,83.2067,0.0023,5.0356,5.4728,1775515977252996801,0
ecgclass,3,1,1.9168,2.0103,93.4999,93.4999,84.1859,83.173,0.0022,8.8902,9.314,1775515977346550935,0
ecgclass,3,1,2.0103,2.1028,92.5269,92.5269,84.6463,83.4174,0.0026,7.4353,7.8806,1775515977438602895,0
ecgclass,3,1,2.1028,2.1974,94.532,94.532,84.5608,83.1901,0.0037,9.3129,9.9712,1775515977533015595,0
ecgclass,3,1,2.1974,2.2883,90.8697,90.8697,84.4218,83.2604,0.0027,5.9376,6.4478,1775515977624182578,0
ecgclass,3,1,2.2883,2.3783,90.0223,90.0223,84.5472,83.1503,0.0033,4.8521,5.4751,1775515977713976671,0
ecgclass,3,1,2.3783,2.4695,91.2449,91.2449,84.4244,83.2573,0.0025,6.2702,6.8205,1775515977805428306,0
ecgclass,3,1,2.4695,2.5628,93.2024,93.2024,84.9213,83.4154,0.0043,7.5831,8.2811,1775515977897995548,0
ecgclass,3,1,2.5628,2.6538,91.0287,91.0287,84.4307,83.3067,0.0026,6.0956,6.598,1775515977989721093,0
ecgclass,3,1,2.6538,2.7448,90.9777,90.9777,84.6633,83.2048,0.0024,5.8386,6.3143,1775515978080503309,0
ecgclass,3,1,2.7448,2.8341,89.2735,89.2735,84.2457,83.1294,0.0022,4.5187,5.0277,1775515978170170298,0
ecgclass,3,1,2.8341,2.9248,90.7178,90.7178,84.2762,83.1473,0.0026,5.9164,6.4416,1775515978260851429,0
ecgclass,3,1,2.9248,3.0169,92.1376,92.1376,84.4372,83.2597,0.003,7.2672,7.7004,1775515978352930140,0
ecgclass,3,1,3.0169,3.1073,90.3413,90.3413,84.1246,83.0434,0.0024,5.8098,6.2167,1775515978443618672,0
ecgclass,3,1,3.1073,3.1989,91.567,91.567,84.7246,83.4405,0.0031,6.3343,6.8424,1775515978534492362,0
ecgclass,3,1,3.1989,3.2925,93.6754,93.6754,84.6454,83.275,0.0041,8.4121,9.0299,1775515978628146870,0
ecgclass,3,1,3.2926,3.3854,92.8683,92.8683,84.7055,83.3852,0.0022,7.6375,8.1629,1775515978721057807,0
ecgclass,3,1,3.3854,3.4811,95.6557,95.6557,84.3305,83.1701,0.0022,10.8521,11.3252,1775515978817151009,0
ecgclass,3,1,3.4811,3.5752,94.1148,94.1148,84.3348,83.1882,0.0021,9.3243,9.78,1775515978911288938,0
ecgclass,3,1,3.5752,3.6643,89.0853,89.0853,84.1711,83.1381,0.0022,4.4339,4.9142,1775515979000522298,0
ecgclass,3,1,3.6643,3.7559,91.5658,91.5658,84.9482,83.895,0.0023,6.1233,6.6177,1775515979091305763,0
ecgclass,3,1,3.7559,3.8456,89.7331,89.7331,84.3255,83.1061,0.0031,4.8597,5.4076,1775515979181615729,0
ecgclass,3,1,3.8456,3.9411,95.5012,95.5012,84.7494,83.4493,0.0031,10.2046,10.7517,1775515979276702009,0
ecgclass,3,1,3.9411,4.0324,91.2218,91.2218,84.2547,83.1783,0.002,6.5358,6.9671,1775515979368543750,0
ecgclass,3,1,4.0324,4.1232,90.8678,90.8678,84.5884,83.2931,0.0022,5.7299,6.2793,1775515979458968270,0
ecgclass,3,1,4.1233,4.2128,89.5016,89.5016,84.2477,83.1466,0.0018,4.739,5.2539,1775515979548855748,0
ecgclass,3,1,4.2128,4.3039,91.166,91.166,84.6555,83.2724,0.0037,5.8546,6.5105,1775515979639481127,0
ecgclass,3,1,4.3039,4.3954,91.4452,91.4452,84.8192,83.4697,0.0024,6.0754,6.6261,1775515979730879419,0
ecgclass,3,1,4.3954,4.4886,93.189,93.189,84.2468,83.1585,0.0021,8.4879,8.9422,1775515979824747696,0
ecgclass,3,1,4.4886,4.578,89.3757,89.3757,84.2582,83.1516,0.002,4.5619,5.1176,1775515979914020488,0
ecgclass,3,1,4.578,4.6691,91.1081,91.1081,84.6647,83.1244,0.0022,5.9006,6.4434,1775515980004744831,0
ecgclass,3,1,4.6691,4.7587,89.5572,89.5572,84.2347,83.1379,0.0023,4.8273,5.3225,1775515980094788595,0
ecgclass,3,1,4.7587,4.8497,91.0597,91.0597,84.5776,83.3867,0.0026,5.9783,6.4821,1775515980185504678,0
ecgclass,3,1,4.8497,4.9392,89.504,89.504,84.276,83.1661,0.0026,4.7209,5.228,1775515980275315783,0
ecgclass,3,1,4.9392,5.0302,90.9824,90.9824,84.2793,83.2348,0.002,6.2571,6.7031,1775515980366366030,0
ecgclass,3,1,5.0302,5.1247,94.4667,94.4667,84.7529,83.6839,0.0025,9.2468,9.7137,1775515980460346492,0
ecgclass,3,1,5.1247,5.2151,90.4257,90.4257,84.2815,83.1337,0.0029,5.62,6.1443,1775515980551195311,0
ecgclass,3,1,5.2151,5.305,89.8924,89.8924,84.5121,83.2064,0.0039,4.765,5.3803,1775515980640776185,0
ecgclass,3,1,5.3051,5.3971,92.0823,92.0823,84.5459,83.3521,0.0029,6.9394,7.5364,1775515980732853486,0
ecgclass,3,1,5.3971,5.4867,89.5314,89.5314,84.2866,83.1932,0.0021,4.7615,5.2448,1775515980822766925,0
ecgclass,3,1,5.4867,5.5764,89.7174,89.7174,84.6486,83.1032,0.0022,4.6458,5.0688,1775515980912190603,0
ecgclass,3,1,5.5764,5.6685,92.0551,92.0551,84.3041,83.1885,0.0028,7.2825,7.751,1775515981004553316,0
ecgclass,3,1,5.6685,5.762,93.5547,93.5547,84.3488,83.2291,0.0024,8.6093,9.206,1775515981097943883,0
ecgclass,3,1,5.762,5.8532,91.1601,91.1601,84.2815,83.1396,0.0024,6.3598,6.8786,1775515981189260452,0
ecgclass,3,1,5.8532,5.9443,91.1098,91.1098,84.4073,83.1749,0.0039,6.145,6.7025,1775515981280214354,0
ecgclass,3,1,5.9443,6.0395,95.2122,95.2122,84.3942,83.2345,0.0022,10.3266,10.8181,1775515981375515183,0
ecgclass,3,1,6.0395,6.1305,90.9188,90.9188,84.3503,83.2173,0.0025,6.0861,6.5685,1775515981466496398,0
ecgclass,3,1,6.1305,6.2213,90.8604,90.8604,84.3233,83.2424,0.0027,6.1042,6.537,1775515981557442530,0
ecgclass,3,1,6.2213,6.314,92.6681,92.6681,84.7338,83.4462,0.0023,7.4723,7.9343,1775515981649679528,0
ecgclass,3,1,6.314,6.4074,93.3697,93.3697,84.9116,83.3757,0.0042,7.7362,8.4581,1775515981742620656,0
ecgclass,3,1,6.4074,6.4999,92.545,92.545,84.4988,83.3697,0.0025,7.5312,8.0462,1775515981835796524,0
ecgclass,3,1,6.5,6.5963,96.3821,96.3821,84.9651,83.7811,0.0023,10.9816,11.417,1775515981931802703,0
ecgclass,3,1,6.5964,6.688,91.687,91.687,84.3379,83.1901,0.0027,6.8042,7.349,1775515982024016900,0
ecgclass,3,1,6.688,6.782,93.9829,93.9829,84.7106,83.4629,0.0025,8.7943,9.2723,1775515982117703700,0
ecgclass,3,1,6.782,6.88,97.934,97.934,85.0848,83.3661,0.0045,12.1582,12.8492,1775515982215059966,0
ecgclass,3,1,6.88,6.9742,94.1861,94.1861,85.0857,83.4879,0.0039,8.4298,9.1004,1775515982309278029,0
ecgclass,3,1,6.9742,7.0643,90.1046,90.1046,84.6056,83.3843,0.0027,4.8592,5.499,1775515982399907228,0
ecgclass,3,1,7.0643,7.1596,95.2721,95.2721,84.6004,83.2669,0.0037,10.042,10.6717,1775515982495207106,0
ecgclass,3,1,7.1596,7.2564,96.7944,96.7944,84.9092,83.5008,0.0043,11.2336,11.8851,1775515982591683965,0
ecgclass,3,1,7.2564,7.3507,94.3198,94.3198,85.0084,83.4262,0.0046,8.652,9.3115,1775515982685906758,0
ecgclass,3,1,7.3507,7.4428,92.0961,92.0961,85.0754,83.4887,0.0047,6.2993,7.0207,1775515982777886285,0
ecgclass,3,1,7.4428,7.5356,92.7637,92.7637,85.0593,83.3195,0.0019,7.257,7.7043,1775515982870950748,0
ecgclass,3,1,7.5356,7.6261,90.5375,90.5375,84.4849,83.3399,0.0022,5.5707,6.0526,1775515982962037867,0
ecgclass,3,1,7.6262,7.717,90.8473,90.8473,84.1559,83.1015,0.0019,6.2659,6.6913,1775515983053279522,0
ecgclass,3,1,7.717,7.8048,87.8334,87.8334,84.6395,83.2731,0.0038,2.6023,3.1939,1775515983140471365,0
ecgclass,3,1,7.8049,7.896,91.0921,91.0921,84.6203,83.3745,0.0039,5.8498,6.4718,1775515983231582955,0
ecgclass,3,1,7.896,7.9885,92.4778,92.4778,84.4811,83.2511,0.0025,7.5202,7.9967,1775515983324355215,0
ecgclass,3,1,7.9885,8.0811,92.6192,92.6192,84.6079,83.4123,0.0027,7.5436,8.0113,1775515983416865815,0
ecgclass,3,1,8.0811,8.1753,94.2559,94.2559,84.5989,83.3382,0.0028,9.1445,9.657,1775515983511095688,0
ecgclass,3,1,8.1754,8.2693,93.914,93.914,84.4646,83.2527,0.0026,8.9855,9.4494,1775515983605201766,0
ecgclass,3,1,8.2693,8.3621,92.7777,92.7777,84.7124,83.2919,0.0034,7.4403,8.0653,1775515983697579309,0
ecgclass,3,1,8.3621,8.4543,92.2613,92.2613,85.1777,83.3076,0.0044,6.4366,7.0836,1775515983789363448,0
ecgclass,3,1,8.4543,8.5493,94.9845,94.9845,84.3985,83.2916,0.0023,10.1616,10.586,1775515983885360516,0
ecgclass,3,1,8.5493,8.6403,90.9591,90.9591,84.3216,83.2554,0.0019,6.1684,6.6375,1775515983976360801,0
ecgclass,3,1,8.6403,8.7348,94.4922,94.4922,84.2918,83.17,0.0033,9.712,10.2004,1775515984070872696,0
ecgclass,3,1,8.7348,8.8262,91.4021,91.4021,84.416,83.2572,0.0025,6.5017,6.986,1775515984162163194,0
ecgclass,3,1,8.8262,8.9204,94.1725,94.1725,84.4743,83.2439,0.0027,9.2344,9.6982,1775515984256307563,0
ecgclass,3,1,8.9204,9.0122,91.8238,91.8238,84.2088,83.1504,0.0023,7.1242,7.615,1775515984348377694,0
ecgclass,3,1,9.0122,9.1015,89.3242,89.3242,84.1214,83.075,0.002,4.7982,5.2029,1775515984437884995,0
ecgclass,3,1,9.1016,9.1899,88.3284,88.3284,84.2262,83.1471,0.0025,3.6318,4.1021,1775515984526050509,0
ecgclass,3,1,9.1899,9.2812,91.2647,91.2647,84.4734,83.3107,0.0027,6.3381,6.7913,1775515984617093226,0
ecgclass,3,1,9.2812,9.3727,91.553,91.553,84.542,83.1621,0.0029,6.4495,7.011,1775515984708477268,0
ecgclass,3,1,9.3727,9.4643,91.5315,91.5315,85.2334,83.8268,0.0033,5.6393,6.2981,1775515984799229242,0
ecgclass,3,1,9.4643,9.5624,98.1576,98.1576,84.6739,83.3729,0.0037,12.8198,13.4838,1775515984897952297,0
ecgclass,3,1,9.5624,9.6521,89.6602,89.6602,84.3747,83.2407,0.0029,4.7889,5.2855,1775515984988089585,0
ecgclass,3,1,9.6521,9.7416,89.5064,89.5064,84.2517,83.1779,0.0019,4.8168,5.2547,1775515985077787915,0
ecgclass,3,1,9.7416,9.8345,92.9189,92.9189,84.402,83.0902,0.0025,8.0047,8.5168,1775515985170491922,0
ecgclass,3,1,9.8346,9.9302,95.67,95.67,84.7292,83.4923,0.0028,10.3955,10.9408,1775515985265809882,0
ecgclass,3,1,9.9302,10.0216,91.3658,91.3658,84.4649,83.2126,0.0028,6.3396,6.9009,1775515985357433463,0
ecgclass,3,1,10.0216,10.1118,90.1494,90.1494,84.4823,83.2362,0.0028,5.0435,5.6671,1775515985447512669,0
ecgclass,3,1,10.1118,10.203,91.2297,91.2297,84.6388,83.462,0.0026,6.1071,6.5909,1775515985538735824,0
ecgclass,3,1,10.203,10.297,94.0223,94.0223,84.8023,83.2355,0.0044,8.5502,9.22,1775515985632417553,0
ecgclass,3,1,10.297,10.3916,94.5823,94.5823,85.1987,83.3142,0.0039,8.7283,9.3837,1775515985726628996,0
ecgclass,3,1,10.3916,10.4873,95.6421,95.6421,84.8912,83.6585,0.0031,10.237,10.7509,1775515985822731008,0
ecgclass,3,1,10.4873,10.5814,94.1184,94.1184,84.4733,83.2442,0.0033,8.9886,9.645,1775515985917134069,0
ecgclass,3,1,10.5814,10.6711,89.7167,89.7167,84.3548,83.1824,0.0024,4.8656,5.3619,1775515986007139352,0
ecgclass,3,1,10.6711,10.7655,94.3222,94.3222,84.3929,83.1115,0.0027,9.4771,9.9293,1775515986101478049,0
ecgclass,3,1,10.7655,10.8556,90.1678,90.1678,84.2253,83.1015,0.0025,5.4569,5.9425,1775515986191789915,0
ecgclass,3,1,10.8556,10.9469,91.248,91.248,84.4315,83.2999,0.0025,6.2859,6.8165,1775515986282796510,0
ecgclass,3,1,10.9469,11.0386,91.6457,91.6457,84.1914,83.1253,0.0018,6.954,7.4543,1775515986374721655,0
ecgclass,3,1,11.0386,11.1309,92.345,92.345,84.4982,83.3971,0.0022,7.3876,7.8468,1775515986466809356,0
ecgclass,3,1,11.1309,11.223,92.0951,92.0951,84.8866,83.3744,0.004,6.5103,7.2085,1775515986558284491,0
ecgclass,3,1,11.223,11.3189,95.8908,95.8908,85.5277,83.3689,0.0049,9.6848,10.363,1775515986653565819,0
ecgclass,3,1,11.3189,11.4099,91.0146,91.0146,84.501,83.3748,0.0024,6.0151,6.5137,1775515986745798497,0
ecgclass,3,1,11.4099,11.5005,90.5635,90.5635,84.2187,83.0823,0.0023,5.9521,6.3448,1775515986836760640,0
ecgclass,3,1,11.5005,11.5927,92.1385,92.1385,84.5778,83.1582,0.0046,6.9072,7.5607,1775515986928287718,0
ecgclass,3,1,11.5927,11.6836,90.9815,90.9815,84.4279,83.2545,0.0027,6.0749,6.5536,1775515987019604406,0
ecgclass,3,1,11.6837,11.7752,91.5277,91.5277,84.9339,83.6928,0.0021,6.1171,6.5938,1775515987110636553,0
ecgclass,3,1,11.7752,11.8703,95.1114,95.1114,84.3231,83.2162,0.0026,10.3085,10.7883,1775515987206365720,0
ecgclass,3,1,11.8703,11.9615,91.1419,91.1419,84.7644,83.5497,0.0022,5.9292,6.3775,1775515987297106314,0
ecgclass,3,1,11.9615,12.0523,90.7972,90.7972,84.1848,83.126,0.002,6.2232,6.6124,1775515987388551228,0
ecgclass,3,1,12.0523,12.1446,92.2959,92.2959,84.5557,83.2986,0.0027,7.2274,7.7402,1775515987480361798,0
ecgclass,3,1,12.1446,12.2389,94.3213,94.3213,84.3426,83.234,0.0026,9.4798,9.9786,1775515987574919565,0
ecgclass,3,1,12.2389,12.333,94.0776,94.0776,86.2858,83.8776,0.0047,6.0451,7.7918,1775515987665815795,0
ecgclass,3,1,12.333,12.4255,92.5257,92.5257,84.9343,83.5849,0.0034,7.0345,7.5915,1775515987760893934,0
ecgclass,3,1,12.4255,12.5174,91.8262,91.8262,84.7627,83.286,0.0044,6.3503,7.0635,1775515987852745956,0
ecgclass,3,1,12.5174,12.612,94.5833,94.5833,85.0466,83.4591,0.0041,8.7621,9.5367,1775515987946994350,0
ecgclass,3,1,12.612,12.7071,95.1271,95.1271,84.8084,83.4785,0.0033,9.6998,10.3187,1775515988042526998,0
ecgclass,3,1,12.7071,12.7985,91.4035,91.4035,84.6844,83.2976,0.0031,6.0127,6.7191,1775515988133976853,0
ecgclass,3,1,12.7985,12.8863,87.7464,87.7464,84.865,83.4202,0.0041,2.1863,2.8814,1775515988221566262,0
ecgclass,3,1,12.8863,12.9797,93.394,93.394,84.7179,83.4256,0.0029,8.1627,8.6762,1775515988315299204,0
ecgclass,3,1,12.9797,13.0707,91.0125,91.0125,84.4178,83.1651,0.0019,6.1255,6.5947,1775515988406665404,0
ecgclass,3,1,13.0707,13.1624,91.6548,91.6548,84.5526,83.3721,0.0022,6.6712,7.1021,1775515988498232524,0
ecgclass,3,1,13.1624,13.2579,95.5729,95.5729,85.2861,83.1809,0.0041,9.6257,10.2868,1775515988592850333,0
ecgclass,3,1,13.2579,13.3545,96.5908,96.5908,84.9003,83.649,0.0032,11.2164,11.6904,1775515988690024402,0
ecgclass,3,1,13.3545,13.4497,95.1636,95.1636,84.291,83.2114,0.0024,10.4647,10.8726,1775515988785874264,0
ecgclass,3,1,13.4497,13.5414,91.7213,91.7213,84.8541,83.4901,0.0036,6.2633,6.8672,1775515988876846378,0
ecgclass,3,1,13.5415,13.6346,93.1792,93.1792,84.9983,83.5693,0.0041,7.5889,8.1809,1775515988969904571,0
ecgclass,3,1,13.6346,13.7303,95.6585,95.6585,84.5338,83.3646,0.0024,10.5054,11.1248,1775515989066011964,0
ecgclass,3,1,13.7303,13.821,90.6961,90.6961,84.2324,83.1568,0.0023,6.0179,6.4637,1775515989157192897,0
ecgclass,3,1,13.821,13.9117,90.6825,90.6825,84.1802,83.069,0.0026,6.0184,6.5023,1775515989247898199,0
ecgclass,3,1,13.9117,14.0029,91.1529,91.1529,84.2762,83.1956,0.0023,6.4569,6.8767,1775515989339028790,0
ecgclass,3,1,14.0029,14.0934,90.5068,90.5068,84.1776,83.0791,0.0023,5.877,6.3292,1775515989429612987,0
ecgclass,3,1,14.0934,14.189,95.5706,95.5706,85.1573,83.4474,0.003,9.9323,10.4132,1775515989524183695,0
ecgclass,3,1,14.189,14.2803,91.3577,91.3577,84.7738,83.6721,0.0025,6.0422,6.5839,1775515989615872679,0
ecgclass,3,1,14.2803,14.3712,90.8716,90.8716,84.1982,83.0905,0.0022,6.1522,6.6733,1775515989707348034,0
ecgclass,3,1,14.3712,14.4655,94.3339,94.3339,84.5671,83.3381,0.0026,9.3272,9.7668,1775515989801404730,0
ecgclass,3,1,14.4656,14.5563,90.7147,90.7147,84.7231,83.5798,0.0021,5.5184,5.9916,1775515989891938895,0
ecgclass,3,1,14.5563,14.6475,91.222,91.222,84.5112,83.3227,0.0021,6.2633,6.7108,1775515989983407480,0
ecgclass,3,1,14.6475,14.7387,91.2178,91.2178,84.5525,83.2529,0.0037,6.0363,6.6653,1775515990074410396,0
ecgclass,3,1,14.7387,14.8298,91.0563,91.0563,84.602,83.3693,0.0025,5.9686,6.4543,1775515990165570527,0
ecgclass,3,1,14.8298,14.9211,91.3339,91.3339,84.3372,83.2351,0.0022,6.4614,6.9967,1775515990257129866,0
ecgclass,3,1,14.9211,15.0123,91.1398,91.1398,84.6719,83.5092,0.002,6.0658,6.4679,1775515990348078289,0
ecgclass,3,1,15.0123,15.1019,89.6068,89.6068,84.136,83.0944,0.0022,5.0361,5.4707,1775515990438197197,0
ecgclass,3,1,15.1019,15.196,94.0924,94.0924,84.9205,83.7372,0.0033,8.6887,9.1718,1775515990531465769,0
ecgclass,3,1,15.196,15.2868,90.8151,90.8151,84.2139,83.1458,0.0022,6.2022,6.6011,1775515990623080570,0
ecgclass,3,1,15.2868,15.3797,92.886,92.886,84.5933,83.365,0.0026,7.7884,8.2926,1775515990715489325,0
ecgclass,3,1,15.3797,15.4708,91.0759,91.0759,84.332,83.2451,0.0023,6.3262,6.7439,1775515990806922499,0
ecgclass,3,1,15.4708,15.562,91.1825,91.1825,84.253,83.2066,0.002,6.4969,6.9294,1775515990898177214,0
ecgclass,3,1,15.562,15.6574,95.3667,95.3667,84.2784,83.1717,0.0021,10.6401,11.0883,1775515990993511584,0
ecgclass,3,1,15.6574,15.7432,85.8536,85.8536,84.5699,83.1688,0.0034,0.6502,1.2836,1775515991078895499,0
ecgclass,3,1,15.7432,15.8335,90.2355,90.2355,84.5207,83.3333,0.0024,5.2106,5.7148,1775515991169320155,0
ecgclass,3,1,15.8335,15.9257,92.2396,92.2396,84.2348,83.111,0.003,7.4914,8.0049,1775515991261846373,0
ecgclass,3,1,15.9257,16.0155,89.7961,89.7961,84.2386,83.1434,0.0022,5.08,5.5575,1775515991351684634,0
ecgclass,3,1,16.0155,16.1084,92.849,92.849,84.7936,83.2023,0.0024,7.5982,8.0554,1775515991444006553,0
ecgclass,3,1,16.1084,16.1996,91.152,91.152,84.5419,83.3767,0.0031,6.1162,6.6101,1775515991535381670,0
ecgclass,3,1,16.1996,16.2917,92.1686,92.1686,84.557,83.2764,0.0025,7.1309,7.6116,1775515991627556373,0
ecgclass,3,1,16.2917,16.3839,92.1488,92.1488,84.9173,83.4746,0.0042,6.5887,7.2314,1775515991719191362,0
ecgclass,3,1,16.3839,16.474,90.0767,90.0767,84.6416,83.3038,0.0038,4.827,5.4351,1775515991809590097,0
ecgclass,3,1,16.474,16.568,94.0483,94.0483,84.4101,83.275,0.0024,9.1798,9.6382,1775515991904029849,0
ecgclass,3,1,16.568,16.6632,95.1359,95.1359,84.6618,83.4401,0.003,9.9847,10.4741,1775515991998893099,0
ecgclass,3,1,16.6632,16.7563,93.0822,93.0822,84.6774,83.2303,0.003,7.7624,8.4048,1775515992091816014,0
ecgclass,3,1,16.7563,16.8478,91.5313,91.5313,84.7235,83.4169,0.0033,6.17,6.8077,1775515992183314757,0
ecgclass,3,1,16.8479,16.942,94.1532,94.1532,84.2965,83.1931,0.0026,9.3744,9.8567,1775515992278096874,0
ecgclass,3,1,16.942,17.0341,92.109,92.109,85.0246,83.3213,0.0031,6.633,7.0844,1775515992369517574,0
ecgclass,3,1,17.0341,17.1254,91.3105,91.3105,84.6684,83.4983,0.0023,6.186,6.6421,1775515992461186974,0
ecgclass,3,1,17.1255,17.214,88.5525,88.5525,84.2354,83.1781,0.0028,3.8564,4.3171,1775515992550175557,0
ecgclass,3,1,17.214,17.3087,94.6925,94.6925,84.4949,83.2474,0.0029,9.7337,10.1976,1775515992644613929,0
ecgclass,3,1,17.3087,17.399,90.2972,90.2972,84.6478,83.2208,0.0036,4.9965,5.6494,1775515992734577065,0
ecgclass,3,1,17.399,17.49,91.0189,91.0189,84.567,83.3056,0.0032,5.9986,6.4519,1775515992825886840,0
ecgclass,3,1,17.4901,17.5797,89.6626,89.6626,84.3284,83.1608,0.0025,4.8325,5.3342,1775515992915750191,0
ecgclass,3,1,17.5797,17.6698,90.0621,90.0621,84.2598,83.1725,0.0025,5.295,5.8024,1775515993005884554,0
ecgclass,3,1,17.6698,17.7616,91.8148,91.8148,84.1975,83.091,0.0021,6.9633,7.6173,1775515993097624138,0
ecgclass,3,1,17.7616,17.8529,91.3222,91.3222,84.8082,83.3096,0.0041,5.8012,6.514,1775515993188286244,0
ecgclass,3,1,17.853,17.9544,101.4125,101.4125,84.7637,83.582,0.003,16.0973,16.6489,1775515993289917070,0
ecgclass,3,1,17.9544,18.0462,91.7954,91.7954,85.1008,83.8976,0.003,6.2115,6.6947,1775515993381453605,0
ecgclass,3,1,18.0462,18.1363,90.1349,90.1349,84.3471,83.2167,0.0027,5.29,5.7877,1775515993472336662,0
ecgclass,3,1,18.1363,18.2278,91.486,91.486,84.6209,83.3927,0.002,6.3739,6.8651,1775515993563564782,0
ecgclass,3,1,18.2278,18.3199,92.0727,92.0727,84.4716,83.2317,0.0031,7.0517,7.6011,1775515993655738035,0
ecgclass,3,1,18.3199,18.4113,91.409,91.409,84.5841,83.3783,0.0028,6.2232,6.8249,1775515993746991967,0
ecgclass,3,1,18.4113,18.5033,91.9445,91.9445,84.4467,83.2572,0.0025,7.0195,7.4978,1775515993839207182,0
ecgclass,3,1,18.5033,18.5947,91.4145,91.4145,84.82,83.6008,0.0025,6.1207,6.5945,1775515993930262465,0
ecgclass,3,1,18.5947,18.6848,90.0698,90.0698,84.2048,83.0655,0.0034,5.4035,5.8649,1775515994020969404,0
ecgclass,3,1,18.6848,18.7755,90.7459,90.7459,84.8937,83.777,0.002,5.4166,5.8522,1775515994111060855,0
ecgclass,3,1,18.7755,18.8716,96.0374,96.0374,84.7798,83.2107,0.0043,10.6044,11.2576,1775515994207003833,0
ecgclass,3,1,18.8716,18.9672,95.6626,95.6626,85.0219,83.3424,0.0027,10.0389,10.6407,1775515994302487360,0
ecgclass,3,1,18.9673,19.059,91.7718,91.7718,84.3966,83.2162,0.0026,6.9375,7.3752,1775515994395059590,0
ecgclass,3,1,19.059,19.1502,91.2046,91.2046,84.4443,83.2329,0.0037,6.238,6.7604,1775515994486141035,0
ecgclass,3,1,19.1503,19.2406,90.3337,90.3337,84.5472,83.2946,0.0036,5.1813,5.7865,1775515994576306820,0
ecgclass,3,1,19.2406,19.3368,96.1585,96.1585,84.763,83.5241,0.0028,10.8914,11.3955,1775515994672362392,0
ecgclass,3,1,19.3368,19.4276,90.8253,90.8253,84.3504,83.1425,0.0033,5.9297,6.475,1775515994763568773,0
ecgclass,3,1,19.4276,19.5186,90.9512,90.9512,84.3329,83.1861,0.0025,6.1309,6.6183,1775515994854605995,0
ecgclass,3,1,19.5186,19.6097,91.1453,91.1453,84.5602,83.3265,0.0021,6.1407,6.5851,1775515994945576955,0
ecgclass,3,1,19.6097,19.7014,91.6789,91.6789,84.5847,83.4782,0.0022,6.654,7.0942,1775515995037244726,0
ecgclass,3,1,19.7014,19.7917,90.3256,90.3256,84.0838,83.0843,0.0027,5.8119,6.2418,1775515995128090400,0
ecgclass,3,1,19.7918,19.8886,96.863,96.863,85.8362,83.7143,0.0046,10.402,11.0269,1775515995223015023,0
ecgclass,3,1,19.8886,19.9801,91.5163,91.5163,84.6461,83.3631,0.0023,6.3467,6.8701,1775515995315832834,0
ecgclass,3,1,19.9801,20.0726,92.4311,92.4311,84.551,83.2729,0.0032,7.3283,7.8801,1775515995408339941,0
ecgclass,3,1,20.0726,20.1652,92.6571,92.6571,84.4272,83.1973,0.0033,7.6947,8.2299,1775515995501147391,0
ecgclass,3,1,20.1653,20.2578,92.5577,92.5577,84.6177,83.2929,0.0039,7.3543,7.94,1775515995593474181,0
ecgclass,3,1,20.2578,20.3477,89.8733,89.8733,84.4181,83.1741,0.0031,4.9016,5.4552,1775515995683590543,0
ecgclass,3,1,20.3477,20.4419,94.2242,94.2242,84.2886,83.1757,0.0022,9.4411,9.9356,1775515995778014484,0
ecgclass,3,1,20.4419,20.5326,90.6401,90.6401,84.7591,83.6056,0.0029,5.4076,5.881,1775515995868215060,0
ecgclass,3,1,20.5326,20.6234,90.7936,90.7936,84.1687,83.0693,0.002,6.187,6.6249,1775515995959644640,0
ecgclass,3,1,20.6234,20.7148,91.4094,91.4094,84.6024,83.3762,0.0021,6.3396,6.807,1775515996050598549,0
ecgclass,3,1,20.7148,20.8093,94.4498,94.4498,85.2939,83.5791,0.0022,8.6823,9.1559,1775515996144359182,0
ecgclass,3,1,20.8093,20.9003,91.0583,91.0583,84.49,83.1369,0.0034,5.9347,6.5682,1775515996236070014,0
ecgclass,3,1,20.9003,20.9971,96.7112,96.7112,84.6533,83.3382,0.0047,11.436,12.0579,1775515996332640619,0
ecgclass,3,1,20.9971,21.0921,94.9917,94.9917,84.3214,83.2007,0.0031,10.2131,10.6702,1775515996428140407,0
ecgclass,3,1,21.0921,21.184,91.917,91.917,84.3379,83.1624,0.0022,7.1218,7.5791,1775515996520050538,0
ecgclass,3,1,21.184,21.2773,93.323,93.323,85.1718,83.6196,0.0036,7.5297,8.1512,1775515996612385587,0
ecgclass,3,1,21.2773,21.3743,97.0023,97.0023,84.7391,83.4231,0.0034,11.5933,12.2631,1775515996709782888,0
ecgclass,3,1,21.3743,21.4654,91.0273,91.0273,84.3653,83.2567,0.0019,6.2091,6.662,1775515996801412057,0
ecgclass,3,1,21.4654,21.5558,90.3916,90.3916,84.2213,83.1342,0.0029,5.7297,6.1703,1775515996891968679,0
ecgclass,3,1,21.5558,21.6522,96.3798,96.3798,84.2713,83.1539,0.0028,11.5879,12.1084,1775515996988228581,0
ecgclass,3,1,21.6522,21.7427,90.5268,90.5268,84.1902,83.1517,0.0027,5.8732,6.3366,1775515997078903307,0
ecgclass,3,1,21.7427,21.8342,91.4593,91.4593,85.0817,83.4281,0.0021,5.9814,6.3776,1775515997169547363,0
ecgclass,3,1,21.8342,21.9239,89.7403,89.7403,84.193,83.0715,0.0035,5.0111,5.5473,1775515997260044212,0
ecgclass,3,1,21.9239,22.0156,91.6836,91.6836,84.6552,83.2156,0.0047,6.3746,7.0284,1775515997351158039,0
ecgclass,3,1,22.0156,22.1111,95.4664,95.4664,84.9618,83.6592,0.0025,9.9785,10.5046,1775515997446456298,0
ecgclass,3,1,22.1111,22.203,91.9001,91.9001,84.8533,83.5172,0.0022,6.552,7.0468,1775515997538505445,0
ecgclass,3,1,22.203,22.2942,91.1601,91.1601,84.5962,83.3021,0.0025,6.0654,6.5639,1775515997629928985,0
ecgclass,3,1,22.2942,22.3855,91.3308,91.3308,84.5304,83.3001,0.0027,6.2723,6.8003,1775515997721305572,0
ecgclass,3,1,22.3855,22.4744,88.8674,88.8674,84.4833,83.1947,0.0026,3.7115,4.3841,1775515997810084497,0
ecgclass,3,1,22.4744,22.5685,94.0812,94.0812,84.8069,83.4185,0.0049,8.6191,9.2743,1775515997903870780,0
ecgclass,3,1,22.5685,22.6612,92.767,92.767,84.6357,83.4266,0.0024,7.6938,8.1313,1775515997997037385,0
ecgclass,3,1,22.6613,22.7563,95.027,95.027,85.1172,83.4196,0.0021,9.4554,9.9098,1775515998091575912,0
ecgclass,3,1,22.7563,22.8483,92.0069,92.0069,84.1961,83.1644,0.0028,7.3733,7.8109,1775515998184529778,0
ecgclass,3,1,22.8483,22.9411,92.813,92.813,84.2743,83.1399,0.0028,8.0042,8.5387,1775515998277176861,0
ecgclass,3,1,22.9411,23.0327,91.5749,91.5749,84.6058,83.2258,0.0037,6.3393,6.9691,1775515998368335380,0
ecgclass,3,1,23.0327,23.1266,93.8389,93.8389,84.6974,83.532,0.0026,8.6656,9.1415,1775515998462247918,0
ecgclass,3,1,23.1266,23.2172,90.6148,90.6148,84.4254,83.2281,0.0023,5.6813,6.1894,1775515998553112884,0
ecgclass,3,1,23.2172,23.3069,89.6845,89.6845,84.176,83.099,0.0023,4.9994,5.5085,1775515998643054888,0
ecgclass,3,1,23.3069,23.3981,91.2404,91.2404,84.361,83.2027,0.0026,6.4511,6.8794,1775515998734200206,0
ecgclass,3,1,23.3981,23.4909,92.7775,92.7775,84.6328,83.3964,0.0022,7.6826,8.1446,1775515998826681522,0
ecgclass,3,1,23.4909,23.5827,91.7494,91.7494,84.1153,83.1064,0.0023,7.2021,7.6341,1775515998918986451,0
ecgclass,3,1,23.5827,23.6744,91.6765,91.6765,84.8461,83.2768,0.0025,6.4294,6.8304,1775515999009971201,0
ecgclass,3,1,23.6744,23.7646,90.2498,90.2498,84.7,83.659,0.0026,5.1115,5.5498,1775515999100337994,0
ecgclass,3,1,23.7646,23.8551,90.4751,90.4751,84.7801,83.4435,0.0028,5.1603,5.695,1775515999190644496,0
ecgclass,3,1,23.8551,23.945,89.9155,89.9155,84.3567,83.2273,0.0023,5.0931,5.5588,1775515999281061581,0
ecgclass,3,1,23.945,24.0403,95.2268,95.2268,85.6879,83.9527,0.0044,8.7616,9.5389,1775515999374653896,0
ecgclass,3,1,24.0403,24.1318,91.4814,91.4814,84.93,83.4318,0.0043,5.8684,6.5515,1775515999466999606,0
ecgclass,3,1,24.1318,24.2226,90.8489,90.8489,84.5159,83.2703,0.0028,5.7933,6.3331,1775515999558416645,0
ecgclass,3,1,24.2226,24.3171,94.4736,94.4736,84.4298,83.2425,0.0024,9.5119,10.0438,1775515999652994333,0
ecgclass,3,1,24.3171,24.4096,92.5174,92.5174,84.8157,83.3421,0.0042,7.0512,7.7016,1775515999745017029,0
ecgclass,3,1,24.4096,24.5001,90.4837,90.4837,84.9924,83.4104,0.0045,4.8053,5.4913,1775515999835298999,0
ecgclass,3,1,24.5001,24.5915,91.3892,91.3892,85.1039,83.4907,0.0043,5.6031,6.2853,1775515999926591163,0
ecgclass,3,1,24.5915,24.6844,92.9058,92.9058,84.8044,83.5609,0.0029,7.5808,8.1013,1775516000019968418,0
ecgclass,3,1,24.6844,24.7774,92.9883,92.9883,85.1404,83.3733,0.0045,7.1433,7.8478,1775516000112447274,0
ecgclass,3,1,24.7774,24.8681,90.6112,90.6112,84.8024,83.4667,0.0033,5.24,5.8089,1775516000203542939,0
ecgclass,3,1,24.8681,24.9612,93.137,93.137,84.4273,83.2352,0.0025,8.1885,8.7097,1775516000297113493,0
ecgclass,3,1,24.9612,25.0523,91.1162,91.1162,84.4724,83.2243,0.0029,6.1321,6.6438,1775516000388203348,0
ecgclass,3,1,25.0523,25.1455,93.1211,93.1211,85.0071,83.408,0.0046,7.3614,8.1139,1775516000480558589,0
ecgclass,3,1,25.1455,25.236,90.565,90.565,84.9914,83.4263,0.004,4.8873,5.5735,1775516000571216325,0
ecgclass,3,1,25.236,25.3312,95.1831,95.1831,84.7038,83.4738,0.0026,9.9626,10.4794,1775516000666867040,0
ecgclass,3,1,25.3312,25.4248,93.5984,93.5984,84.2794,83.1791,0.0026,8.8446,9.319,1775516000760942836,0
ecgclass,3,1,25.4249,25.5148,89.9389,89.9389,84.2354,83.1401,0.0022,5.2457,5.7035,1775516000850971194,0
ecgclass,3,1,25.5148,25.6166,101.7492,101.7492,85.0198,83.338,0.0021,16.2773,16.7294,1775516000951948662,0
ecgclass,3,1,25.6166,25.7133,96.7152,96.7152,84.3637,83.1319,0.0029,11.8542,12.3515,1775516001049281730,0
ecgclass,3,1,25.7133,25.8091,95.7778,95.7778,84.5208,83.3529,0.0023,10.8023,11.2569,1775516001144953846,0
ecgclass,3,1,25.8091,25.9061,97.0573,97.0573,84.5475,83.3425,0.0026,12.0013,12.5098,1775516001241938309,0
ecgclass,3,1,25.9061,26.0018,95.6259,95.6259,84.5224,83.2534,0.0036,10.5579,11.1035,1775516001337561212,0
ecgclass,3,1,26.0018,26.0984,96.5872,96.5872,84.4938,83.2893,0.0029,11.5602,12.0934,1775516001434198710,0
ecgclass,3,1,26.0984,26.1951,96.7054,96.7054,84.7546,83.3371,0.0042,11.2731,11.9508,1775516001530508564,0
ecgclass,3,1,26.1951,26.2915,96.4401,96.4401,84.8613,83.5032,0.003,11.0602,11.5788,1775516001627011106,0
ecgclass,3,1,26.2915,26.3971,105.5799,105.5799,87.2455,83.6405,0.0055,10.2584,18.3343,1775516001722659790,0
ecgclass,3,1,26.3971,26.4973,100.1389,100.1389,87.0683,84.0754,0.0058,12.3737,13.0706,1775516001830367562,0
ecgclass,3,1,26.4973,26.5987,101.3753,101.3753,90.1856,88.2124,0.0046,10.5283,11.1897,1775516001928672773,0
ecgclass,3,1,26.5987,26.6993,100.6069,100.6069,85.063,83.7974,0.0027,15.0242,15.544,1775516002034555465,0
ecgclass,3,1,26.6993,26.797,97.7039,97.7039,84.3603,83.2461,0.0023,12.8119,13.3437,1775516002132959810,0
ecgclass,3,1,26.797,26.8925,95.4914,95.4914,84.5575,83.2624,0.0029,10.3955,10.9339,1775516002228256830,0
ecgclass,3,1,26.8925,26.9872,94.6584,94.6584,84.3424,83.2449,0.0024,9.8403,10.3159,1775516002323201854,0
ecgclass,3,1,26.9872,27.0881,100.9169,100.9169,84.2065,83.1119,0.0021,16.2513,16.7103,1775516002424280396,0
ecgclass,3,1,27.0881,27.1836,95.464,95.464,84.5462,83.1882,0.0042,10.3102,10.9178,1775516002519263661,0
ecgclass,3,1,27.1836,27.2797,96.091,96.091,84.5251,83.2702,0.0025,11.0688,11.566,1775516002615496472,0
ecgclass,3,1,27.2797,27.3769,97.2829,97.2829,84.8781,83.7567,0.0029,11.8876,12.4048,1775516002712416322,0
ecgclass,3,1,27.377,27.4731,96.113,96.113,84.798,83.5583,0.0022,10.8633,11.315,1775516002808683723,0
ecgclass,3,1,27.4731,27.5649,91.8257,91.8257,84.6759,83.3786,0.0029,6.675,7.1498,1775516002900617265,0
ecgclass,3,1,27.5649,27.6673,102.3574,102.3574,85.2337,84.1086,0.0026,16.6872,17.1237,1775516003002463221,0
ecgclass,3,1,27.6673,27.762,94.7199,94.7199,84.4129,83.3003,0.002,9.851,10.307,1775516003097993161,0
ecgclass,3,1,27.762,27.8643,102.2608,102.2608,84.6107,83.3704,0.0027,17.1678,17.6501,1775516003200038165,0
ecgclass,3,1,27.8643,27.9596,95.2842,95.2842,84.5826,83.2849,0.0023,10.1671,10.7016,1775516003295307963,0
ecgclass,3,1,27.9596,28.0632,103.6747,103.6747,84.4421,83.2956,0.0022,18.8122,19.2325,1775516003399246520,0
ecgclass,3,1,28.0633,28.1642,100.9498,100.9498,84.5914,83.2445,0.004,15.6677,16.3584,1775516003499784839,0
ecgclass,3,1,28.1642,28.2658,101.552,101.552,85.1266,83.5006,0.0043,15.727,16.4254,1775516003600804448,0
ecgclass,3,1,28.2658,28.367,101.2204,101.2204,85.0162,83.4794,0.0043,15.4562,16.2041,1775516003702098040,0
ecgclass,3,1,28.367,28.4683,101.3339,101.3339,85.1016,83.7501,0.0024,15.6901,16.2323,1775516003803562679,0
ecgclass,3,1,28.4684,28.5632,94.82,94.82,84.2589,83.1607,0.0024,10.078,10.5611,1775516003899294837,0
ecgclass,3,1,28.5632,28.6598,96.6322,96.6322,84.9808,83.3151,0.0026,11.1704,11.6514,1775516003995216064,0
ecgclass,3,1,28.6598,28.7559,96.1084,96.1084,84.3524,83.2457,0.0024,11.2391,11.7561,1775516004091927945,0
ecgclass,3,1,28.7559,28.8542,98.2339,98.2339,84.2265,83.1405,0.0024,13.5417,14.0075,1775516004190348201,0
ecgclass,3,1,28.8542,28.9511,96.894,96.894,84.3289,83.2089,0.0028,12.0428,12.5651,1775516004287092423,0
ecgclass,3,1,28.9511,29.0473,96.2188,96.2188,84.889,83.3107,0.0045,10.6087,11.3299,1775516004382562341,0
ecgclass,3,1,29.0473,29.1463,98.978,98.978,84.8445,83.5271,0.0027,13.5188,14.1336,1775516004481702773,0
ecgclass,3,1,29.1463,29.2479,101.6297,101.6297,84.8815,83.304,0.0053,16.047,16.7482,1775516004583219346,0
ecgclass,3,1,29.248,29.3443,96.3175,96.3175,84.7446,83.4545,0.0036,10.9456,11.573,1775516004679757975,0
ecgclass,3,1,29.3443,29.4408,96.5352,96.5352,84.5613,83.3333,0.0027,11.5187,11.9739,1775516004776660921,0
ecgclass,3,1,29.4408,29.5365,95.6943,95.6943,84.4621,83.1603,0.0023,10.7734,11.2322,1775516004872460138,0
ecgclass,3,1,29.5365,29.6337,97.1255,97.1255,85.0749,83.4553,0.0022,11.6482,12.0506,1775516004969038790,0
ecgclass,3,1,29.6337,29.7333,99.643,99.643,84.3885,83.2352,0.0019,14.8368,15.2545,1775516005069362702,0
ecgclass,3,1,29.7333,29.831,97.7128,97.7128,84.364,83.2188,0.0025,12.8157,13.3487,1775516005166992098,0
ecgclass,3,1,29.831,29.9327,101.6712,101.6712,84.4286,83.1952,0.0024,16.6919,17.2426,1775516005268590265,0
ecgclass,3,1,29.9327,30.0282,95.5157,95.5157,84.6549,83.5152,0.0018,10.4303,10.8608,1775516005364010207,0
ecgclass,3,1,30.0282,30.1243,96.0329,96.0329,84.7645,83.5373,0.0027,10.7656,11.2684,1775516005459868817,0
ecgclass,3,1,30.1243,30.2222,97.954,97.954,84.6884,83.5184,0.0024,12.8398,13.2656,1775516005557984085,0
ecgclass,3,1,30.2222,30.318,95.7899,95.7899,85.1903,83.4165,0.0047,9.7442,10.5996,1775516005652850113,0
ecgclass,3,1,30.318,30.4142,96.1258,96.1258,85.1562,83.6372,0.0042,10.2668,10.9696,1775516005749172883,0
ecgclass,3,1,30.4142,30.5108,96.6101,96.6101,84.6032,83.3398,0.0034,11.4219,12.0069,1775516005846464795,0
ecgclass,3,1,30.5108,30.6067,95.8858,95.8858,85.0015,83.4772,0.004,10.1917,10.8843,1775516005941855215,0
ecgclass,3,1,30.6067,30.7107,103.9734,103.9734,85.3054,84.0911,0.0031,18.1329,18.668,1775516006045693628,0
ecgclass,3,1,30.7107,30.806,95.325,95.325,84.6426,83.5568,0.0023,10.2127,10.6824,1775516006141756607,0
ecgclass,3,1,30.806,30.9036,97.6088,97.6088,84.823,83.4815,0.0025,12.2383,12.7858,1775516006239116142,0
ecgclass,3,1,30.9036,31.0005,96.9007,96.9007,84.2943,83.1687,0.0022,12.145,12.6064,1775516006336640644,0
ecgclass,3,1,31.0005,31.0955,94.933,94.933,84.397,83.1727,0.0026,10.1259,10.5361,1775516006431530793,0
ecgclass,3,1,31.0955,31.1968,101.3315,101.3315,84.3896,83.2631,0.0024,16.3827,16.9419,1775516006532730133,0
ecgclass,3,1,31.1968,31.292,95.1362,95.1362,84.7456,83.3202,0.0043,9.7072,10.3906,1775516006627395432,0
ecgclass,3,1,31.292,31.3888,96.8316,96.8316,84.9765,83.4534,0.0046,11.189,11.8551,1775516006724024636,0
ecgclass,3,1,31.3888,31.4854,96.5695,96.5695,84.5318,83.3843,0.0026,11.5952,12.0378,1775516006821272866,0
ecgclass,3,1,31.4854,31.5815,96.1115,96.1115,84.5135,83.3171,0.0022,11.1425,11.5981,1775516006917399088,0
ecgclass,3,1,31.5815,31.6821,100.5564,100.5564,84.7626,83.1281,0.0022,15.2547,15.7938,1775516007017631446,0
ecgclass,3,1,31.6821,31.7766,94.5406,94.5406,84.2544,83.2213,0.0021,9.8388,10.2862,1775516007112781378,0
ecgclass,3,1,31.7766,31.872,95.3245,95.3245,84.3475,83.2243,0.0025,10.5019,10.9771,1775516007207994117,0
ecgclass,3,1,31.872,31.9693,97.3334,97.3334,84.1913,83.1238,0.0022,12.6331,13.1422,1775516007305458762,0
ecgclass,3,1,31.9693,32.0649,95.6199,95.6199,84.4887,83.2895,0.0019,10.6287,11.1312,1775516007400796536,0
ecgclass,3,1,32.0649,32.1617,96.7805,96.7805,84.385,83.1071,0.0032,11.9069,12.3956,1775516007497702718,0
ecgclass,3,1,32.1617,32.2582,96.467,96.467,84.4118,83.2613,0.0027,11.5159,12.0552,1775516007594100687,0
ecgclass,3,1,32.2582,32.3535,95.3052,95.3052,84.6573,83.4268,0.0023,10.1912,10.6479,1775516007689252703,0
ecgclass,3,1,32.3535,32.4498,96.2493,96.2493,84.5839,83.2556,0.0035,11.0435,11.6654,1775516007785418543,0
ecgclass,3,1,32.4498,32.5524,102.603,102.603,84.7448,83.3243,0.0041,17.1812,17.8581,1775516007887817070,0
ecgclass,3,1,32.5524,32.6482,95.8526,95.8526,85.1296,83.3785,0.0028,10.2372,10.723,1775516007983487409,0
ecgclass,3,1,32.6483,32.7514,103.117,103.117,84.6046,83.455,0.0022,18.0581,18.5124,1775516008087172082,0
ecgclass,3,1,32.7514,32.847,95.6299,95.6299,84.1536,83.1296,0.0023,11.0373,11.4764,1775516008183276989,0
ecgclass,3,1,32.847,32.9471,100.0564,100.0564,84.5152,83.1979,0.004,14.9119,15.5412,1775516008282790112,0
ecgclass,3,1,32.9471,33.0421,95.017,95.017,84.3641,83.2575,0.0025,10.1602,10.6528,1775516008378104955,0
ecgclass,3,1,33.0421,33.1396,97.5287,97.5287,84.339,83.146,0.0021,12.7761,13.1897,1775516008475747638,0
ecgclass,3,1,33.1396,33.2365,96.8528,96.8528,84.1694,83.0858,0.0019,12.2409,12.6834,1775516008572750334,0
ecgclass,3,1,33.2365,33.3321,95.5989,95.5989,84.347,83.2455,0.0023,10.7625,11.252,1775516008668134950,0
ecgclass,3,1,33.3321,33.4294,97.3244,97.3244,84.5613,83.2585,0.0037,12.1286,12.7631,1775516008765110114,0
ecgclass,3,1,33.4295,33.5277,98.2726,98.2726,84.6535,83.3951,0.0027,13.0277,13.6191,1775516008863344163,0
ecgclass,3,1,33.5277,33.6237,96.0107,96.0107,84.616,83.2939,0.0024,10.8919,11.3947,1775516008959491212,0
ecgclass,3,1,33.6238,33.7206,96.8688,96.8688,84.8148,83.7134,0.0028,11.632,12.054,1775516009056252427,0
ecgclass,3,1,33.7206,33.8217,101.0621,101.0621,84.3387,83.1652,0.0023,16.2561,16.7234,1775516009157753996,0
ecgclass,3,1,33.8217,33.9218,100.0533,100.0533,84.6057,83.2832,0.0034,14.9195,15.4476,1775516009257488889,0
ecgclass,3,1,33.9218,34.0222,100.4691,100.4691,84.3371,83.2646,0.0028,15.6324,16.132,1775516009358265036,0
ecgclass,3,1,34.0222,34.1181,95.886,95.886,84.3218,83.2278,0.0022,11.0881,11.5642,1775516009454198746,0
ecgclass,3,1,34.1181,34.215,96.8459,96.8459,84.3511,83.2263,0.0026,12.0192,12.4947,1775516009551024074,0
ecgclass,3,1,34.215,34.3124,97.4312,97.4312,84.6636,83.4568,0.0021,12.3334,12.7675,1775516009648193097,0
ecgclass,3,1,34.3124,34.4026,90.1496,90.1496,84.193,83.0844,0.0025,5.4529,5.9566,1775516009738752176,0
ecgclass,3,1,34.4026,34.5003,97.7421,97.7421,84.5893,83.1997,0.0034,12.5046,13.1527,1775516009835962680,0
ecgclass,3,1,34.5003,34.6017,101.3677,101.3677,84.7407,83.508,0.0024,16.1631,16.627,1775516009937374605,0
ecgclass,3,1,34.6017,34.7042,102.4556,102.4556,84.9031,83.2202,0.0019,17.0856,17.5525,1775516010039674188,0
ecgclass,3,1,34.7042,34.806,101.8486,101.8486,84.3552,83.2766,0.0024,17.0047,17.4934,1775516010142058895,0
ecgclass,3,1,34.8061,34.9016,95.5515,95.5515,84.7439,83.4814,0.0024,10.2983,10.8076,1775516010237211051,0
ecgclass,3,1,34.9016,34.9977,96.0793,96.0793,84.3817,83.2342,0.0019,11.2891,11.6976,1775516010333763677,0
ecgclass,3,1,34.9977,35.0936,95.8793,95.8793,84.2451,83.1161,0.0025,11.1797,11.6342,1775516010429742709,0
ecgclass,3,1,35.0936,35.19,96.3988,96.3988,84.6421,83.2519,0.0027,11.107,11.7567,1775516010525556863,0
ecgclass,3,1,35.19,35.287,97.0082,97.0082,84.8931,83.543,0.0036,11.5108,12.1151,1775516010622370571,0
ecgclass,3,1,35.287,35.3906,103.5771,103.5771,84.9145,83.3583,0.0048,17.8807,18.6626,1775516010725758671,0
ecgclass,3,1,35.3906,35.4874,96.7712,96.7712,84.9112,83.7188,0.0029,11.2839,11.86,1775516010822749066,0
ecgclass,3,1,35.4874,35.5899,102.54,102.54,85.0486,83.5433,0.0047,16.8264,17.4915,1775516010925072040,0
ecgclass,3,1,35.5899,35.6909,100.9352,100.9352,85.2553,83.5337,0.0024,15.1911,15.68,1775516011025987963,0
ecgclass,3,1,35.6909,35.7879,97.0478,97.0478,84.3356,83.1641,0.002,12.2652,12.7122,1775516011124007043,0
ecgclass,3,1,35.7879,35.884,96.0336,96.0336,84.3597,83.1074,0.0026,11.1556,11.6739,1775516011219954453,0
ecgclass,3,1,35.884,35.9812,97.254,97.254,84.9297,83.494,0.0034,11.7114,12.3244,1775516011316553451,0
ecgclass,3,1,35.9812,36.0835,102.2425,102.2425,84.412,83.2835,0.0023,17.3321,17.8305,1775516011419437950,0
ecgclass,3,1,36.0835,36.1795,96.0464,96.0464,84.7196,83.4878,0.003,10.7274,11.3268,1775516011515084747,0
ecgclass,3,1,36.1796,36.2744,94.8784,94.8784,84.3855,83.2537,0.0025,10.0954,10.493,1775516011610509005,0
ecgclass,3,1,36.2744,36.3765,102.0865,102.0865,84.4306,83.2394,0.0026,17.1471,17.6559,1775516011712448012,0
ecgclass,3,1,36.3765,36.472,95.4528,95.4528,84.268,83.145,0.0029,10.6173,11.1848,1775516011808013346,0
ecgclass,3,1,36.472,36.5688,96.7784,96.7784,84.9189,83.4509,0.0038,11.1413,11.8595,1775516011904011169,0
ecgclass,3,1,36.5688,36.666,97.2145,97.2145,84.7805,83.4468,0.0025,11.9257,12.434,1775516012001584939,0
ecgclass,3,1,36.666,36.7618,95.8059,95.8059,84.7912,83.7281,0.0028,10.5033,11.0147,1775516012097387803,0
ecgclass,3,1,36.7618,36.8633,101.5012,101.5012,84.412,83.2877,0.0023,16.5756,17.0892,1775516012199276478,0
ecgclass,3,1,36.8633,36.9581,94.7306,94.7306,84.389,83.1836,0.0028,9.8419,10.3416,1775516012294052638,0
ecgclass,3,1,36.9581,37.0546,96.5364,96.5364,84.2421,83.1707,0.002,11.8709,12.2943,1775516012390821344,0
ecgclass,3,1,37.0546,37.1506,96.0023,96.0023,84.4525,83.1873,0.0029,10.9689,11.5498,1775516012486463391,0
ecgclass,3,1,37.1506,37.2509,100.2645,100.2645,84.4698,83.3489,0.0022,15.3043,15.7948,1775516012586811090,0
ecgclass,3,1,37.2509,37.3468,95.8359,95.8359,84.5977,83.3974,0.0027,10.7713,11.2383,1775516012682552472,0
ecgclass,3,1,37.3468,37.4423,95.5079,95.5079,84.3362,83.2682,0.0029,10.6587,11.1717,1775516012778284443,0
ecgclass,3,1,37.4423,37.5376,95.3219,95.3219,84.7402,83.5007,0.0026,10.1211,10.5817,1775516012873265262,0
ecgclass,3,1,37.5376,37.6339,96.3285,96.3285,84.7214,83.3135,0.0036,10.9656,11.6071,1775516012969441392,0
ecgclass,3,1,37.634,37.7374,103.4329,103.4329,85.3235,83.5678,0.0038,17.6246,18.1094,1775516013072439795,0
ecgclass,3,1,37.7374,37.8342,96.7979,96.7979,84.141,83.1124,0.0026,12.1787,12.657,1775516013170435733,0
ecgclass,3,1,37.8342,37.9315,97.2893,97.2893,84.7582,83.4241,0.003,11.9712,12.5311,1775516013267036901,0
ecgclass,3,1,37.9315,38.0348,103.2555,103.2555,84.8564,83.6405,0.0024,17.9148,18.3992,1775516013370281145,0
ecgclass,3,1,38.0348,38.1387,103.9412,103.9412,84.2602,83.1413,0.0024,19.1674,19.681,1775516013474801163,0
ecgclass,3,1,38.1387,38.2341,95.3424,95.3424,84.3948,83.2175,0.0024,10.4578,10.9476,1775516013570041613,0
ecgclass,3,1,38.2341,38.3238,89.7069,89.7069,84.2557,83.0974,0.003,4.8811,5.4511,1775516013659816559,0
ecgclass,3,1,38.3238,38.4202,96.3733,96.3733,84.4314,83.2245,0.0022,11.3435,11.942,1775516013755995809,0
ecgclass,3,1,38.4202,38.5229,102.7532,102.7532,84.5357,83.3372,0.0018,17.756,18.2175,1775516013858791953,0
ecgclass,3,1,38.5229,38.6263,103.3547,103.3547,84.8545,83.3881,0.0035,17.8778,18.5002,1775516013961676341,0
ecgclass,3,1,38.6263,38.7373,110.9748,110.9748,85.3062,83.419,0.0034,25.0444,25.6686,1775516014072208118,0
ecgclass,3,1,38.7373,38.841,103.7316,103.7316,84.7987,83.5076,0.0024,18.394,18.9329,1775516014176543668,0
ecgclass,3,1,38.841,38.9385,97.4884,97.4884,84.5556,83.2928,0.0025,12.3844,12.9328,1775516014274275545,0
ecgclass,3,1,38.9385,39.0354,96.9181,96.9181,84.3585,83.2132,0.0025,12.0707,12.5596,1775516014371459149,0
ecgclass,3,1,39.0355,39.1408,105.3143,105.3143,84.6118,83.3832,0.002,20.2649,20.7024,1775516014476580553,0
ecgclass,3,1,39.1408,39.2443,103.5168,103.5168,84.3507,83.2785,0.0018,18.6839,19.1661,1775516014580323078,0
ecgclass,3,1,39.2443,39.3408,96.4525,96.4525,84.685,83.502,0.0023,11.3039,11.7675,1775516014676470077,0
ecgclass,3,1,39.3408,39.4423,101.4864,101.4864,84.3208,83.2304,0.0022,16.6802,17.1656,1775516014778308360,0
ecgclass,3,1,39.4423,39.539,96.7681,96.7681,84.5209,83.2805,0.0029,11.7831,12.2473,1775516014874914918,0
ecgclass,3,1,39.539,39.6366,97.5454,97.5454,84.7657,83.5876,0.0022,12.3513,12.7796,1775516014972260169,0
ecgclass,3,1,39.6366,39.735,98.3999,98.3999,84.6913,83.3481,0.0034,13.0615,13.7086,1775516015070523809,0
ecgclass,3,1,39.735,39.8334,98.3827,98.3827,85.0406,83.8317,0.0023,12.8784,13.3421,1775516015168752017,0
ecgclass,3,1,39.8334,39.9291,95.6903,95.6903,84.6631,83.3572,0.0033,10.4895,11.0272,1775516015264755059,0
ecgclass,3,1,39.9291,40.0303,101.2344,101.2344,84.6827,83.38,0.0028,15.9264,16.5518,1775516015365892973,0
ecgclass,3,1,40.0303,40.127,96.6938,96.6938,84.9461,83.654,0.003,11.1783,11.7476,1775516015462388606,0
ecgclass,3,1,40.1271,40.226,98.9325,98.9325,84.6798,83.4072,0.0026,13.7601,14.2527,1775516015561674310,0
ecgclass,3,1,40.226,40.3304,104.4011,104.4011,84.6186,83.3572,0.0029,19.1312,19.7825,1775516015665988450,0
ecgclass,3,1,40.3304,40.4256,95.149,95.149,84.5308,83.3233,0.0022,10.0992,10.6183,1775516015761369465,0
ecgclass,3,1,40.4256,40.5281,102.5367,102.5367,84.4836,83.2743,0.0024,17.5726,18.053,1775516015864001393,0
ecgclass,3,1,40.5281,40.6251,96.9689,96.9689,84.342,83.1519,0.0022,12.1772,12.6269,1775516015961152135,0
ecgclass,3,1,40.6251,40.7165,91.397,91.397,84.5156,83.1387,0.0041,6.2139,6.8814,1775516016052166253,0
ecgclass,3,1,40.7165,40.8129,96.4255,96.4255,85.1574,83.3351,0.0028,10.7012,11.2681,1775516016148060941,0
ecgclass,3,1,40.8129,40.9096,96.6873,96.6873,84.5991,83.3066,0.0025,11.5473,12.0882,1775516016245345879,0
ecgclass,3,1,40.9096,41.0111,101.4383,101.4383,84.5865,83.4326,0.0022,16.3951,16.8518,1775516016346890020,0
ecgclass,3,1,41.0111,41.1069,95.8633,95.8633,84.6937,83.4641,0.0025,10.7005,11.1696,1775516016442643452,0
ecgclass,3,1,41.107,41.2034,96.4961,96.4961,84.3522,83.2338,0.002,11.6773,12.1439,1775516016539492131,0
ecgclass,3,1,41.2035,41.3041,100.5938,100.5938,84.9377,83.4139,0.0045,14.9639,15.6561,1775516016639283146,0
ecgclass,3,1,41.3041,41.407,102.9532,102.9532,84.805,83.533,0.0029,17.6361,18.1482,1775516016742559261,0
ecgclass,3,1,41.407,41.5016,94.5966,94.5966,84.2494,83.1735,0.0019,9.8979,10.3472,1775516016837784860,0
ecgclass,3,1,41.5016,41.597,95.3875,95.3875,84.4873,83.3069,0.002,10.4012,10.9002,1775516016932893714,0
ecgclass,3,1,41.597,41.692,94.9283,94.9283,84.6965,83.4257,0.0025,9.7413,10.2317,1775516017027630063,0
ecgclass,3,1,41.692,41.7884,96.4518,96.4518,85.3015,83.2152,0.0037,10.4339,11.1503,1775516017123260229,0
ecgclass,3,1,41.7884,41.8786,90.1418,90.1418,84.5306,83.3991,0.0022,5.1351,5.6112,1775516017214424904,0
ecgclass,3,1,41.8786,41.9732,94.6543,94.6543,84.2939,83.1823,0.0027,9.8245,10.3604,1775516017309265497,0
ecgclass,3,1,41.9732,42.0698,96.5223,96.5223,84.87,83.6774,0.0027,11.1907,11.6523,1775516017405296001,0
ecgclass,3,1,42.0698,42.1657,95.9682,95.9682,84.2404,83.1338,0.0026,11.2381,11.7278,1775516017501875159,0
ecgclass,3,1,42.1658,42.2621,96.3068,96.3068,84.7787,83.4997,0.0021,11.0149,11.5281,1775516017597629600,0
ecgclass,3,1,42.2621,42.3571,94.9872,94.9872,84.3312,83.1829,0.0024,10.119,10.6559,1775516017693050308,0
ecgclass,3,1,42.3571,42.4533,96.2596,96.2596,84.3914,83.1687,0.0027,11.3609,11.8682,1775516017789289141,0
ecgclass,3,1,42.4533,42.5493,95.9918,95.9918,84.6469,83.2134,0.0043,10.6514,11.3449,1775516017884849435,0
ecgclass,3,1,42.5493,42.6462,96.837,96.837,84.7742,83.5237,0.0027,11.6007,12.0629,1775516017981800698,0
ecgclass,3,1,42.6462,42.7437,97.5182,97.5182,85.6888,83.6682,0.0026,11.337,11.8294,1775516018078383816,0
ecgclass,3,1,42.7437,42.8457,101.9485,101.9485,84.6953,83.2419,0.0041,16.6206,17.2532,1775516018181194811,0
ecgclass,3,1,42.8457,42.9414,95.7253,95.7253,84.5769,83.3092,0.0037,10.627,11.1484,1775516018277163262,0
ecgclass,3,1,42.9414,43.0435,102.0505,102.0505,84.5288,83.2546,0.0021,17.0181,17.5217,1775516018379289238,0
ecgclass,3,1,43.0435,43.1398,96.3328,96.3328,84.312,83.2199,0.0022,11.5445,12.0208,1775516018475876375,0
ecgclass,3,1,43.1398,43.2359,96.1263,96.1263,84.8668,83.6609,0.0025,10.7834,11.2595,1775516018571457200,0
ecgclass,3,1,43.2359,43.3307,94.7273,94.7273,84.387,83.2194,0.0024,9.8255,10.3403,1775516018666635547,0
ecgclass,3,1,43.3307,43.4267,96.0336,96.0336,84.2645,83.1783,0.0022,11.3273,11.769,1775516018762875140,0
ecgclass,3,1,43.4267,43.5232,96.4472,96.4472,84.3654,83.1972,0.0021,11.6651,12.0818,1775516018859256779,0
ecgclass,3,1,43.5232,43.624,100.8396,100.8396,84.5389,83.3472,0.002,15.8775,16.3007,1775516018959924862,0
ecgclass,3,1,43.624,43.7189,94.898,94.898,84.1745,83.1119,0.002,10.3025,10.7235,1775516019055197173,0
ecgclass,3,1,43.7189,43.815,96.0982,96.0982,85.0952,83.2169,0.0033,10.4272,11.003,1775516019150227854,0
ecgclass,3,1,43.815,43.9171,102.0555,102.0555,84.769,83.4362,0.0034,16.6652,17.2865,1775516019252573599,0
ecgclass,3,1,43.9171,44.0185,101.4082,101.4082,84.4782,83.3468,0.0026,16.4692,16.9301,1775516019354443564,0
ecgclass,3,1,44.0185,44.121,102.4883,102.4883,84.7646,83.5103,0.0026,17.2415,17.7237,1775516019456633792,0
ecgclass,3,1,44.121,44.2232,102.1461,102.1461,84.4097,83.2572,0.0024,17.2508,17.7365,1775516019559140574,0
ecgclass,3,1,44.2232,44.3197,96.4756,96.4756,84.295,83.2247,0.0024,11.7419,12.1806,1775516019655787654,0
ecgclass,3,1,44.3197,44.4173,97.641,97.641,84.4069,83.1743,0.0025,12.7428,13.2341,1775516019753273121,0
ecgclass,3,1,44.4173,44.5191,101.7828,101.7828,84.5064,83.3397,0.0026,16.8364,17.2764,1775516019855017450,0
ecgclass,3,1,44.5191,44.6136,94.5263,94.5263,84.2414,83.183,0.002,9.8395,10.2849,1775516019949813071,0
ecgclass,3,1,44.6136,44.7102,96.5207,96.5207,84.3798,83.2405,0.0021,11.7261,12.1408,1775516020046235601,0
ecgclass,3,1,44.7102,44.8056,95.4089,95.4089,84.6979,83.104,0.0018,10.2952,10.711,1775516020141333175,0
ecgclass,3,1,44.8056,44.9029,97.302,97.302,84.7624,83.23,0.0041,11.8079,12.5395,1775516020238263278,0
ecgclass,3,1,44.9029,44.9992,96.2665,96.2665,84.675,83.4886,0.002,11.127,11.5915,1775516020334895218,0
ecgclass,3,1,44.9992,45.0951,95.9156,95.9156,84.275,83.1685,0.0021,11.1594,11.6406,1775516020431204183,0
ecgclass,3,1,45.0951,45.1903,95.2172,95.2172,84.6836,83.4266,0.003,9.979,10.5336,1775516020525949202,0
ecgclass,3,1,45.1903,45.2903,99.9863,99.9863,84.4281,83.2113,0.0022,15.1222,15.5582,1775516020626319332,0
ecgclass,3,1,45.2903,45.3872,96.8285,96.8285,84.7409,83.5093,0.002,11.5666,12.0876,1775516020722759863,0
ecgclass,3,1,45.3872,45.4834,96.2088,96.2088,84.3166,83.1165,0.0025,11.4341,11.8922,1775516020819464616,0
ecgclass,3,1,45.4834,45.5801,96.6935,96.6935,84.6303,83.4409,0.0024,11.6224,12.0632,1775516020915871146,0
ecgclass,3,1,45.5801,45.6755,95.4127,95.4127,84.4254,83.2181,0.0024,10.4802,10.9874,1775516021011430790,0
ecgclass,3,1,45.6755,45.7805,104.9521,104.9521,85.0472,83.4064,0.0019,19.4576,19.9049,1775516021115830933,0
ecgclass,3,1,45.7805,45.8771,96.6225,96.6225,84.5305,83.3725,0.0018,11.6315,12.092,1775516021212965565,0
ecgclass,3,1,45.8771,45.9753,98.1505,98.1505,84.6784,83.3728,0.0042,12.8243,13.4721,1775516021310789806,0
ecgclass,3,1,45.9753,46.0769,101.6095,101.6095,84.5408,83.3556,0.0025,16.5632,17.0686,1775516021412690171,0
ecgclass,3,1,46.0769,46.1794,102.4776,102.4776,84.7657,83.4818,0.0031,17.1826,17.7119,1775516021514929612,0
ecgclass,3,1,46.1794,46.2739,94.5318,94.5318,84.3307,83.2631,0.0026,9.7234,10.2011,1775516021609957673,0
ecgclass,3,1,46.2739,46.3689,95.0003,95.0003,84.3582,83.1919,0.0033,10.0791,10.6421,1775516021704854398,0
ecgclass,3,1,46.3689,46.4644,95.4642,95.4642,84.4695,83.26,0.0031,10.5824,10.9947,1775516021800368539,0
ecgclass,3,1,46.4644,46.5598,95.3784,95.3784,84.5679,83.1879,0.0043,10.1657,10.8105,1775516021895424892,0
ecgclass,3,1,46.5598,46.6555,95.6893,95.6893,84.9426,83.5902,0.0026,10.2358,10.7467,1775516021990883311,0
ecgclass,3,1,46.6555,46.7517,96.2245,96.2245,84.6216,83.2633,0.0034,11.0321,11.6029,1775516022087379385,0
ecgclass,3,1,46.7517,46.8465,94.7909,94.7909,84.5815,83.3832,0.0024,9.7632,10.2095,1775516022182345563,0
ecgclass,3,1,46.8465,46.9449,98.3775,98.3775,85.2399,83.6268,0.0042,12.4204,13.1376,1775516022279803618,0
ecgclass,3,1,46.9449,47.0414,96.446,96.446,84.6633,83.4581,0.0034,11.2276,11.7827,1775516022376998512,0
ecgclass,3,1,47.0414,47.1453,103.9133,103.9133,84.8246,83.6037,0.0022,18.6656,19.0887,1775516022480892794,0
ecgclass,3,1,47.1453,47.2473,102.0534,102.0534,84.474,83.2616,0.0022,17.1518,17.5794,1775516022583301651,0
ecgclass,3,1,47.2473,47.3501,102.7579,102.7579,84.2146,83.165,0.0027,18.0769,18.5434,1775516022686288904,0
ecgclass,3,1,47.3501,47.4482,98.1169,98.1169,84.5939,83.3775,0.003,13.0346,13.523,1775516022784014000,0
ecgclass,3,1,47.4482,47.5436,95.3112,95.3112,84.3988,83.1877,0.0023,10.5145,10.9124,1775516022879618916,0
ecgclass,3,1,47.5436,47.6402,96.596,96.596,84.6113,83.4528,0.002,11.5244,11.9847,1775516022975948262,0
ecgclass,3,1,47.6402,47.7364,96.2636,96.2636,84.2296,83.0779,0.0022,11.6057,12.0341,1775516023072633525,0
ecgclass,3,1,47.7364,47.8337,97.2416,97.2416,85.0198,83.3785,0.0017,11.7693,12.2219,1775516023169067538,0
ecgclass,3,1,47.8337,47.9289,95.2585,95.2585,84.6742,83.2326,0.0038,9.9459,10.5843,1775516023264493529,0
ecgclass,3,1,47.929,48.0331,104.1591,104.1591,85.4165,83.7896,0.0048,18.0621,18.7426,1775516023367880054,0
ecgclass,3,1,48.0331,48.1351,101.9502,101.9502,85.1303,83.5452,0.0038,16.2339,16.8199,1775516023470221463,0
ecgclass,3,1,48.1351,48.2329,97.856,97.856,86.1907,83.3406,0.0038,10.4742,11.6653,1775516023566424188,0
ecgclass,3,1,48.233,48.3342,101.2576,101.2576,84.9563,83.525,0.0032,15.667,16.3012,1775516023669486128,0
ecgclass,3,1,48.3342,48.4294,95.1271,95.1271,84.3235,83.2217,0.0026,10.34,10.8036,1775516023765427171,0
ecgclass,3,1,48.4294,48.5244,95.0034,95.0034,84.4037,83.2714,0.0025,10.0687,10.5997,1775516023860291758,0
ecgclass,3,1,48.5244,48.6212,96.8473,96.8473,84.2548,83.1759,0.0023,12.1002,12.5925,1775516023957337719,0
ecgclass,3,1,48.6212,48.7274,106.1621,106.1621,84.947,83.6128,0.0025,20.7045,21.2151,1775516024062798413,0
ecgclass,3,1,48.7274,48.825,97.6038,97.6038,84.8499,83.2342,0.0023,12.3274,12.7539,1775516024160593337,0
ecgclass,3,1,48.825,48.9226,97.6322,97.6322,84.4836,83.2355,0.0025,12.5592,13.1486,1775516024258439242,0
ecgclass,3,1,48.9227,49.019,96.3132,96.3132,84.64,83.2547,0.0034,10.9842,11.6733,1775516024354506641,0
ecgclass,3,1,49.019,49.1203,101.2857,101.2857,84.7441,83.5009,0.0029,15.9187,16.5416,1775516024455765244,0
ecgclass,3,1,49.1203,49.2222,101.9235,101.9235,84.6318,83.3331,0.0034,16.6323,17.2917,1775516024557775199,0
ecgclass,3,1,49.2222,49.3197,97.4495,97.4495,84.464,83.2379,0.0025,12.4989,12.9856,1775516024655574192,0
ecgclass,3,1,49.3197,49.4171,97.4615,97.4615,84.5218,83.3969,0.0021,12.4421,12.9397,1775516024752975938,0
ecgclass,3,1,49.4171,49.5133,96.1783,96.1783,84.9088,83.6735,0.0023,10.771,11.2695,1775516024848773576,0
ecgclass,3,1,49.5133,49.6097,96.3552,96.3552,84.4344,83.2594,0.0029,11.3435,11.9208,1775516024945532705,0
ecgclass,3,1,49.6097,49.7063,96.6125,96.6125,84.7942,83.5876,0.0024,11.3096,11.8183,1775516025041863255,0
ecgclass,3,1,49.7063,49.8083,102.0198,102.0198,84.7743,83.5886,0.0024,16.7451,17.2455,1775516025143921032,0
ecgclass,3,1,49.8083,49.9046,96.2865,96.2865,84.8226,83.6834,0.0027,10.9191,11.464,1775516025240123656,0
ecgclass,3,1,49.9046,50.0005,95.8974,95.8974,84.7993,83.5406,0.0022,10.5801,11.0982,1775516025336080200,0
ecgclass,3,1,50.0005,50.097,96.4179,96.4179,84.6632,83.2186,0.0038,11.1029,11.7547,1775516025432510255,0
ecgclass,3,1,50.097,50.1938,96.8595,96.8595,84.6093,83.3629,0.0029,11.74,12.2502,1775516025529575567,0
ecgclass,3,1,50.1939,50.2896,95.7568,95.7568,84.8268,83.3372,0.0053,10.2706,10.9299,1775516025624995758,0
ecgclass,3,1,50.2896,50.3868,97.1894,97.1894,85.1387,83.7296,0.0039,11.4706,12.0507,1775516025721964346,0
ecgclass,3,1,50.3868,50.4886,101.7611,101.7611,84.6312,83.3882,0.0026,16.6523,17.1299,1775516025824346807,0
ecgclass,3,1,50.4886,50.5917,103.0478,103.0478,84.5324,83.3088,0.0024,18.0292,18.5155,1775516025927494211,0
ecgclass,3,1,50.5917,50.6957,104.0595,104.0595,84.5022,83.2317,0.0023,19.0473,19.5572,1775516026031569785,0
ecgclass,3,1,50.6957,50.7921,96.4158,96.4158,84.3329,83.2266,0.0024,11.6031,12.0828,1775516026128195178,0
ecgclass,3,1,50.7922,50.8898,97.6272,97.6272,85.1858,83.5115,0.0023,11.9998,12.4414,1775516026225015699,0
ecgclass,3,1,50.8898,50.9874,97.5924,97.5924,84.8855,83.2185,0.0038,12.0013,12.7068,1775516026322653976,0
ecgclass,3,1,50.9874,51.0882,100.8275,100.8275,84.7298,83.3396,0.003,15.5225,16.0976,1775516026423778873,0
ecgclass,3,1,51.0882,51.1914,103.1585,103.1585,84.8415,83.5013,0.0032,17.6911,18.3169,1775516026526785400,0
ecgclass,3,1,51.1914,51.2882,96.8387,96.8387,84.8946,83.3344,0.0039,11.2231,11.9441,1775516026623486146,0
ecgclass,3,1,51.2883,51.384,95.7294,95.7294,84.4863,83.2894,0.003,10.7148,11.2431,1775516026719828047,0
ecgclass,3,1,51.384,51.4791,95.1252,95.1252,84.4777,83.3226,0.0021,10.1337,10.6475,1775516026814986277,0
ecgclass,3,1,51.4791,51.5769,97.7702,97.7702,84.3867,83.255,0.002,12.9278,13.3835,1775516026912914756,0
ecgclass,3,1,51.5769,51.6741,97.2059,97.2059,84.5934,83.2953,0.0027,12.0022,12.6125,1775516027009768029,0
ecgclass,3,1,51.6741,51.775,100.8601,100.8601,84.3139,83.2044,0.0028,16.0992,16.5462,1775516027111080444,0
ecgclass,3,1,51.775,51.8715,96.5292,96.5292,85.0178,83.2862,0.0022,11.0385,11.5115,1775516027206888791,0
ecgclass,3,1,51.8715,51.9741,102.5786,102.5786,84.5104,83.2227,0.0027,17.4758,18.0682,1775516027309864708,0
ecgclass,3,1,51.9741,52.0761,102.0291,102.0291,85.3956,83.3992,0.0044,15.6968,16.6335,1775516027410673711,0
ecgclass,3,1,52.0762,52.1721,95.9246,95.9246,85.2179,83.5625,0.0045,9.944,10.7067,1775516027506961020,0
ecgclass,3,1,52.1721,52.2687,96.5979,96.5979,84.733,83.4096,0.0033,11.2858,11.8649,1775516027604237720,0
ecgclass,3,1,52.2687,52.3717,102.9999,102.9999,84.8374,83.4379,0.0029,17.5226,18.1625,1775516027707082191,0
ecgclass,3,1,52.3717,52.4683,96.6253,96.6253,84.6963,83.4377,0.0026,11.3451,11.929,1775516027803915543,0
ecgclass,3,1,52.4683,52.5696,101.2857,101.2857,85.2289,83.599,0.0043,15.3482,16.0568,1775516027904553629,0
ecgclass,3,1,52.5696,52.6716,101.9745,101.9745,84.7714,83.4847,0.0026,16.6337,17.203,1775516028007135839,0
ecgclass,3,1,52.6716,52.7684,96.7572,96.7572,84.9847,83.3588,0.0045,11.0381,11.7725,1775516028103524382,0
ecgclass,3,1,52.7684,52.8687,100.3382,100.3382,84.7137,83.4128,0.003,15.0609,15.6245,1775516028204317464,0
ecgclass,3,1,52.8687,52.9725,103.7731,103.7731,85.1438,83.8208,0.0032,18.0359,18.6293,1775516028307641175,0
ecgclass,3,1,52.9725,53.0677,95.1545,95.1545,84.4962,83.2687,0.0022,10.2,10.6583,1775516028403588719,0
ecgclass,3,1,53.0677,53.1629,95.2427,95.2427,84.3903,83.1603,0.0024,10.3698,10.8524,1775516028498920666,0
ecgclass,3,1,53.1629,53.2598,96.8771,96.8771,84.7438,83.3909,0.0037,11.5259,12.1333,1775516028595328070,0
ecgclass,3,1,53.2598,53.3705,110.6484,110.6484,84.4297,83.3072,0.0031,25.7554,26.2187,1775516028706445087,0
ecgclass,3,1,53.3705,53.4671,96.6582,96.6582,84.323,83.2085,0.0024,11.8089,12.3353,1775516028803156604,0
ecgclass,3,1,53.4672,53.5645,97.3344,97.3344,84.5647,83.4227,0.0024,12.3212,12.7697,1775516028900337611,0
ecgclass,3,1,53.5645,53.6633,98.7697,98.7697,84.2254,83.1746,0.0021,14.0967,14.5442,1775516028999456851,0
ecgclass,3,1,53.6633,53.7656,102.3526,102.3526,84.1411,83.0919,0.0023,17.791,18.2115,1775516029101930436,0
ecgclass,3,1,53.7656,53.8625,96.8461,96.8461,84.7727,83.5486,0.0025,11.6136,12.0734,1775516029198114120,0
ecgclass,3,1,53.8625,53.9666,104.111,104.111,85.1055,83.4248,0.003,18.4548,19.0054,1775516029301810668,0
ecgclass,3,1,53.9666,54.0625,95.8784,95.8784,84.7092,83.5102,0.0024,10.7102,11.1692,1775516029398186830,0
ecgclass,3,1,54.0625,54.1597,97.1761,97.1761,84.7436,83.5258,0.0027,11.9278,12.4325,1775516029495291573,0
ecgclass,3,1,54.1597,54.2593,99.637,99.637,84.9868,83.4283,0.0035,14.0033,14.6502,1775516029594551770,0
ecgclass,3,1,54.2593,54.3571,97.7378,97.7378,84.5362,83.3514,0.0026,12.6774,13.2016,1775516029692872526,0
ecgclass,3,1,54.3571,54.4537,96.5898,96.5898,84.4847,83.2463,0.0023,11.6239,12.1051,1775516029789566042,0
ecgclass,3,1,54.4537,54.554,100.3015,100.3015,84.8604,83.6256,0.0023,14.9846,15.4411,1775516029889526008,0
ecgclass,3,1,54.554,54.6505,96.4651,96.4651,84.7765,83.5851,0.002,11.2524,11.6886,1775516029986103839,0
ecgclass,3,1,54.6505,54.7465,95.9916,95.9916,84.5518,83.4569,0.0017,11.0173,11.4398,1775516030082342616,0
ecgclass,3,1,54.7465,54.8415,95.0317,95.0317,84.1755,83.1175,0.0022,10.437,10.8562,1775516030177763316,0
ecgclass,3,1,54.8415,54.9388,97.337,97.337,85.2421,83.1971,0.0031,11.5178,12.0949,1775516030273883388,0
ecgclass,3,1,54.9389,55.0375,98.6784,98.6784,85.0604,83.6333,0.0033,13.0208,13.6179,1775516030372752917,0
ecgclass,3,1,55.0376,55.1437,106.1327,106.1327,84.801,83.6254,0.0021,20.8578,21.3318,1775516030479278927,0
ecgclass,3,1,55.1437,55.2407,96.9689,96.9689,84.6866,83.4454,0.0024,11.8043,12.2823,1775516030576367480,0
ecgclass,3,1,55.2407,55.3387,98.0029,98.0029,84.7053,83.4244,0.0037,12.6646,13.2977,1775516030674205975,0
ecgclass,3,1,55.3387,55.4406,101.8765,101.8765,84.4317,83.3038,0.0024,16.983,17.4448,1775516030776537814,0
ecgclass,3,1,55.4406,55.5383,97.7116,97.7116,84.4036,83.2521,0.0024,12.7807,13.308,1775516030874221942,0
ecgclass,3,1,55.5383,55.6409,102.6363,102.6363,84.5646,83.2714,0.0029,17.5383,18.0718,1775516030976700137,0
ecgclass,3,1,55.6409,55.7386,97.6498,97.6498,84.743,83.5744,0.0023,12.4724,12.9068,1775516031074280122,0
ecgclass,3,1,55.7386,55.8357,97.0895,97.0895,84.1588,83.1226,0.0021,12.5046,12.9307,1775516031171970550,0
ecgclass,3,1,55.8357,55.9327,97.0271,97.0271,85.0142,83.1422,0.0025,11.4913,12.0129,1775516031268054820,0
ecgclass,3,1,55.9327,56.0367,103.9884,103.9884,84.4549,83.2893,0.0021,19.1009,19.5335,1775516031372700598,0
ecgclass,3,1,56.0367,56.1341,97.3234,97.3234,84.3111,83.241,0.002,12.5427,13.0123,1775516031470140537,0
ecgclass,3,1,56.1341,56.2319,97.8622,97.8622,84.5255,83.3207,0.0021,12.851,13.3367,1775516031567781503,0
ecgclass,3,1,56.2319,56.3293,97.3194,97.3194,84.5829,83.1873,0.0044,12.0981,12.7365,1775516031664898658,0
ecgclass,3,1,56.3293,56.4281,98.881,98.881,84.4907,83.3125,0.0023,13.9434,14.3903,1775516031764073680,0
ecgclass,3,1,56.4282,56.526,97.795,97.795,84.3353,83.1708,0.0019,12.9564,13.4597,1775516031861977408,0
ecgclass,3,1,56.526,56.6237,97.734,97.734,84.6259,83.348,0.0033,12.5046,13.1081,1775516031959330123,0
ecgclass,3,1,56.6237,56.7217,97.9924,97.9924,84.7375,83.5152,0.0026,12.7885,13.2549,1775516032057358906,0
ecgclass,3,1,56.7217,56.8198,98.0971,98.0971,84.5973,83.3636,0.0019,13.0551,13.4998,1775516032155627660,0
ecgclass,3,1,56.8198,56.9231,103.2491,103.2491,85.0246,83.808,0.0023,17.7441,18.2245,1775516032258424289,0
ecgclass,3,1,56.9231,57.0272,104.0962,104.0962,85.391,83.7187,0.0021,18.234,18.7052,1775516032362173098,0
ecgclass,3,1,57.0272,57.1246,97.4007,97.4007,84.176,83.1299,0.0025,12.7594,13.2246,1775516032460802408,0
ecgclass,3,1,57.1246,57.224,99.4024,99.4024,84.8587,83.6499,0.0028,14.0903,14.5437,1775516032559541671,0
ecgclass,3,1,57.224,57.3201,96.1103,96.1103,84.5402,83.425,0.0022,11.0941,11.5701,1775516032655955495,0
ecgclass,3,1,57.3201,57.4185,98.3462,98.3462,84.7371,83.4218,0.0041,13.015,13.6091,1775516032753995999,0
ecgclass,3,1,57.4185,57.5163,97.8174,97.8174,84.7717,83.5661,0.0159,12.5532,13.0457,1775516032851891487,0
ecgclass,3,1,57.5163,57.6166,100.2605,100.2605,84.157,83.1139,0.0023,15.6896,16.1035,1775516032952853776,0
ecgclass,3,1,57.6166,57.7143,97.6918,97.6918,84.5927,83.4351,0.0022,12.6376,13.0991,1775516033050071015,0
ecgclass,3,1,57.7143,57.812,97.7466,97.7466,84.4026,83.2457,0.0021,12.9204,13.3441,1775516033148053716,0
ecgclass,3,1,57.812,57.9102,98.1474,98.1474,84.4369,83.274,0.0023,13.1907,13.7105,1775516033246078010,0
ecgclass,3,1,57.9102,58.0137,103.5535,103.5535,85.4576,83.65,0.0019,17.6358,18.0959,1775516033348678900,0
ecgclass,3,1,58.0137,58.1102,96.4296,96.4296,84.8781,83.3349,0.0043,10.8161,11.5515,1775516033445420768,0
ecgclass,3,1,58.1102,58.2067,96.5621,96.5621,84.7798,83.531,0.0024,11.2841,11.7823,1775516033542329323,0
ecgclass,3,1,58.2068,58.3033,96.5581,96.5581,84.6306,83.3068,0.0034,11.338,11.9275,1775516033638955596,0
ecgclass,3,1,58.3033,58.4095,106.1358,106.1358,84.825,83.3959,0.0041,20.6552,21.3108,1775516033744841048,0
ecgclass,3,1,58.4095,58.5141,104.6462,104.6462,84.67,83.4184,0.0023,19.5224,19.9762,1775516033849855162,0
ecgclass,3,1,58.5141,58.6174,103.2302,103.2302,84.4119,83.2601,0.0031,18.3282,18.8183,1775516033953316279,0
ecgclass,3,1,58.6174,58.7218,104.466,104.466,84.8891,83.6509,0.0033,19.0628,19.5769,1775516034057290209,0
ecgclass,3,1,58.7219,58.819,97.1112,97.1112,84.4889,83.2811,0.0028,12.1732,12.6224,1775516034154894124,0
ecgclass,3,1,58.819,58.9148,95.8176,95.8176,84.2425,83.1434,0.0025,11.1222,11.5751,1775516034250962783,0
ecgclass,3,1,58.9148,59.0111,96.2939,96.2939,84.8629,83.2299,0.0024,10.9551,11.4311,1775516034346621644,0
ecgclass,3,1,59.0111,59.1066,95.4545,95.4545,84.3385,83.2637,0.0021,10.5877,11.1159,1775516034442557387,0
ecgclass,3,1,59.1066,59.2025,95.9635,95.9635,84.2837,83.1694,0.0026,11.1969,11.6798,1775516034538629956,0
ecgclass,3,1,59.2025,59.2997,97.11,97.11,84.7648,83.5198,0.003,11.7941,12.3452,1775516034635197997,0
ecgclass,3,1,59.2997,59.3992,99.5398,99.5398,84.4846,83.232,0.0026,14.5459,15.0551,1775516034735068530,0
ecgclass,3,1,59.3992,59.5022,103.0343,103.0343,84.6625,83.3838,0.0034,17.7431,18.3718,1775516034837813426,0
ecgclass,3,1,59.5023,59.6064,104.1796,104.1796,84.8309,83.4597,0.0034,18.6465,19.3487,1775516034941769955,0
ecgclass,3,1,59.6065,59.709,102.5321,102.5321,84.7407,83.4717,0.0027,17.3023,17.7914,1775516035044616936,0
ecgclass,3,1,59.709,59.8071,98.1259,98.1259,84.8462,83.5579,0.0023,12.7778,13.2797,1775516035142634809,0
ecgclass,3,1,59.8071,59.9031,95.963,95.963,84.5048,83.2653,0.0027,10.963,11.4582,1775516035238956059,0
ecgclass,3,1,59.9031,59.9991,95.9871,95.9871,84.2923,83.1767,0.0024,11.2092,11.6948,1775516035335175274,0
ecgclass,3,1,59.9991,60.0899,90.812,90.812,84.642,83.4265,0.003,5.615,6.17,1775516035425576389,0
