task,condition,elapsed_sec,latency_ms,server_exec_ms,server_proc_ms,server_swap_ms,server_decoder_ms,queue_wait_plus_rpc_ms,client_pre_rpc_ms,non_server_exec_overhead_ms,server_start_ns
ecgclass,fifo,0.0001,383.4252,381.8735,362.4876,0.0025,18.6141,0.9406,0.0,1.5518,1778007702455979942
ecgclass,fifo,0.0809,395.6017,89.7325,74.3516,0.0026,4.9071,302.5935,0.0,305.8692,1778007702838383955
ecgclass,fifo,0.1602,316.3426,89.7325,74.3516,0.0026,4.9071,223.3176,0.0,226.61,1778007702838383955
ecgclass,fifo,0.2379,238.6291,89.7325,74.3516,0.0026,4.9071,145.5965,0.0,148.8966,1778007702838383955
ecgclass,fifo,0.2483,316.9479,90.5027,87.492,0.0027,0.7087,225.6122,0.0,226.4453,1778007702928856882
ecgclass,fifo,0.2509,314.4076,90.5027,87.492,0.0027,0.7087,223.0518,0.0,223.9049,1778007702928856882
ecgclass,fifo,0.2985,266.7983,90.5027,87.492,0.0027,0.7087,175.422,0.0,176.2956,1778007702928856882
ecgclass,fifo,0.3463,309.3269,89.9322,87.1064,0.0031,0.6934,218.8144,0.0,219.3947,1778007703019991536
ecgclass,fifo,0.4502,205.4489,89.9322,87.1064,0.0031,0.6934,114.8806,0.0,115.5167,1778007703019991536
ecgclass,fifo,0.4526,203.0613,89.9322,87.1064,0.0031,0.6934,112.4845,0.0,113.1292,1778007703019991536
ecgclass,fifo,0.487,258.1794,88.7673,86.0164,0.0026,0.6312,168.6776,0.0,169.4121,1778007703110637780
ecgclass,fifo,0.4894,255.7983,88.7673,86.0164,0.0026,0.6312,166.2755,0.0,167.031,1778007703110637780
ecgclass,fifo,0.5266,218.6847,88.7673,86.0164,0.0026,0.6312,129.1516,0.0,129.9173,1778007703110637780
ecgclass,fifo,0.5843,252.2752,90.7751,87.9496,0.0026,0.6876,160.7797,0.0,161.5001,1778007703199990088
ecgclass,fifo,0.5966,239.9778,90.7751,87.9496,0.0026,0.6876,148.4659,0.0,149.2027,1778007703199990088
ecgclass,fifo,0.6383,198.3044,90.7751,87.9496,0.0026,0.6876,106.7777,0.0,107.5293,1778007703199990088
ecgclass,fifo,0.6427,283.8459,89.4301,86.577,0.0022,0.7133,193.7392,0.0,194.4158,1778007703291397619
ecgclass,fifo,0.6461,280.514,89.4301,86.577,0.0022,0.7133,190.3918,0.0,191.0839,1778007703291397619
ecgclass,fifo,0.6568,269.8352,89.4301,86.577,0.0022,0.7133,179.6975,0.0,180.4051,1778007703291397619
ecgclass,fifo,0.6862,331.501,90.4669,87.7461,0.003,0.69,240.4177,0.0,241.0341,1778007703381499365
ecgclass,fifo,0.6999,317.7693,90.4669,87.7461,0.003,0.69,226.6648,0.0,227.3024,1778007703381499365
ecgclass,fifo,0.7416,276.0861,90.4669,87.7461,0.003,0.69,184.9594,0.0,185.6192,1778007703381499365
ecgclass,fifo,0.7488,359.9319,89.9342,87.2002,0.0022,0.6972,268.9891,0.0,269.9978,1778007703472709443
ecgclass,fifo,0.8108,297.972,89.9342,87.2002,0.0022,0.6972,207.0129,0.0,208.0378,1778007703472709443
ecgclass,fifo,0.8518,256.9759,89.9342,87.2002,0.0022,0.6972,166.0008,0.0,167.0417,1778007703472709443
ecgclass,fifo,0.8736,323.6635,88.2079,85.4215,0.0029,0.6808,234.6957,0.0,235.4556,1778007703563228560
ecgclass,fifo,0.8881,309.2022,88.2079,85.4215,0.0029,0.6808,220.1741,0.0,220.9943,1778007703563228560
ecgclass,fifo,0.9026,294.7404,88.2079,85.4215,0.0029,0.6808,205.7045,0.0,206.5325,1778007703563228560
ecgclass,fifo,0.905,382.4708,89.592,86.5724,0.003,0.7782,292.3062,0.0,292.8789,1778007703652233300
ecgclass,fifo,0.9104,377.0971,89.592,86.5724,0.003,0.7782,286.8743,0.0,287.5052,1778007703652233300
ecgclass,fifo,0.934,353.5931,89.592,86.5724,0.003,0.7782,263.2887,0.0,264.0012,1778007703652233300
ecgclass,fifo,0.9476,430.2402,89.2514,86.4859,0.0026,0.703,340.0991,0.0,340.9888,1778007703742630661
ecgclass,fifo,0.9893,388.6447,89.2514,86.4859,0.0026,0.703,298.4509,0.0,299.3933,1778007703742630661
ecgclass,fifo,1.012,365.9515,89.2514,86.4859,0.0026,0.703,275.7223,0.0,276.7002,1778007703742630661
ecgclass,fifo,1.0209,447.3438,90.0527,87.2614,0.0027,0.7086,356.7662,0.0,357.2911,1778007703832582106
ecgclass,fifo,1.0353,433.0161,90.0527,87.2614,0.0027,0.7086,342.3724,0.0,342.9633,1778007703832582106
ecgclass,fifo,1.0573,411.0742,90.0527,87.2614,0.0027,0.7086,320.3855,0.0,321.0214,1778007703832582106
ecgclass,fifo,1.0686,489.4042,88.9046,86.1357,0.0026,0.6922,399.8857,0.0,400.4996,1778007703923356204
ecgclass,fifo,1.0789,479.0776,88.9046,86.1357,0.0026,0.6922,389.5056,0.0,390.173,1778007703923356204
ecgclass,fifo,1.1084,449.6393,88.9046,86.1357,0.0026,0.6922,360.0175,0.0,360.7347,1778007703923356204
ecgclass,fifo,1.1189,529.0966,89.4117,86.5936,0.0029,0.713,439.1079,0.0,439.6849,1778007704012959454
ecgclass,fifo,1.1627,485.3985,89.4117,86.5936,0.0029,0.713,395.3955,0.0,395.9868,1778007704012959454
ecgclass,fifo,1.2096,438.509,89.4117,86.5936,0.0029,0.713,348.4907,0.0,349.0973,1778007704012959454
ecgclass,fifo,1.2454,492.5737,89.4673,86.6816,0.0024,0.721,402.6117,0.0,403.1064,1778007704102911653
ecgclass,fifo,1.2478,490.2999,89.4673,86.6816,0.0024,0.721,400.2395,0.0,400.8326,1778007704102911653
ecgclass,fifo,1.286,452.0848,89.4673,86.6816,0.0024,0.721,361.9752,0.0,362.6175,1778007704102911653
ecgclass,fifo,1.3312,496.8433,89.2207,86.4566,0.0033,0.6897,407.0094,0.0,407.6227,1778007704193073569
ecgclass,fifo,1.3682,459.8238,89.2207,86.4566,0.0033,0.6897,369.9329,0.0,370.6032,1778007704193073569
ecgclass,fifo,1.3776,450.5026,89.2207,86.4566,0.0033,0.6897,360.5602,0.0,361.282,1778007704193073569
ecgclass,fifo,1.3881,529.69,89.1874,86.4816,0.003,0.6948,439.9867,0.0,440.5027,1778007704283001828
ecgclass,fifo,1.3935,524.4031,89.1874,86.4816,0.003,0.6948,434.6206,0.0,435.2157,1778007704283001828
ecgclass,fifo,1.4058,512.1498,89.1874,86.4816,0.003,0.6948,422.3175,0.0,422.9624,1778007704283001828
ecgclass,fifo,1.4058,601.764,89.0457,86.2433,0.0026,0.7149,512.1312,0.0,512.7183,1778007704372888998
ecgclass,fifo,1.4114,596.2429,89.0457,86.2433,0.0026,0.7149,506.5632,0.0,507.1972,1778007704372888998
ecgclass,fifo,1.4561,551.5978,89.0457,86.2433,0.0026,0.7149,461.8716,0.0,462.5521,1778007704372888998
ecgclass,fifo,1.5893,508.7991,89.733,86.9586,0.0026,0.702,418.467,0.0,419.066,1778007704462636350
ecgclass,fifo,1.6087,489.4524,89.733,86.9586,0.0026,0.702,399.0421,0.0,399.7193,1778007704462636350
ecgclass,fifo,1.6172,480.9837,89.733,86.9586,0.0026,0.702,390.5396,0.0,391.2507,1778007704462636350
ecgclass,fifo,1.6318,557.9827,90.7477,87.9514,0.0023,0.714,466.3553,0.0,467.235,1778007704553079326
ecgclass,fifo,1.6422,547.6334,90.7477,87.9514,0.0023,0.714,455.9903,0.0,456.8857,1778007704553079326
ecgclass,fifo,1.6468,543.0367,90.7477,87.9514,0.0023,0.714,451.3855,0.0,452.289,1778007704553079326
ecgclass,fifo,1.6833,596.3051,89.3768,86.5798,0.0026,0.7121,506.2528,0.0,506.9283,1778007704644421414
ecgclass,fifo,1.7287,550.8933,89.3768,86.5798,0.0026,0.7121,460.8085,0.0,461.5165,1778007704644421414
ecgclass,fifo,1.7793,500.3002,89.3768,86.5798,0.0026,0.7121,410.1932,0.0,410.9233,1778007704644421414
ecgclass,fifo,1.9555,413.8062,89.2202,86.3234,0.0038,0.6614,323.9284,0.0,324.586,1778007704734384704
ecgclass,fifo,2.0269,342.5252,89.2202,86.3234,0.0038,0.6614,252.5918,0.0,253.305,1778007704734384704
ecgclass,fifo,2.0818,287.6322,89.2202,86.3234,0.0038,0.6614,197.6898,0.0,198.412,1778007704734384704
ecgclass,fifo,2.1156,345.2103,90.8207,88.0378,0.0027,0.7074,253.804,0.0,254.3897,1778007704824360933
ecgclass,fifo,2.1359,324.9226,90.8207,88.0378,0.0027,0.7074,233.5014,0.0,234.1019,1778007704824360933
ecgclass,fifo,2.1373,323.6012,90.8207,88.0378,0.0027,0.7074,232.1663,0.0,232.7806,1778007704824360933
ecgclass,fifo,2.1691,381.8543,89.1397,86.4163,0.0022,0.5936,291.8589,0.0,292.7146,1778007704915864337
ecgclass,fifo,2.1896,361.3884,89.1397,86.4163,0.0022,0.5936,271.3764,0.0,272.2488,1778007704915864337
ecgclass,fifo,2.24,310.9636,89.1397,86.4163,0.0022,0.5936,220.9435,0.0,221.824,1778007704915864337
ecgclass,fifo,2.3075,333.133,89.2951,86.5287,0.0023,0.7237,243.2823,0.0,243.8379,1778007705005678173
ecgclass,fifo,2.3182,322.5083,89.2951,86.5287,0.0023,0.7237,232.5611,0.0,233.2132,1778007705005678173
ecgclass,fifo,2.3205,320.22,89.2951,86.5287,0.0023,0.7237,230.2423,0.0,230.9249,1778007705005678173
ecgclass,fifo,2.3511,379.7452,89.409,86.605,0.0027,0.7224,289.6831,0.0,290.3362,1778007705095652067
ecgclass,fifo,2.4364,294.4889,89.409,86.605,0.0027,0.7224,204.37,0.0,205.0799,1778007705095652067
ecgclass,fifo,2.464,266.8641,89.409,86.605,0.0027,0.7224,176.7364,0.0,177.455,1778007705095652067
ecgclass,fifo,2.5342,286.8853,89.6716,86.8809,0.0025,0.7091,196.6772,0.0,197.2136,1778007705185768164
ecgclass,fifo,2.5593,261.8568,89.6716,86.8809,0.0025,0.7091,171.5233,0.0,172.1852,1778007705185768164
ecgclass,fifo,2.604,217.2675,89.6716,86.8809,0.0025,0.7091,126.9004,0.0,127.5959,1778007705185768164
ecgclass,fifo,2.6142,296.9306,89.2788,86.5251,0.0031,0.7089,206.99,0.0,207.6518,1778007705276118539
ecgclass,fifo,2.6177,293.4904,89.2788,86.5251,0.0031,0.7089,203.5344,0.0,204.2116,1778007705276118539
ecgclass,fifo,2.622,289.2156,89.2788,86.5251,0.0031,0.7089,199.2455,0.0,199.9368,1778007705276118539
ecgclass,fifo,2.6262,375.0079,89.594,86.9619,0.0029,0.5711,284.929,0.0,285.4139,1778007705366079103
ecgclass,fifo,2.6285,372.8073,89.594,86.9619,0.0029,0.5711,282.6939,0.0,283.2133,1778007705366079103
ecgclass,fifo,2.6854,315.9075,89.594,86.9619,0.0029,0.5711,225.7638,0.0,226.3135,1778007705366079103
ecgclass,fifo,2.7008,390.7211,89.5006,86.7778,0.0029,0.7072,300.6616,0.0,301.2205,1778007705456338203
ecgclass,fifo,2.7134,378.0787,89.5006,86.7778,0.0029,0.7072,287.9951,0.0,288.5781,1778007705456338203
ecgclass,fifo,2.7445,347.0626,89.5006,86.7778,0.0029,0.7072,256.9284,0.0,257.562,1778007705456338203
ecgclass,fifo,2.7502,431.6444,89.5889,86.9118,0.0029,0.6746,341.4307,0.0,342.0556,1778007705546558487
ecgclass,fifo,2.8146,367.2764,89.5889,86.9118,0.0029,0.6746,277.0126,0.0,277.6875,1778007705546558487
ecgclass,fifo,2.8584,323.5419,89.5889,86.9118,0.0029,0.6746,233.2659,0.0,233.953,1778007705546558487
ecgclass,fifo,2.8688,402.9932,89.4996,86.7237,0.0026,0.7122,312.9623,0.0,313.4936,1778007705636634328
ecgclass,fifo,2.8751,396.6606,89.4996,86.7237,0.0026,0.7122,306.6161,0.0,307.1609,1778007705636634328
ecgclass,fifo,2.8929,378.8774,89.4996,86.7237,0.0026,0.7122,288.7838,0.0,289.3778,1778007705636634328
ecgclass,fifo,2.9028,459.3825,89.9268,86.901,0.0024,0.7469,368.9992,0.0,369.4558,1778007705726703526
ecgclass,fifo,2.9052,456.9862,89.9268,86.901,0.0024,0.7469,366.5891,0.0,367.0594,1778007705726703526
ecgclass,fifo,2.9219,440.3431,89.9268,86.901,0.0024,0.7469,349.8509,0.0,350.4164,1778007705726703526
ecgclass,fifo,2.9978,455.0266,89.0236,86.2744,0.0025,0.7162,364.5902,0.0,366.003,1778007705817268380
ecgclass,fifo,3.0308,421.9832,89.0236,86.2744,0.0025,0.7162,331.5237,0.0,332.9597,1778007705817268380
ecgclass,fifo,3.1334,319.3886,89.0236,86.2744,0.0025,0.7162,228.9197,0.0,230.365,1778007705817268380
ecgclass,fifo,3.2027,339.0753,89.2436,86.4096,0.0028,0.7176,249.2218,0.0,249.8318,1778007705906880019
ecgclass,fifo,3.2401,301.7368,89.2436,86.4096,0.0028,0.7176,211.8669,0.0,212.4933,1778007705906880019
ecgclass,fifo,3.3007,241.1697,89.2436,86.4096,0.0028,0.7176,151.279,0.0,151.9261,1778007705906880019
ecgclass,fifo,3.3251,307.188,89.9087,87.0512,0.0024,0.7211,216.6481,0.0,217.2794,1778007705996658654
ecgclass,fifo,3.3611,271.2379,89.9087,87.0512,0.0024,0.7211,180.6829,0.0,181.3292,1778007705996658654
ecgclass,fifo,3.3734,258.9076,89.9087,87.0512,0.0024,0.7211,168.3376,0.0,168.9989,1778007705996658654
ecgclass,fifo,3.3809,341.7339,89.6849,86.9347,0.003,0.7163,251.3969,0.0,252.049,1778007706087189453
ecgclass,fifo,3.4524,270.2105,89.6849,86.9347,0.003,0.7163,179.852,0.0,180.5256,1778007706087189453
ecgclass,fifo,3.457,265.6622,89.6849,86.9347,0.003,0.7163,175.2796,0.0,175.9773,1778007706087189453
ecgclass,fifo,3.4633,348.4006,88.5988,85.7751,0.0034,0.6609,259.136,0.0,259.8018,1778007706177381865
ecgclass,fifo,3.4736,338.1033,88.5988,85.7751,0.0034,0.6609,248.8234,0.0,249.5045,1778007706177381865
ecgclass,fifo,3.5067,305.0518,88.5988,85.7751,0.0034,0.6609,215.7454,0.0,216.4531,1778007706177381865
ecgclass,fifo,3.5194,383.3334,90.1015,87.3571,0.0031,0.7039,292.5241,0.0,293.232,1778007706266812694
ecgclass,fifo,3.5419,360.8174,90.1015,87.3571,0.0031,0.7039,269.9928,0.0,270.7159,1778007706266812694
ecgclass,fifo,3.6155,287.2608,90.1015,87.3571,0.0031,0.7039,196.4281,0.0,197.1593,1778007706266812694
ecgclass,fifo,3.6655,327.1742,89.4583,86.6693,0.0027,0.7175,237.1006,0.0,237.7159,1778007706357506239
ecgclass,fifo,3.7045,288.2097,89.4583,86.6693,0.0027,0.7175,198.1215,0.0,198.7514,1778007706357506239
ecgclass,fifo,3.7108,281.9064,89.4583,86.6693,0.0027,0.7175,191.8106,0.0,192.448,1778007706357506239
ecgclass,fifo,3.7502,334.0433,90.9976,88.1261,0.0023,0.7232,242.4238,0.0,243.0457,1778007706447498572
ecgclass,fifo,3.765,319.1824,90.9976,88.1261,0.0023,0.7232,227.5488,0.0,228.1848,1778007706447498572
ecgclass,fifo,3.7695,314.6966,90.9976,88.1261,0.0023,0.7232,223.0492,0.0,223.699,1778007706447498572
ecgclass,fifo,3.7834,391.0155,89.5948,86.897,0.0026,0.7024,300.8518,0.0,301.4208,1778007706539178784
ecgclass,fifo,3.7849,389.5679,89.5948,86.897,0.0026,0.7024,299.3903,0.0,299.9731,1778007706539178784
ecgclass,fifo,3.8159,358.5255,89.5948,86.897,0.0026,0.7024,268.3403,0.0,268.9308,1778007706539178784
ecgclass,fifo,3.8482,416.3151,89.3325,86.5966,0.0025,0.7167,326.2546,0.0,326.9826,1778007706629378447
ecgclass,fifo,3.8578,406.7764,89.3325,86.5966,0.0025,0.7167,316.6955,0.0,317.444,1778007706629378447
ecgclass,fifo,3.859,405.5393,89.3325,86.5966,0.0025,0.7167,315.4302,0.0,316.2068,1778007706629378447
ecgclass,fifo,3.9503,404.042,89.1645,86.4577,0.0032,0.6841,314.1878,0.0,314.8775,1778007706719420739
ecgclass,fifo,3.9772,377.1751,89.1645,86.4577,0.0032,0.6841,287.3058,0.0,288.0105,1778007706719420739
ecgclass,fifo,4.0276,326.8147,89.1645,86.4577,0.0032,0.6841,236.9301,0.0,237.6501,1778007706719420739
ecgclass,fifo,4.0388,405.2539,89.2338,86.3538,0.0024,0.7101,315.4569,0.0,316.0201,1778007706809203094
ecgclass,fifo,4.0948,349.3681,89.2338,86.3538,0.0024,0.7101,259.4998,0.0,260.1343,1778007706809203094
ecgclass,fifo,4.149,295.1903,89.2338,86.3538,0.0024,0.7101,205.313,0.0,205.9565,1778007706809203094
ecgclass,fifo,4.1523,382.2663,89.8598,86.9723,0.0031,0.7032,291.7986,0.0,292.4065,1778007706899009766
ecgclass,fifo,4.334,200.5825,89.8598,86.9723,0.0031,0.7032,110.0984,0.0,110.7227,1778007706899009766
ecgclass,fifo,4.3556,179.0433,89.8598,86.9723,0.0031,0.7032,88.5355,0.0,89.1835,1778007706899009766
ecgclass,fifo,4.4029,221.7593,89.5739,86.8117,0.0024,0.7062,131.6481,0.0,132.1854,1778007706989504443
ecgclass,fifo,4.4104,214.3645,89.5739,86.8117,0.0024,0.7062,124.1996,0.0,124.7906,1778007706989504443
ecgclass,fifo,4.4433,181.4499,89.5739,86.8117,0.0024,0.7062,91.2764,0.0,91.876,1778007706989504443
ecgclass,fifo,4.4543,260.3831,89.3616,86.6358,0.0024,0.7105,170.4683,0.0,171.0215,1778007707079731318
ecgclass,fifo,4.5067,208.1025,89.3616,86.6358,0.0024,0.7105,118.1297,0.0,118.7409,1778007707079731318
ecgclass,fifo,4.5217,193.1133,89.3616,86.6358,0.0024,0.7105,103.132,0.0,103.7517,1778007707079731318
ecgclass,fifo,4.5481,256.911,89.7524,86.9573,0.0027,0.7093,166.595,0.0,167.1586,1778007707169610130
ecgclass,fifo,4.566,239.0311,89.7524,86.9573,0.0027,0.7093,148.7007,0.0,149.2787,1778007707169610130
ecgclass,fifo,4.5906,214.4623,89.7524,86.9573,0.0027,0.7093,124.1179,0.0,124.7099,1778007707169610130
ecgclass,fifo,4.6066,288.6348,89.563,86.7777,0.0025,0.7061,198.3669,0.0,199.0718,1778007707259882067
ecgclass,fifo,4.6269,268.3668,89.563,86.7777,0.0025,0.7061,178.0818,0.0,178.8038,1778007707259882067
ecgclass,fifo,4.6282,267.0903,89.563,86.7777,0.0025,0.7061,176.7919,0.0,177.5273,1778007707259882067
ecgclass,fifo,4.6808,305.5348,90.5253,87.7036,0.0034,0.7034,214.3309,0.0,215.0096,1778007707350066802
ecgclass,fifo,4.765,221.3633,90.5253,87.7036,0.0034,0.7034,130.1448,0.0,130.838,1778007707350066802
ecgclass,fifo,4.7836,202.7531,90.5253,87.7036,0.0034,0.7034,111.5129,0.0,112.2278,1778007707350066802
ecgclass,fifo,4.8974,155.5102,66.1502,64.7657,0.0024,0.3632,88.9051,0.0,89.36,1778007707441214742
ecgclass,fifo,4.9027,150.2364,66.1502,64.7657,0.0024,0.3632,83.5969,0.0,84.0862,1778007707441214742
ecgclass,fifo,4.996,149.2827,91.845,90.6659,0.0025,0.1632,56.9692,0.0,57.4377,1778007707507838795
ecgclass,fifo,5.0077,137.5461,91.845,90.6659,0.0025,0.1632,45.1791,0.0,45.7011,1778007707507838795
ecgclass,fifo,5.0305,114.8241,91.845,90.6659,0.0025,0.1632,22.4283,0.0,22.9791,1778007707507838795
ecgclass,fifo,5.112,126.5125,92.5632,90.6457,0.0016,0.2082,33.4103,0.0,33.9493,1778007707600292775
ecgclass,fifo,5.1153,123.162,92.5632,90.6457,0.0016,0.2082,30.0455,0.0,30.5989,1778007707600292775
ecgclass,fifo,5.1217,116.8499,92.5632,90.6457,0.0016,0.2082,23.7186,0.0,24.2867,1778007707600292775
ecgclass,fifo,5.1679,162.4291,91.3207,90.2351,0.0029,0.1709,70.6587,0.0,71.1084,1778007707693466398
ecgclass,fifo,5.1993,131.0649,91.3207,90.2351,0.0029,0.1709,39.2449,0.0,39.7442,1778007707693466398
ecgclass,fifo,5.2097,120.7278,91.3207,90.2351,0.0029,0.1709,28.8608,0.0,29.4071,1778007707693466398
ecgclass,fifo,5.224,199.4174,92.4011,91.2454,0.003,0.1736,106.4281,0.0,107.0162,1778007707785353262
ecgclass,fifo,5.2487,174.8016,92.4011,91.2454,0.003,0.1736,81.7893,0.0,82.4005,1778007707785353262
ecgclass,fifo,5.3124,111.0582,92.4011,91.2454,0.003,0.1736,18.0314,0.0,18.6571,1778007707785353262
ecgclass,fifo,5.3248,188.0071,88.8507,87.1308,0.0025,0.3431,98.5816,0.0,99.1565,1778007707878311095
ecgclass,fifo,5.3496,163.2509,88.8507,87.1308,0.0025,0.3431,73.8096,0.0,74.4003,1778007707878311095
ecgclass,fifo,5.362,150.8813,88.8507,87.1308,0.0025,0.3431,61.4257,0.0,62.0306,1778007707878311095
ecgclass,fifo,5.3723,233.0804,91.9464,90.4862,0.0029,0.2732,140.4991,0.0,141.134,1778007707967755298
ecgclass,fifo,5.4426,162.8151,91.9464,90.4862,0.0029,0.2732,70.2178,0.0,70.8687,1778007707967755298
ecgclass,fifo,5.462,143.4181,91.9464,90.4862,0.0029,0.2732,50.8027,0.0,51.4717,1778007707967755298
ecgclass,fifo,5.5058,191.1857,91.0828,88.8104,0.0027,0.5227,99.5409,0.0,100.1029,1778007708060302373
ecgclass,fifo,5.5156,181.4375,91.0828,88.8104,0.0027,0.5227,89.7768,0.0,90.3547,1778007708060302373
ecgclass,fifo,5.5223,174.7954,91.0828,88.8104,0.0027,0.5227,83.1203,0.0,83.7126,1778007708060302373
ecgclass,fifo,5.5607,228.8742,91.7153,89.083,0.0024,0.6535,136.4198,0.0,137.1589,1778007708152070433
ecgclass,fifo,5.6072,182.4727,91.7153,89.083,0.0024,0.6535,89.9959,0.0,90.7574,1778007708152070433
ecgclass,fifo,5.6389,150.7671,91.7153,89.083,0.0024,0.6535,58.2676,0.0,59.0518,1778007708152070433
ecgclass,fifo,5.6789,201.3192,89.9875,87.2326,0.0028,0.6676,110.5707,0.0,111.3317,1778007708244410302
ecgclass,fifo,5.7124,167.8872,89.9875,87.2326,0.0028,0.6676,77.1208,0.0,77.8997,1778007708244410302
ecgclass,fifo,5.7493,130.923,89.9875,87.2326,0.0028,0.6676,40.148,0.0,40.9355,1778007708244410302
ecgclass,fifo,5.8244,104.7726,48.4897,45.7555,0.0025,2.1477,55.799,0.0,56.2829,1778007708335126945
ecgclass,fifo,5.9188,53.7283,42.847,41.4917,0.0025,0.7868,10.3509,0.0,10.8813,1778007708384017450
ecgclass,fifo,5.9406,101.7652,69.4007,66.631,0.0022,1.044,31.7178,0.0,32.3645,1778007708427276180
ecgclass,fifo,5.944,98.4747,69.4007,66.631,0.0022,1.044,28.4057,0.0,29.0741,1778007708427276180
ecgclass,fifo,5.9917,121.0301,69.516,66.7228,0.0023,1.0897,50.6184,0.0,51.5141,1778007708497182614
ecgclass,fifo,6.0188,93.9045,69.516,66.7228,0.0023,1.0897,23.4718,0.0,24.3885,1778007708497182614
ecgclass,fifo,6.0999,61.2359,47.9422,45.2486,0.0025,2.1083,12.4736,0.0,13.2937,1778007708567240079
ecgclass,fifo,6.1346,91.9459,65.3224,64.0286,0.0025,0.3532,26.1037,0.0,26.6235,1778007708615637090
ecgclass,fifo,6.1391,87.4538,65.3224,64.0286,0.0025,0.3532,21.5917,0.0,22.1314,1778007708615637090
ecgclass,fifo,6.1755,141.6636,90.217,88.9864,0.0028,0.1758,50.9562,0.0,51.4465,1778007708681410386
ecgclass,fifo,6.1937,123.5743,90.217,88.9864,0.0028,0.1758,32.8159,0.0,33.3572,1778007708681410386
ecgclass,fifo,6.197,120.2507,90.217,88.9864,0.0028,0.1758,29.484,0.0,30.0337,1778007708681410386
ecgclass,fifo,6.2073,160.5844,50.0594,47.3311,0.0024,2.1472,110.0538,0.0,110.5251,1778007708772308861
ecgclass,fifo,6.3225,136.0922,89.9851,87.2077,0.0029,0.7113,45.4266,0.0,46.1071,1778007708822806576
ecgclass,fifo,6.3369,121.6333,89.9851,87.2077,0.0029,0.7113,30.9515,0.0,31.6482,1778007708822806576
ecgclass,fifo,6.3447,113.8356,89.9851,87.2077,0.0029,0.7113,23.1454,0.0,23.8505,1778007708822806576
ecgclass,fifo,6.3591,162.4987,62.3961,59.6153,0.0021,1.07,99.4782,0.0,100.1026,1778007708913445156
ecgclass,fifo,6.4286,93.0176,62.3961,59.6153,0.0021,1.07,29.9659,0.0,30.6215,1778007708913445156
ecgclass,fifo,6.4641,147.6545,89.5185,86.7443,0.0029,0.7115,57.4949,0.0,58.1361,1778007708976460456
ecgclass,fifo,6.4714,140.3112,89.5185,86.7443,0.0029,0.7115,50.1356,0.0,50.7928,1778007708976460456
ecgclass,fifo,6.4715,140.2373,89.5185,86.7443,0.0029,0.7115,50.0398,0.0,50.7189,1778007708976460456
ecgclass,fifo,6.4855,216.2416,89.2844,86.5345,0.0031,0.5537,126.2951,0.0,126.9571,1778007709066705055
ecgclass,fifo,6.4908,210.9966,89.2844,86.5345,0.0031,0.5537,121.0175,0.0,121.7122,1778007709066705055
ecgclass,fifo,6.5598,141.9466,89.2844,86.5345,0.0031,0.5537,51.9452,0.0,52.6621,1778007709066705055
ecgclass,fifo,6.5633,228.8606,89.9755,87.119,0.0025,0.7066,138.3066,0.0,138.8851,1778007709156554663
ecgclass,fifo,6.5858,206.4323,89.9755,87.119,0.0025,0.7066,115.8638,0.0,116.4568,1778007709156554663
ecgclass,fifo,6.62,172.2398,89.9755,87.119,0.0025,0.7066,81.6631,0.0,82.2643,1778007709156554663
ecgclass,fifo,6.7163,166.4412,89.9573,87.2513,0.003,0.7097,75.9599,0.0,76.4839,1778007709247172134
ecgclass,fifo,6.7269,155.813,89.9573,87.2513,0.003,0.7097,65.3176,0.0,65.8556,1778007709247172134
ecgclass,fifo,6.7835,99.2765,89.9573,87.2513,0.003,0.7097,8.7669,0.0,9.3192,1778007709247172134
ecgclass,fifo,6.8084,164.4382,89.4504,86.7184,0.0023,0.721,74.4367,0.0,74.9878,1778007709337718307
ecgclass,fifo,6.8665,106.3693,89.4504,86.7184,0.0023,0.721,16.3138,0.0,16.9188,1778007709337718307
ecgclass,fifo,6.8794,93.5032,89.4504,86.7184,0.0023,0.721,3.4397,0.0,4.0528,1778007709337718307
ecgclass,fifo,6.8899,173.7761,90.3077,87.5857,0.0027,0.7146,83.0026,0.0,83.4685,1778007709427806317
ecgclass,fifo,6.8982,165.5867,90.3077,87.5857,0.0027,0.7146,74.7228,0.0,75.279,1778007709427806317
ecgclass,fifo,6.9333,130.4977,90.3077,87.5857,0.0027,0.7146,39.6254,0.0,40.19,1778007709427806317
ecgclass,fifo,6.9555,198.9543,90.2438,87.43,0.0025,0.719,108.1932,0.0,108.7105,1778007709518651664
ecgclass,fifo,6.9833,171.2008,90.2438,87.43,0.0025,0.719,80.425,0.0,80.957,1778007709518651664
ecgclass,fifo,7.026,128.5822,90.2438,87.43,0.0025,0.719,37.7574,0.0,38.3384,1778007709518651664
ecgclass,fifo,7.0638,180.8856,89.6271,86.9103,0.0024,0.7002,90.7354,0.0,91.2584,1778007709609462955
ecgclass,fifo,7.0988,145.9055,89.6271,86.9103,0.0024,0.7002,55.7392,0.0,56.2783,1778007709609462955
ecgclass,fifo,7.1461,98.6347,89.6271,86.9103,0.0024,0.7002,8.4555,0.0,9.0076,1778007709609462955
ecgclass,fifo,7.1475,187.2542,89.38,86.6864,0.0023,0.6987,97.3086,0.0,97.8742,1778007709699694988
ecgclass,fifo,7.1976,137.1014,89.38,86.6864,0.0023,0.6987,47.1396,0.0,47.7214,1778007709699694988
ecgclass,fifo,7.241,93.7736,89.38,86.6864,0.0023,0.6987,3.7889,0.0,4.3936,1778007709699694988
ecgclass,fifo,7.2553,169.2595,89.1738,86.4936,0.0023,0.6924,79.4876,0.0,80.0857,1778007709789739367
ecgclass,fifo,7.263,161.634,89.1738,86.4936,0.0023,0.6924,71.8474,0.0,72.4601,1778007709789739367
ecgclass,fifo,7.2868,137.85,89.1738,86.4936,0.0023,0.6924,48.038,0.0,48.6762,1778007709789739367
ecgclass,fifo,7.3542,160.9328,89.9228,87.1747,0.0027,0.5987,70.4591,0.0,71.01,1778007709879564910
ecgclass,fifo,7.3657,149.4355,89.9228,87.1747,0.0027,0.5987,58.9452,0.0,59.5127,1778007709879564910
ecgclass,fifo,7.4129,102.3223,89.9228,87.1747,0.0027,0.5987,11.7757,0.0,12.3996,1778007709879564910
ecgclass,fifo,7.5119,57.9088,54.004,52.3795,0.0025,0.9957,3.2964,0.0,3.9048,1778007709970118583
ecgclass,fifo,7.5253,93.0166,48.1547,45.4504,0.0029,2.1359,44.2936,0.0,44.8619,1778007710024543443
ecgclass,fifo,7.6685,49.1993,47.755,45.0494,0.003,2.1293,0.8547,0.0,1.4443,1778007710124243082
ecgclass,fifo,7.6708,110.4698,63.3109,61.9807,0.0023,0.3703,46.6809,0.0,47.1589,1778007710172431703
ecgclass,fifo,7.6721,109.1852,63.3109,61.9807,0.0023,0.3703,45.3813,0.0,45.8743,1778007710172431703
ecgclass,fifo,7.7338,138.7117,90.6503,89.4476,0.0026,0.2009,47.5335,0.0,48.0614,1778007710236294341
ecgclass,fifo,7.7557,116.8954,90.6503,89.4476,0.0026,0.2009,25.7034,0.0,26.2452,1778007710236294341
ecgclass,fifo,7.7755,97.1079,90.6503,89.4476,0.0026,0.2009,5.8699,0.0,6.4576,1778007710236294341
ecgclass,fifo,7.8411,82.6266,50.1723,47.4069,0.0027,2.1464,31.5082,0.0,32.4543,1778007710327476175
ecgclass,fifo,7.9233,44.6508,43.4158,40.6623,0.0029,2.1099,0.6516,0.0,1.235,1778007710378908099
ecgclass,fifo,7.9505,69.8013,51.9337,49.2103,0.0027,2.0892,17.3166,0.0,17.8677,1778007710422776136
ecgclass,fifo,8.0215,51.1143,50.0919,47.0905,0.0029,2.2936,0.6464,0.0,1.0225,1778007710477046179
ecgclass,fifo,8.0562,79.5176,62.5366,59.7542,0.0029,1.1031,16.4049,0.0,16.981,1778007710527548172
ecgclass,fifo,8.0716,64.2076,62.5366,59.7542,0.0029,1.1031,1.0796,0.0,1.671,1778007710527548172
ecgclass,fifo,8.0797,124.1167,67.7637,65.749,0.0028,0.3224,55.9018,0.0,56.353,1778007710590544263
ecgclass,fifo,8.1253,78.5882,67.7637,65.749,0.0028,0.3224,10.3405,0.0,10.8246,1778007710590544263
ecgclass,fifo,8.1969,57.3471,49.943,47.2819,0.0024,2.0478,6.8915,0.0,7.4041,1778007710658722804
ecgclass,fifo,8.2861,52.9532,51.5443,50.233,0.0022,0.7024,0.8526,0.0,1.4089,1778007710741870943
ecgclass,fifo,8.296,106.0569,62.3896,59.6116,0.0024,1.0603,43.0245,0.0,43.6673,1778007710793894195
ecgclass,fifo,8.3303,71.7559,62.3896,59.6116,0.0024,1.0603,8.7078,0.0,9.3663,1778007710793894195
ecgclass,fifo,8.3472,103.9989,48.7976,46.0048,0.0023,2.1624,54.6963,0.0,55.2013,1778007710856822349
ecgclass,fifo,8.4042,136.4028,88.7845,86.1,0.0029,0.6915,46.9768,0.0,47.6184,1778007710906063127
ecgclass,fifo,8.4115,129.0774,88.7845,86.1,0.0029,0.6915,39.6364,0.0,40.293,1778007710906063127
ecgclass,fifo,8.4138,126.8156,88.7845,86.1,0.0029,0.6915,37.3604,0.0,38.0311,1778007710906063127
ecgclass,fifo,8.4261,204.6185,89.5338,86.721,0.0026,0.7092,114.4488,0.0,115.0846,1778007710995425451
ecgclass,fifo,8.4284,202.3258,89.5338,86.721,0.0026,0.7092,112.1361,0.0,112.792,1778007710995425451
ecgclass,fifo,8.4432,187.5708,89.5338,86.721,0.0026,0.7092,97.3599,0.0,98.037,1778007710995425451
ecgclass,fifo,8.4614,260.5364,90.7777,87.9017,0.0022,0.741,169.163,0.0,169.7587,1778007711085474866
ecgclass,fifo,8.4637,258.1999,90.7777,87.9017,0.0022,0.741,166.8124,0.0,167.4222,1778007711085474866
ecgclass,fifo,8.5662,155.7939,90.7777,87.9017,0.0022,0.741,64.3914,0.0,65.0162,1778007711085474866
ecgclass,fifo,8.577,235.8091,90.3071,87.505,0.0029,0.713,144.9101,0.0,145.5019,1778007711176862169
ecgclass,fifo,8.617,195.8771,90.3071,87.505,0.0029,0.713,104.9631,0.0,105.5699,1778007711176862169
ecgclass,fifo,8.6235,189.3387,90.3071,87.505,0.0029,0.713,98.4101,0.0,99.0315,1778007711176862169
ecgclass,fifo,8.6404,262.5761,89.6975,86.892,0.0026,0.7026,172.3557,0.0,172.8786,1778007711267696462
ecgclass,fifo,8.6428,260.1936,89.6975,86.892,0.0026,0.7026,169.9579,0.0,170.4961,1778007711267696462
ecgclass,fifo,8.6476,255.4939,89.6975,86.892,0.0026,0.7026,165.2026,0.0,165.7964,1778007711267696462
ecgclass,fifo,8.6477,345.8149,89.7094,86.955,0.0025,0.7132,255.4996,0.0,256.1055,1778007711358079800
ecgclass,fifo,8.701,292.5763,89.7094,86.955,0.0025,0.7132,202.1842,0.0,202.8669,1778007711358079800
ecgclass,fifo,8.7137,279.8798,89.7094,86.955,0.0025,0.7132,189.4746,0.0,190.1704,1778007711358079800
ecgclass,fifo,8.7365,346.9348,89.1137,86.3793,0.0029,0.6967,257.0932,0.0,257.8211,1778007711448474951
ecgclass,fifo,8.765,318.413,89.1137,86.3793,0.0029,0.6967,228.5521,0.0,229.2993,1778007711448474951
ecgclass,fifo,8.7714,311.9853,89.1137,86.3793,0.0029,0.6967,222.1143,0.0,222.8715,1778007711448474951
ecgclass,fifo,8.8695,304.8325,90.3018,87.4914,0.0025,0.7139,213.8944,0.0,214.5307,1778007711538328118
ecgclass,fifo,8.8877,286.7465,90.3018,87.4914,0.0025,0.7139,195.7266,0.0,196.4447,1778007711538328118
ecgclass,fifo,8.8901,284.3654,90.3018,87.4914,0.0025,0.7139,193.332,0.0,194.0636,1778007711538328118
ecgclass,fifo,8.8934,370.8007,89.2487,86.3668,0.003,0.6455,280.8647,0.0,281.5521,1778007711629197793
ecgclass,fifo,8.9103,353.9598,89.2487,86.3668,0.003,0.6455,264.0085,0.0,264.7111,1778007711629197793
ecgclass,fifo,8.9147,349.5607,89.2487,86.3668,0.003,0.6455,259.5921,0.0,260.3121,1778007711629197793
ecgclass,fifo,8.9255,430.654,91.2911,88.4136,0.0028,0.7182,338.6288,0.0,339.363,1778007711719058299
ecgclass,fifo,8.9503,405.9324,91.2911,88.4136,0.0028,0.7182,313.8878,0.0,314.6413,1778007711719058299
ecgclass,fifo,8.9516,404.5742,91.2911,88.4136,0.0028,0.7182,312.5083,0.0,313.2831,1778007711719058299
ecgclass,fifo,8.9629,483.309,89.5593,86.7982,0.0026,0.6846,393.0776,0.0,393.7497,1778007711810935659
ecgclass,fifo,9.0156,430.7444,89.5593,86.7982,0.0026,0.6846,340.4555,0.0,341.1851,1778007711810935659
ecgclass,fifo,9.0206,425.7138,89.5593,86.7982,0.0026,0.6846,335.4158,0.0,336.1545,1778007711810935659
ecgclass,fifo,9.0526,483.7568,89.4003,86.6341,0.0029,0.7243,393.7743,0.0,394.3564,1778007711901246271
ecgclass,fifo,9.0527,483.6564,89.4003,86.6341,0.0029,0.7243,393.6603,0.0,394.2561,1778007711901246271
ecgclass,fifo,9.1413,395.0908,89.4003,86.6341,0.0029,0.7243,305.0799,0.0,305.6905,1778007711901246271
ecgclass,fifo,9.1502,476.1536,89.5052,86.5809,0.0032,0.6661,386.0793,0.0,386.6484,1778007711991171353
ecgclass,fifo,9.1576,468.8396,89.5052,86.5809,0.0032,0.6661,378.6719,0.0,379.3345,1778007711991171353
ecgclass,fifo,9.1947,431.761,89.5052,86.5809,0.0032,0.6661,341.5787,0.0,342.2558,1778007711991171353
ecgclass,fifo,9.2694,446.4426,88.8754,86.169,0.0027,0.7015,356.9725,0.0,357.5672,1778007712081304385
ecgclass,fifo,9.3758,340.1732,88.8754,86.169,0.0027,0.7015,250.6082,0.0,251.2978,1778007712081304385
ecgclass,fifo,9.4222,293.7627,88.8754,86.169,0.0027,0.7015,204.1819,0.0,204.8873,1778007712081304385
ecgclass,fifo,9.4792,326.7145,89.393,86.6945,0.0026,0.6839,236.6996,0.0,237.3216,1778007712170829894
ecgclass,fifo,9.5159,290.0834,89.393,86.6945,0.0026,0.6839,200.0558,0.0,200.6905,1778007712170829894
ecgclass,fifo,9.5222,283.7632,89.393,86.6945,0.0026,0.6839,193.7213,0.0,194.3702,1778007712170829894
ecgclass,fifo,9.5618,334.0328,89.2682,86.3927,0.0026,0.7198,244.0979,0.0,244.7645,1778007712260811311
ecgclass,fifo,9.5672,328.6688,89.2682,86.3927,0.0026,0.7198,238.7152,0.0,239.4006,1778007712260811311
ecgclass,fifo,9.5998,296.0458,89.2682,86.3927,0.0026,0.7198,206.0707,0.0,206.7775,1778007712260811311
ecgclass,fifo,9.6251,362.71,91.3701,88.5638,0.0027,0.6936,270.6769,0.0,271.3399,1778007712350647940
ecgclass,fifo,9.6372,350.6339,91.3701,88.5638,0.0027,0.6936,258.58,0.0,259.2637,1778007712350647940
ecgclass,fifo,9.6612,326.602,91.3701,88.5638,0.0027,0.6936,234.5254,0.0,235.2319,1778007712350647940
ecgclass,fifo,9.6916,388.1581,91.0723,88.3549,0.0027,0.6955,296.3507,0.0,297.0857,1778007712442814470
ecgclass,fifo,9.6988,380.8808,91.0723,88.3549,0.0027,0.6955,289.0563,0.0,289.8085,1778007712442814470
ecgclass,fifo,9.7134,366.3902,91.0723,88.3549,0.0027,0.6955,274.5416,0.0,275.3179,1778007712442814470
ecgclass,fifo,9.7266,443.114,89.4522,86.6323,0.0028,0.7125,352.9971,0.0,353.6618,1778007712534535667
ecgclass,fifo,9.731,438.8859,89.4522,86.6323,0.0028,0.7125,348.6614,0.0,349.4337,1778007712534535667
ecgclass,fifo,9.7413,428.5443,89.4522,86.6323,0.0028,0.7125,338.2876,0.0,339.092,1778007712534535667
ecgclass,fifo,9.7743,485.6675,89.5414,86.7066,0.0023,0.7219,395.545,0.0,396.126,1778007712624763760
ecgclass,fifo,9.8141,445.9395,89.5414,86.7066,0.0023,0.7219,355.7265,0.0,356.3981,1778007712624763760
ecgclass,fifo,9.8332,426.94,89.5414,86.7066,0.0023,0.7219,336.6923,0.0,337.3985,1778007712624763760
ecgclass,fifo,9.8536,497.3145,90.064,87.2103,0.0032,0.7144,406.5657,0.0,407.2505,1778007712715038217
ecgclass,fifo,9.8681,482.8,90.064,87.2103,0.0032,0.7144,392.036,0.0,392.736,1778007712715038217
ecgclass,fifo,9.9061,444.7761,90.064,87.2103,0.0032,0.7144,353.9929,0.0,354.7121,1778007712715038217
ecgclass,fifo,9.9189,522.296,89.6047,86.8289,0.0027,0.7103,432.0042,0.0,432.6913,1778007712805809290
ecgclass,fifo,9.9512,490.0274,89.6047,86.8289,0.0027,0.7103,399.7226,0.0,400.4227,1778007712805809290
ecgclass,fifo,9.972,469.1913,89.6047,86.8289,0.0027,0.7103,378.8779,0.0,379.5866,1778007712805809290
ecgclass,fifo,9.9927,504.3936,55.4004,52.5612,0.0028,2.1089,448.3991,0.0,448.9932,1778007712895974982
gestureclass,fifo,0.0002,372.277,370.6083,355.0044,0.0026,14.8704,0.9232,0.0,1.6687,1778007702456069441
gestureclass,fifo,0.0437,410.6798,81.5253,66.6773,0.0023,4.708,328.5103,0.0,329.1545,1778007702827169660
gestureclass,fifo,0.0634,391.067,81.5253,66.6773,0.0023,4.708,308.8801,0.0,309.5418,1778007702827169660
gestureclass,fifo,0.0864,368.1033,81.5253,66.6773,0.0023,4.708,285.8984,0.0,286.578,1778007702827169660
gestureclass,fifo,0.0897,443.9199,78.5752,75.7342,0.0025,0.7325,364.8026,0.0,365.3447,1778007702909464473
gestureclass,fifo,0.1002,433.5566,78.5752,75.7342,0.0025,0.7325,354.382,0.0,354.9813,1778007702909464473
gestureclass,fifo,0.1246,409.1454,78.5752,75.7342,0.0025,0.7325,329.9627,0.0,330.5701,1778007702909464473
gestureclass,fifo,0.1451,478.9975,89.5929,86.7701,0.0022,0.7045,388.6685,0.0,389.4046,1778007702988655550
gestureclass,fifo,0.1496,474.473,89.5929,86.7701,0.0022,0.7045,384.125,0.0,384.8801,1778007702988655550
gestureclass,fifo,0.2117,412.369,89.5929,86.7701,0.0022,0.7045,322.0112,0.0,322.7761,1778007702988655550
gestureclass,fifo,0.2124,502.5563,90.5488,87.7314,0.0023,0.689,411.4759,0.0,412.0076,1778007703078799762
gestureclass,fifo,0.2349,480.0646,90.5488,87.7314,0.0023,0.689,388.9694,0.0,389.5159,1778007703078799762
gestureclass,fifo,0.2375,477.4506,90.5488,87.7314,0.0023,0.689,386.342,0.0,386.9018,1778007703078799762
gestureclass,fifo,0.2865,518.7013,89.3593,86.5222,0.0027,0.7061,428.6056,0.0,429.3421,1778007703170005243
gestureclass,fifo,0.288,517.1559,89.3593,86.5222,0.0027,0.7061,427.0437,0.0,427.7966,1778007703170005243
gestureclass,fifo,0.3191,486.1381,89.3593,86.5222,0.0027,0.7061,396.0185,0.0,396.7788,1778007703170005243
gestureclass,fifo,0.3227,572.6767,89.6547,86.7424,0.0024,0.7199,482.3539,0.0,483.022,1778007703259988373
gestureclass,fifo,0.4137,481.6639,89.6547,86.7424,0.0024,0.7199,391.3264,0.0,392.0092,1778007703259988373
gestureclass,fifo,0.4252,470.2218,89.6547,86.7424,0.0024,0.7199,379.8633,0.0,380.5671,1778007703259988373
gestureclass,fifo,0.4487,537.395,90.2618,87.3153,0.002,0.582,446.6431,0.0,447.1332,1778007703350218767
gestureclass,fifo,0.4755,510.5774,90.2618,87.3153,0.002,0.582,419.8105,0.0,420.3157,1778007703350218767
gestureclass,fifo,0.4817,504.4706,90.2618,87.3153,0.002,0.582,413.6336,0.0,414.2088,1778007703350218767
gestureclass,fifo,0.5098,566.9539,90.0869,87.32,0.0032,0.6436,476.4137,0.0,476.867,1778007703441122552
gestureclass,fifo,0.5252,551.5628,90.0869,87.32,0.0032,0.6436,461.0085,0.0,461.4759,1778007703441122552
gestureclass,fifo,0.5795,497.2959,90.0869,87.32,0.0032,0.6436,406.6937,0.0,407.209,1778007703441122552
gestureclass,fifo,0.581,586.3209,89.5158,86.8173,0.0031,0.6418,495.9538,0.0,496.8051,1778007703531821756
gestureclass,fifo,0.6886,478.7173,89.5158,86.8173,0.0031,0.6418,388.3297,0.0,389.2015,1778007703531821756
gestureclass,fifo,0.7053,462.0411,89.5158,86.8173,0.0031,0.6418,371.6311,0.0,372.5254,1778007703531821756
gestureclass,fifo,0.7106,549.7506,92.5,89.7386,0.0025,0.6821,456.5368,0.0,457.2506,1778007703622042305
gestureclass,fifo,0.7222,538.1577,92.5,89.7386,0.0025,0.6821,444.9236,0.0,445.6577,1778007703622042305
gestureclass,fifo,0.7474,512.9571,92.5,89.7386,0.0025,0.6821,419.7006,0.0,420.4571,1778007703622042305
gestureclass,fifo,0.7682,582.8023,90.0585,87.1633,0.0027,0.7078,492.0483,0.0,492.7437,1778007703715143878
gestureclass,fifo,0.8094,541.6026,90.0585,87.1633,0.0027,0.7078,450.8283,0.0,451.5441,1778007703715143878
gestureclass,fifo,0.8542,496.8393,90.0585,87.1633,0.0027,0.7078,406.0433,0.0,406.7807,1778007703715143878
gestureclass,fifo,0.8737,567.7373,89.691,86.8986,0.0027,0.6965,477.3042,0.0,478.0463,1778007703805919466
gestureclass,fifo,0.9051,536.3708,89.691,86.8986,0.0027,0.6965,445.9178,0.0,446.6798,1778007703805919466
gestureclass,fifo,0.9188,522.7103,89.691,86.8986,0.0027,0.6965,432.2469,0.0,433.0193,1778007703805919466
gestureclass,fifo,0.9211,610.6412,89.854,87.0758,0.0027,0.6892,520.2079,0.0,520.7872,1778007703896214575
gestureclass,fifo,0.9317,600.0059,89.854,87.0758,0.0027,0.6892,509.5515,0.0,510.1519,1778007703896214575
gestureclass,fifo,0.9373,594.4459,89.854,87.0758,0.0027,0.6892,503.9694,0.0,504.5919,1778007703896214575
gestureclass,fifo,0.977,644.6204,89.0522,86.3387,0.0021,0.6984,554.8809,0.0,555.5682,1778007703986759447
gestureclass,fifo,0.9814,640.2442,89.0522,86.3387,0.0021,0.6984,550.4687,0.0,551.1921,1778007703986759447
gestureclass,fifo,1.0066,615.0343,89.0522,86.3387,0.0021,0.6984,525.2271,0.0,525.9822,1778007703986759447
gestureclass,fifo,1.0527,658.8311,89.1403,86.2431,0.0022,0.4503,569.0727,0.0,569.6909,1778007704076664326
gestureclass,fifo,1.055,656.5254,89.1403,86.2431,0.0022,0.4503,566.7508,0.0,567.3851,1778007704076664326
gestureclass,fifo,1.0739,637.6708,89.1403,86.2431,0.0022,0.4503,547.8883,0.0,548.5305,1778007704076664326
gestureclass,fifo,1.1263,675.0047,89.2566,86.4187,0.0025,0.7148,585.1305,0.0,585.7482,1778007704166366761
gestureclass,fifo,1.1366,664.7038,89.2566,86.4187,0.0025,0.7148,574.8055,0.0,575.4473,1778007704166366761
gestureclass,fifo,1.147,654.3975,89.2566,86.4187,0.0025,0.7148,564.492,0.0,565.1409,1778007704166366761
gestureclass,fifo,1.1593,732.1141,89.6212,86.7717,0.0024,0.7223,641.9957,0.0,642.4929,1778007704256190561
gestureclass,fifo,1.164,727.4024,89.6212,86.7717,0.0024,0.7223,637.2705,0.0,637.7813,1778007704256190561
gestureclass,fifo,1.167,724.4728,89.6212,86.7717,0.0024,0.7223,634.2835,0.0,634.8516,1778007704256190561
gestureclass,fifo,1.23,750.9816,88.953,86.2768,0.0025,0.6955,661.5729,0.0,662.0285,1778007704346463128
gestureclass,fifo,1.2776,703.4464,88.953,86.2768,0.0025,0.6955,613.9851,0.0,614.4933,1778007704346463128
gestureclass,fifo,1.2898,691.2279,88.953,86.2768,0.0025,0.6955,601.7585,0.0,602.2749,1778007704346463128
gestureclass,fifo,1.2962,775.3301,89.655,86.91,0.0024,0.677,684.8812,0.0,685.6751,1778007704436017287
gestureclass,fifo,1.3237,747.9129,89.655,86.91,0.0024,0.677,657.4399,0.0,658.2579,1778007704436017287
gestureclass,fifo,1.4092,662.4212,89.655,86.91,0.0024,0.677,571.9366,0.0,572.7662,1778007704436017287
gestureclass,fifo,1.4527,709.2118,90.0735,87.2436,0.0021,0.7232,618.6717,0.0,619.1383,1778007704526267720
gestureclass,fifo,1.4625,699.4262,90.0735,87.2436,0.0021,0.7232,608.8717,0.0,609.3526,1778007704526267720
gestureclass,fifo,1.4756,686.4002,90.0735,87.2436,0.0021,0.7232,595.7968,0.0,596.3266,1778007704526267720
gestureclass,fifo,1.498,754.936,90.2893,87.5022,0.0025,0.7115,664.0193,0.0,664.6467,1778007704616952723
gestureclass,fifo,1.5126,740.4163,90.2893,87.5022,0.0025,0.7115,649.4849,0.0,650.127,1778007704616952723
gestureclass,fifo,1.519,733.9938,90.2893,87.5022,0.0025,0.7115,643.049,0.0,643.7045,1778007704616952723
gestureclass,fifo,1.5254,817.5247,89.4728,86.592,0.0025,0.5945,727.5188,0.0,728.0519,1778007704707787566
gestureclass,fifo,1.5469,795.9647,89.4728,86.592,0.0025,0.5945,705.9441,0.0,706.4919,1778007704707787566
gestureclass,fifo,1.6173,725.6429,89.4728,86.592,0.0025,0.5945,635.6075,0.0,636.1701,1778007704707787566
gestureclass,fifo,1.6206,813.5719,90.5081,87.6861,0.0026,0.716,722.3639,0.0,723.0638,1778007704797908357
gestureclass,fifo,1.6445,789.7122,90.5081,87.6861,0.0026,0.716,698.4878,0.0,699.2041,1778007704797908357
gestureclass,fifo,1.6977,736.4891,90.5081,87.6861,0.0026,0.716,645.2496,0.0,645.9809,1778007704797908357
gestureclass,fifo,1.6979,826.5185,89.5475,86.6797,0.0023,0.719,736.2869,0.0,736.971,1778007704889054513
gestureclass,fifo,1.7083,816.0822,89.5475,86.6797,0.0023,0.719,725.8282,0.0,726.5347,1778007704889054513
gestureclass,fifo,1.7351,789.2814,89.5475,86.6797,0.0023,0.719,699.017,0.0,699.7339,1778007704889054513
gestureclass,fifo,1.7807,833.8184,89.2682,86.4348,0.0025,0.7121,743.5811,0.0,744.5502,1778007704979184079
gestureclass,fifo,1.8383,776.2659,89.2682,86.4348,0.0025,0.7121,686.007,0.0,686.9976,1778007704979184079
gestureclass,fifo,1.8436,770.9339,89.2682,86.4348,0.0025,0.7121,680.6631,0.0,681.6656,1778007704979184079
gestureclass,fifo,1.8459,857.8784,88.9427,86.1615,0.0031,0.6858,768.219,0.0,768.9358,1778007705069021352
gestureclass,fifo,1.8522,851.6335,88.9427,86.1615,0.0031,0.6858,761.9514,0.0,762.6909,1778007705069021352
gestureclass,fifo,1.8684,835.3646,88.9427,86.1615,0.0031,0.6858,745.6617,0.0,746.4219,1778007705069021352
gestureclass,fifo,1.8737,920.7528,90.1312,87.3712,0.0028,0.7125,830.0862,0.0,830.6216,1778007705158721311
gestureclass,fifo,1.882,912.564,90.1312,87.3712,0.0028,0.7125,821.8329,0.0,822.4328,1778007705158721311
gestureclass,fifo,1.9106,883.9338,90.1312,87.3712,0.0028,0.7125,793.19,0.0,793.8026,1778007705158721311
gestureclass,fifo,1.9107,974.0067,89.4979,86.7328,0.0023,0.7106,883.8954,0.0,884.5088,1778007705249512434
gestureclass,fifo,1.9471,937.6476,89.4979,86.7328,0.0023,0.7106,847.5211,0.0,848.1497,1778007705249512434
gestureclass,fifo,1.9472,937.5563,89.4979,86.7328,0.0023,0.7106,847.4133,0.0,848.0584,1778007705249512434
gestureclass,fifo,1.9659,1008.7378,89.151,86.4587,0.0021,0.4246,919.0016,0.0,919.5868,1778007705339765627
gestureclass,fifo,1.9671,1007.458,89.151,86.4587,0.0021,0.4246,917.707,0.0,918.307,1778007705339765627
gestureclass,fifo,1.9734,1001.2162,89.151,86.4587,0.0021,0.4246,911.4516,0.0,912.0652,1778007705339765627
gestureclass,fifo,1.9852,1079.7079,89.6083,86.8442,0.0029,0.7052,989.4981,0.0,990.0995,1778007705429567142
gestureclass,fifo,2.0292,1035.6889,89.6083,86.8442,0.0029,0.7052,945.4243,0.0,946.0806,1778007705429567142
gestureclass,fifo,2.0335,1031.415,89.6083,86.8442,0.0029,0.7052,941.1423,0.0,941.8067,1778007705429567142
gestureclass,fifo,2.1123,1043.0129,89.7188,86.9286,0.0023,0.6849,952.5383,0.0,953.2941,1778007705519765562
gestureclass,fifo,2.1546,1000.7665,89.7188,86.9286,0.0023,0.6849,910.2759,0.0,911.0477,1778007705519765562
gestureclass,fifo,2.1559,999.4929,89.7188,86.9286,0.0023,0.6849,908.9918,0.0,909.7741,1778007705519765562
gestureclass,fifo,2.1559,1089.3757,89.272,86.4582,0.0029,0.718,999.4173,0.0,1000.1037,1778007705610246004
gestureclass,fifo,2.1602,1085.094,89.272,86.4582,0.0029,0.718,995.1205,0.0,995.822,1778007705610246004
gestureclass,fifo,2.1794,1065.9006,89.272,86.4582,0.0029,0.718,975.9183,0.0,976.6285,1778007705610246004
gestureclass,fifo,2.3029,1032.6388,89.717,86.878,0.0026,0.7166,942.338,0.0,942.9218,1778007705700110157
gestureclass,fifo,2.3099,1025.6793,89.717,86.878,0.0026,0.7166,935.323,0.0,935.9624,1778007705700110157
gestureclass,fifo,2.3378,997.7286,89.717,86.878,0.0026,0.7166,907.3629,0.0,908.0116,1778007705700110157
gestureclass,fifo,2.3392,1086.1545,89.0748,86.3171,0.0025,0.7182,996.4926,0.0,997.0797,1778007705790559229
gestureclass,fifo,2.3705,1054.7745,89.0748,86.3171,0.0025,0.7182,965.0972,0.0,965.6998,1778007705790559229
gestureclass,fifo,2.4099,1015.451,89.0748,86.3171,0.0025,0.7182,925.76,0.0,926.3762,1778007705790559229
gestureclass,fifo,2.4558,1059.3472,89.1628,86.3958,0.0025,0.7063,969.6746,0.0,970.1844,1778007705880339198
gestureclass,fifo,2.4994,1015.8203,89.1628,86.3958,0.0025,0.7063,926.0657,0.0,926.6575,1778007705880339198
gestureclass,fifo,2.5326,982.6248,89.1628,86.3958,0.0025,0.7063,892.8576,0.0,893.462,1778007705880339198
gestureclass,fifo,2.5339,1071.3174,89.3638,86.637,0.003,0.6907,981.2989,0.0,981.9537,1778007705970140835
gestureclass,fifo,2.5506,1054.6679,89.3638,86.637,0.003,0.6907,964.6327,0.0,965.3042,1778007705970140835
gestureclass,fifo,2.5591,1046.1822,89.3638,86.637,0.003,0.6907,956.1231,0.0,956.8184,1778007705970140835
gestureclass,fifo,2.5696,1126.3471,90.1613,87.3685,0.0028,0.7203,1035.7025,0.0,1036.1857,1778007706060242984
gestureclass,fifo,2.6143,1081.6977,90.1613,87.3685,0.0028,0.7203,991.0378,0.0,991.5364,1778007706060242984
gestureclass,fifo,2.6569,1039.1376,90.1613,87.3685,0.0028,0.7203,948.4284,0.0,948.9763,1778007706060242984
gestureclass,fifo,2.6803,1106.0953,89.598,86.8774,0.0026,0.6804,1015.8548,0.0,1016.4973,1778007706151062930
gestureclass,fifo,2.6847,1101.7225,89.598,86.8774,0.0026,0.6804,1011.466,0.0,1012.1245,1778007706151062930
gestureclass,fifo,2.707,1079.4661,89.598,86.8774,0.0026,0.6804,989.1953,0.0,989.8681,1778007706151062930
gestureclass,fifo,2.7133,1162.5938,88.8259,86.0361,0.0026,0.6893,1073.23,0.0,1073.768,1778007706241484264
gestureclass,fifo,2.743,1132.9453,88.8259,86.0361,0.0026,0.6893,1043.5257,0.0,1044.1194,1778007706241484264
gestureclass,fifo,2.7469,1129.1261,88.8259,86.0361,0.0026,0.6893,1039.6972,0.0,1040.3002,1778007706241484264
gestureclass,fifo,2.7706,1195.385,89.5301,86.7626,0.0022,0.7201,1105.3905,0.0,1105.8548,1778007706330925305
gestureclass,fifo,2.7811,1185.004,89.5301,86.7626,0.0022,0.7201,1094.96,0.0,1095.4739,1778007706330925305
gestureclass,fifo,2.7812,1184.8977,89.5301,86.7626,0.0022,0.7201,1094.8465,0.0,1095.3675,1778007706330925305
gestureclass,fifo,2.8088,1248.2138,89.6785,86.885,0.0022,0.7287,1157.3715,0.0,1158.5353,1778007706421052538
gestureclass,fifo,2.8112,1245.7662,89.6785,86.885,0.0022,0.7287,1154.9044,0.0,1156.0877,1778007706421052538
gestureclass,fifo,2.8974,1159.6191,89.6785,86.885,0.0022,0.7287,1068.7463,0.0,1069.9406,1778007706421052538
gestureclass,fifo,2.9106,1237.2005,90.6548,87.9091,0.0024,0.711,1145.8943,0.0,1146.5457,1778007706511400807
gestureclass,fifo,2.9173,1230.4704,90.6548,87.9091,0.0024,0.711,1139.1437,0.0,1139.8157,1778007706511400807
gestureclass,fifo,2.9217,1226.1553,90.6548,87.9091,0.0024,0.711,1134.804,0.0,1135.5005,1778007706511400807
gestureclass,fifo,2.9362,1301.1189,88.9213,86.1606,0.0029,0.7225,1211.6761,0.0,1212.1976,1778007706602819449
gestureclass,fifo,2.9636,1273.8078,88.9213,86.1606,0.0029,0.7225,1184.3069,0.0,1184.8865,1778007706602819449
gestureclass,fifo,2.9991,1238.3204,88.9213,86.1606,0.0029,0.7225,1148.8078,0.0,1149.3991,1778007706602819449
gestureclass,fifo,3.0164,1311.2392,89.5887,86.8768,0.0026,0.6893,1221.0515,0.0,1221.6506,1778007706692412150
gestureclass,fifo,3.0851,1242.6596,89.5887,86.8768,0.0026,0.6893,1152.406,0.0,1153.0709,1778007706692412150
gestureclass,fifo,3.1157,1212.0538,89.5887,86.8768,0.0026,0.6893,1121.7909,0.0,1122.4651,1778007706692412150
gestureclass,fifo,3.1191,1298.4512,89.0578,86.2968,0.0027,0.6823,1208.7753,0.0,1209.3934,1778007706782764087
gestureclass,fifo,3.1841,1233.4855,89.0578,86.2968,0.0027,0.6823,1143.7933,0.0,1144.4277,1778007706782764087
gestureclass,fifo,3.1924,1225.1689,89.0578,86.2968,0.0027,0.6823,1135.426,0.0,1136.1111,1778007706782764087
gestureclass,fifo,3.2605,1247.6366,88.9857,86.1626,0.003,0.7168,1157.2468,0.0,1158.6509,1778007706872623507
gestureclass,fifo,3.2658,1242.3749,88.9857,86.1626,0.003,0.7168,1151.8741,0.0,1153.3892,1778007706872623507
gestureclass,fifo,3.277,1231.2427,88.9857,86.1626,0.003,0.7168,1140.7282,0.0,1142.257,1778007706872623507
gestureclass,fifo,3.2993,1298.842,89.726,86.8091,0.0024,0.7113,1208.554,0.0,1209.116,1778007706962789236
gestureclass,fifo,3.3008,1297.421,89.726,86.8091,0.0024,0.7113,1207.1178,0.0,1207.695,1778007706962789236
gestureclass,fifo,3.3547,1243.4711,89.726,86.8091,0.0024,0.7113,1153.1529,0.0,1153.7451,1778007706962789236
gestureclass,fifo,3.3623,1325.8789,89.5198,86.7141,0.0032,0.647,1235.8394,0.0,1236.359,1778007707053042225
gestureclass,fifo,3.3675,1320.6747,89.5198,86.7141,0.0032,0.647,1230.5808,0.0,1231.1548,1778007707053042225
gestureclass,fifo,3.3688,1319.401,89.5198,86.7141,0.0032,0.647,1229.2988,0.0,1229.8812,1778007707053042225
gestureclass,fifo,3.3701,1408.3645,89.5253,86.7721,0.0024,0.709,1318.2099,0.0,1318.8393,1778007707143202115
gestureclass,fifo,3.3701,1408.319,89.5253,86.7721,0.0024,0.709,1318.1496,0.0,1318.7937,1778007707143202115
gestureclass,fifo,3.3777,1400.8183,89.5253,86.7721,0.0024,0.709,1310.6344,0.0,1311.2931,1778007707143202115
gestureclass,fifo,3.3851,1483.6447,89.379,86.5937,0.0025,0.7043,1393.4164,0.0,1394.2658,1778007707233451927
gestureclass,fifo,3.4058,1462.975,89.379,86.5937,0.0025,0.7043,1372.7281,0.0,1373.5961,1778007707233451927
gestureclass,fifo,3.4523,1416.5041,89.379,86.5937,0.0025,0.7043,1326.2494,0.0,1327.1252,1778007707233451927
gestureclass,fifo,3.475,1483.8142,89.5285,86.6405,0.0025,0.7113,1393.5974,0.0,1394.2858,1778007707323490108
gestureclass,fifo,3.4963,1462.4786,89.5285,86.6405,0.0025,0.7113,1372.2463,0.0,1372.9501,1778007707323490108
gestureclass,fifo,3.5081,1450.7384,89.5285,86.6405,0.0025,0.7113,1360.4915,0.0,1361.2099,1778007707323490108
gestureclass,fifo,3.5268,1523.5398,90.9003,88.0803,0.0023,0.7068,1431.9012,0.0,1432.6395,1778007707413632828
gestureclass,fifo,3.5432,1507.1964,90.9003,88.0803,0.0023,0.7068,1415.5416,0.0,1416.2961,1778007707413632828
gestureclass,fifo,3.5444,1505.9412,90.9003,88.0803,0.0023,0.7068,1414.2783,0.0,1415.0408,1778007707413632828
gestureclass,fifo,3.5497,1595.2442,93.6169,91.7583,0.0023,0.3819,1500.7951,0.0,1501.6272,1778007707505428097
gestureclass,fifo,3.555,1589.9754,93.6169,91.7583,0.0023,0.3819,1495.5101,0.0,1496.3584,1778007707505428097
gestureclass,fifo,3.5563,1588.6707,93.6169,91.7583,0.0023,0.3819,1494.1983,0.0,1495.0538,1778007707505428097
gestureclass,fifo,3.5666,1670.5005,91.5212,90.2489,0.0023,0.1906,1578.3374,0.0,1578.9793,1778007707599875772
gestureclass,fifo,3.5667,1670.45,91.5212,90.2489,0.0023,0.1906,1578.2714,0.0,1578.9288,1778007707599875772
gestureclass,fifo,3.5971,1640.0666,91.5212,90.2489,0.0023,0.1906,1547.8733,0.0,1548.5454,1778007707599875772
gestureclass,fifo,3.6279,1701.8929,92.1827,90.8303,0.0021,0.2176,1609.1816,0.0,1609.7102,1778007707691965138
gestureclass,fifo,3.6292,1700.5639,92.1827,90.8303,0.0021,0.2176,1607.8374,0.0,1608.3812,1778007707691965138
gestureclass,fifo,3.6315,1698.2906,92.1827,90.8303,0.0021,0.2176,1605.5498,0.0,1606.1079,1778007707691965138
gestureclass,fifo,3.6939,1728.8754,92.4277,90.7193,0.0021,0.3639,1635.9367,0.0,1636.4477,1778007707784780741
gestureclass,fifo,3.7002,1722.6388,92.4277,90.7193,0.0021,0.3639,1629.6854,0.0,1630.2112,1778007707784780741
gestureclass,fifo,3.7141,1708.7584,92.4277,90.7193,0.0021,0.3639,1615.7911,0.0,1616.3307,1778007707784780741
gestureclass,fifo,3.7268,1786.6426,89.9871,88.9064,0.0028,0.1557,1696.099,0.0,1696.6555,1778007707877808984
gestureclass,fifo,3.7526,1760.854,89.9871,88.9064,0.0028,0.1557,1670.2955,0.0,1670.8669,1778007707877808984
gestureclass,fifo,3.773,1740.5131,89.9871,88.9064,0.0028,0.1557,1649.9319,0.0,1650.526,1778007707877808984
gestureclass,fifo,3.8183,1787.6375,92.0588,90.9047,0.0023,0.1736,1695.1203,0.0,1695.5787,1778007707968322915
gestureclass,fifo,3.8226,1783.4091,92.0588,90.9047,0.0023,0.1736,1690.8262,0.0,1691.3503,1778007707968322915
gestureclass,fifo,3.8429,1763.1292,92.0588,90.9047,0.0023,0.1736,1670.5167,0.0,1671.0705,1778007707968322915
gestureclass,fifo,3.8515,1846.2481,91.0299,89.9054,0.0021,0.1805,1754.6194,0.0,1755.2182,1778007708061038504
gestureclass,fifo,3.8663,1831.4819,91.0299,89.9054,0.0021,0.1805,1739.8336,0.0,1740.452,1778007708061038504
gestureclass,fifo,3.9489,1748.8887,91.0299,89.9054,0.0021,0.1805,1657.2175,0.0,1657.8588,1778007708061038504
gestureclass,fifo,3.9606,1829.5162,91.6128,90.5278,0.0023,0.159,1737.2632,0.0,1737.9034,1778007708152804992
gestureclass,fifo,3.9835,1806.6862,91.6128,90.5278,0.0023,0.159,1714.3724,0.0,1715.0733,1778007708152804992
gestureclass,fifo,3.9958,1794.399,91.6128,90.5278,0.0023,0.159,1702.0769,0.0,1702.7862,1778007708152804992
gestureclass,fifo,4.0001,1880.6617,90.114,88.7786,0.0025,0.1942,1790.0169,0.0,1790.5478,1778007708245057584
gestureclass,fifo,4.0002,1880.6024,90.114,88.7786,0.0025,0.1942,1789.9423,0.0,1790.4884,1778007708245057584
gestureclass,fifo,4.0319,1848.9139,90.114,88.7786,0.0025,0.1942,1758.2042,0.0,1758.7999,1778007708245057584
gestureclass,fifo,4.0333,1931.7744,83.4477,80.7358,0.0026,0.7004,1847.6589,0.0,1848.3266,1778007708335837338
gestureclass,fifo,4.0375,1927.5186,83.4477,80.7358,0.0026,0.7004,1843.3876,0.0,1844.0709,1778007708335837338
gestureclass,fifo,4.0562,1908.9015,83.4477,80.7358,0.0026,0.7004,1824.7557,0.0,1825.4537,1778007708335837338
gestureclass,fifo,4.0632,1983.9048,81.4561,80.0629,0.0023,0.2504,1901.829,0.0,1902.4488,1778007708419893788
gestureclass,fifo,4.0755,1971.6027,81.4561,80.0629,0.0023,0.2504,1889.5113,0.0,1890.1466,1778007708419893788
gestureclass,fifo,4.0884,1958.8675,81.4561,80.0629,0.0023,0.2504,1876.6117,0.0,1877.4115,1778007708419893788
gestureclass,fifo,4.0884,2046.459,86.8525,84.1062,0.0022,0.6982,1958.5433,0.0,1959.6064,1778007708501899439
gestureclass,fifo,4.1322,2002.7692,86.8525,84.1062,0.0022,0.6982,1914.834,0.0,1915.9167,1778007708501899439
gestureclass,fifo,4.2136,1921.3111,86.8525,84.1062,0.0022,0.6982,1833.364,0.0,1834.4586,1778007708501899439
gestureclass,fifo,4.228,1995.9862,88.9815,86.0897,0.0031,0.713,1906.3952,0.0,1907.0047,1778007708589331981
gestureclass,fifo,4.2354,1988.6153,88.9815,86.0897,0.0031,0.713,1899.0092,0.0,1899.6338,1778007708589331981
gestureclass,fifo,4.2808,1943.212,88.9815,86.0897,0.0031,0.713,1853.5912,0.0,1854.2305,1778007708589331981
gestureclass,fifo,4.2913,2025.387,91.9171,90.5094,0.0031,0.2587,1932.7297,0.0,1933.4699,1778007708678986902
gestureclass,fifo,4.3108,2005.9867,91.9171,90.5094,0.0031,0.2587,1913.3067,0.0,1914.0696,1778007708678986902
gestureclass,fifo,4.3535,1963.222,91.9171,90.5094,0.0031,0.2587,1870.5299,0.0,1871.3049,1778007708678986902
gestureclass,fifo,4.361,2038.8799,82.5313,79.6808,0.0027,0.7171,1955.5895,0.0,1956.3486,1778007708771461283
gestureclass,fifo,4.3994,2000.4148,82.5313,79.6808,0.0027,0.7171,1917.1038,0.0,1917.8836,1778007708771461283
gestureclass,fifo,4.4227,1977.1521,82.5313,79.6808,0.0027,0.7171,1893.8146,0.0,1894.6208,1778007708771461283
gestureclass,fifo,4.4432,2046.3645,89.2672,86.4799,0.0022,0.6931,1956.4767,0.0,1957.0974,1778007708854613990
gestureclass,fifo,4.4788,2010.8259,89.2672,86.4799,0.0022,0.6931,1920.9187,0.0,1921.5587,1778007708854613990
gestureclass,fifo,4.4789,2010.7448,89.2672,86.4799,0.0022,0.6931,1920.8176,0.0,1921.4777,1778007708854613990
gestureclass,fifo,4.4863,2094.2583,90.2966,87.5134,0.0026,0.7136,2003.2997,0.0,2003.9617,1778007708944528375
gestureclass,fifo,4.4907,2089.9367,90.2966,87.5134,0.0026,0.7136,1998.9583,0.0,1999.6402,1778007708944528375
gestureclass,fifo,4.497,2083.6394,90.2966,87.5134,0.0026,0.7136,1992.641,0.0,1993.3428,1778007708944528375
gestureclass,fifo,4.5053,2165.1807,89.3386,86.4836,0.0024,0.7119,2075.2082,0.0,2075.8421,1778007709035426996
gestureclass,fifo,4.5104,2160.1512,89.3386,86.4836,0.0024,0.7119,2070.1594,0.0,2070.8127,1778007709035426996
gestureclass,fifo,4.5231,2147.4195,89.3386,86.4836,0.0024,0.7119,2057.4067,0.0,2058.0809,1778007709035426996
gestureclass,fifo,4.5295,2230.7429,89.1709,86.3906,0.0026,0.7068,2141.0558,0.0,2141.572,1778007709125459034
gestureclass,fifo,4.5408,2219.4836,89.1709,86.3906,0.0026,0.7068,2129.7796,0.0,2130.3127,1778007709125459034
gestureclass,fifo,4.5544,2205.8895,89.1709,86.3906,0.0026,0.7068,2116.1349,0.0,2116.7185,1778007709125459034
gestureclass,fifo,4.5597,2291.9095,90.6428,87.8577,0.0026,0.7227,2200.6547,0.0,2201.2667,1778007709215269510
gestureclass,fifo,4.5803,2271.3823,90.6428,87.8577,0.0026,0.7227,2180.0737,0.0,2180.7396,1778007709215269510
gestureclass,fifo,4.6023,2249.3544,90.6428,87.8577,0.0026,0.7227,2158.0369,0.0,2158.7116,1778007709215269510
gestureclass,fifo,4.6334,2307.8394,89.0292,86.2043,0.0022,0.7173,2218.2026,0.0,2218.8102,1778007709306551397
gestureclass,fifo,4.6377,2303.5941,89.0292,86.2043,0.0022,0.7173,2213.9289,0.0,2214.5649,1778007709306551397
gestureclass,fifo,4.658,2283.2925,89.0292,86.2043,0.0022,0.7173,2193.6052,0.0,2194.2633,1778007709306551397
gestureclass,fifo,4.6852,2346.6909,90.1399,87.2866,0.0026,0.7049,2256.0127,0.0,2256.551,1778007709396128902
gestureclass,fifo,4.6865,2345.4156,90.1399,87.2866,0.0026,0.7049,2254.7231,0.0,2255.2757,1778007709396128902
gestureclass,fifo,4.6984,2333.5867,90.1399,87.2866,0.0026,0.7049,2242.8417,0.0,2243.4468,1778007709396128902
gestureclass,fifo,4.7169,2405.9241,90.3357,87.4838,0.0023,0.5193,2314.9927,0.0,2315.5884,1778007709486831777
gestureclass,fifo,4.7223,2400.6512,90.3357,87.4838,0.0023,0.5193,2309.6635,0.0,2310.3155,1778007709486831777
gestureclass,fifo,4.7596,2363.3037,90.3357,87.4838,0.0023,0.5193,2272.3069,0.0,2272.968,1778007709486831777
gestureclass,fifo,4.785,2428.4608,89.9132,87.1837,0.0026,0.7016,2337.9834,0.0,2338.5476,1778007709577892912
gestureclass,fifo,4.7893,2424.1726,89.9132,87.1837,0.0026,0.7016,2333.6809,0.0,2334.2594,1778007709577892912
gestureclass,fifo,4.8016,2411.8991,89.9132,87.1837,0.0026,0.7016,2321.3937,0.0,2321.9859,1778007709577892912
gestureclass,fifo,4.8683,2435.5414,89.7859,86.9918,0.0026,0.702,2345.1488,0.0,2345.7555,1778007709668331311
gestureclass,fifo,4.884,2419.8732,89.7859,86.9918,0.0026,0.702,2329.4604,0.0,2330.0874,1778007709668331311
gestureclass,fifo,4.913,2390.8193,89.7859,86.9918,0.0026,0.702,2300.3836,0.0,2301.0334,1778007709668331311
gestureclass,fifo,4.962,2431.6835,89.0414,86.3203,0.0026,0.7077,2341.9676,0.0,2342.6421,1778007709758839790
gestureclass,fifo,4.9743,2419.3521,89.0414,86.3203,0.0026,0.7077,2329.6134,0.0,2330.3106,1778007709758839790
gestureclass,fifo,4.9756,2418.041,89.0414,86.3203,0.0026,0.7077,2328.2793,0.0,2328.9996,1778007709758839790
gestureclass,fifo,4.9809,2502.4514,89.0697,86.3526,0.0026,0.475,2412.811,0.0,2413.3817,1778007709848659599
gestureclass,fifo,4.9946,2488.8697,89.0697,86.3526,0.0026,0.475,2399.1942,0.0,2399.8,1778007709848659599
gestureclass,fifo,5.0063,2477.1039,89.0697,86.3526,0.0026,0.475,2387.4149,0.0,2388.0342,1778007709848659599
gestureclass,fifo,5.0221,2548.2626,86.3566,85.2535,0.0037,0.161,2461.4196,0.0,2461.906,1778007709938434562
gestureclass,fifo,5.0499,2520.7472,86.3566,85.2535,0.0037,0.161,2433.6376,0.0,2434.3906,1778007709938434562
gestureclass,fifo,5.0801,2490.535,86.3566,85.2535,0.0037,0.161,2403.4131,0.0,2404.1784,1778007709938434562
gestureclass,fifo,5.1006,2534.7147,64.033,62.9418,0.0025,0.1638,2470.0058,0.0,2470.6817,1778007710025470683
gestureclass,fifo,5.1575,2477.782,64.033,62.9418,0.0025,0.1638,2413.0533,0.0,2413.7491,1778007710025470683
gestureclass,fifo,5.2293,2405.9877,64.033,62.9418,0.0025,0.1638,2341.2235,0.0,2341.9548,1778007710025470683
gestureclass,fifo,5.256,2430.8834,50.5136,47.7951,0.0027,0.7038,2379.3786,0.0,2380.3698,1778007710090266376
gestureclass,fifo,5.2944,2392.5188,50.5136,47.7951,0.0027,0.7038,2340.9979,0.0,2342.0052,1778007710090266376
gestureclass,fifo,5.3048,2382.1256,50.5136,47.7951,0.0027,0.7038,2330.5888,0.0,2331.6121,1778007710090266376
gestureclass,fifo,5.3081,2468.0777,89.0282,86.2116,0.0026,0.7064,2378.391,0.0,2379.0495,1778007710141408905
gestureclass,fifo,5.3249,2451.3097,89.0282,86.2116,0.0026,0.7064,2361.6085,0.0,2362.2815,1778007710141408905
gestureclass,fifo,5.3767,2399.529,89.0282,86.2116,0.0026,0.7064,2309.8123,0.0,2310.5008,1778007710141408905
gestureclass,fifo,5.38,2491.8821,95.1156,93.4087,0.0024,0.3487,2396.1809,0.0,2396.7665,1778007710231055672
gestureclass,fifo,5.3882,2483.6278,95.1156,93.4087,0.0024,0.3487,2387.9056,0.0,2388.5122,1778007710231055672
gestureclass,fifo,5.4086,2463.3608,95.1156,93.4087,0.0024,0.3487,2367.5561,0.0,2368.2452,1778007710231055672
gestureclass,fifo,5.42,2534.2557,81.6554,78.9521,0.0027,0.6823,2451.9496,0.0,2452.6004,1778007710326848626
gestureclass,fifo,5.4213,2532.9099,81.6554,78.9521,0.0027,0.6823,2450.5889,0.0,2451.2545,1778007710326848626
gestureclass,fifo,5.5045,2449.7986,81.6554,78.9521,0.0027,0.6823,2367.4631,0.0,2368.1432,1778007710326848626
gestureclass,fifo,5.5199,2509.6784,74.6739,73.3421,0.0025,0.2274,2434.4685,0.0,2435.0045,1778007710409317820
gestureclass,fifo,5.5256,2504.1087,74.6739,73.3421,0.0025,0.2274,2428.8239,0.0,2429.4348,1778007710409317820
gestureclass,fifo,5.5359,2493.8276,74.6739,73.3421,0.0025,0.2274,2418.4935,0.0,2419.1537,1778007710409317820
gestureclass,fifo,5.536,2576.7784,82.3168,79.5899,0.0026,0.7129,2493.7787,0.0,2494.4616,1778007710484699850
gestureclass,fifo,5.5524,2560.4033,82.3168,79.5899,0.0026,0.7129,2477.3896,0.0,2478.0865,1778007710484699850
gestureclass,fifo,5.5851,2527.7216,82.3168,79.5899,0.0026,0.7129,2444.6945,0.0,2445.4048,1778007710484699850
gestureclass,fifo,5.6015,2600.9686,89.1197,87.0747,0.0029,0.4306,2511.25,0.0,2511.8489,1778007710567670432
gestureclass,fifo,5.6305,2572.0572,89.1197,87.0747,0.0029,0.4306,2482.244,0.0,2482.9375,1778007710567670432
gestureclass,fifo,5.6442,2558.3649,89.1197,87.0747,0.0029,0.4306,2468.5419,0.0,2469.2452,1778007710567670432
gestureclass,fifo,5.6735,2596.3542,66.811,65.6337,0.0036,0.1714,2529.0363,0.0,2529.5432,1778007710657486873
gestureclass,fifo,5.6872,2582.6998,66.811,65.6337,0.0036,0.1714,2515.3306,0.0,2515.8887,1778007710657486873
gestureclass,fifo,5.708,2561.9864,66.811,65.6337,0.0036,0.1714,2494.6089,0.0,2495.1754,1778007710657486873
gestureclass,fifo,5.7468,2592.2186,68.3438,67.0745,0.0025,0.217,2523.1817,0.0,2523.8749,1778007710724910229
gestureclass,fifo,5.8348,2504.2164,68.3438,67.0745,0.0025,0.217,2435.1635,0.0,2435.8727,1778007710724910229
gestureclass,fifo,5.8452,2493.8471,68.3438,67.0745,0.0025,0.217,2424.7708,0.0,2425.5034,1778007710724910229
gestureclass,fifo,5.914,2510.7882,85.2799,82.487,0.0025,0.7065,2424.9053,0.0,2425.5083,1778007710793854529
gestureclass,fifo,5.9165,2508.435,85.2799,82.487,0.0025,0.7065,2422.4868,0.0,2423.1551,1778007710793854529
gestureclass,fifo,5.9343,2490.613,85.2799,82.487,0.0025,0.7065,2404.6164,0.0,2405.333,1778007710793854529
gestureclass,fifo,5.9482,2566.1938,88.8731,86.1376,0.0026,0.6883,2476.7289,0.0,2477.3207,1778007710879871858
gestureclass,fifo,5.9662,2548.2297,88.8731,86.1376,0.0026,0.6883,2458.745,0.0,2459.3566,1778007710879871858
gestureclass,fifo,6.003,2511.4152,88.8731,86.1376,0.0026,0.6883,2421.9098,0.0,2422.5422,1778007710879871858
gestureclass,fifo,6.0134,2590.7578,89.0655,86.298,0.0022,0.712,2501.0164,0.0,2501.6923,1778007710969368081
gestureclass,fifo,6.0964,2507.7856,89.0655,86.298,0.0022,0.712,2418.0176,0.0,2418.7201,1778007710969368081
gestureclass,fifo,6.1123,2491.9441,89.0655,86.298,0.0022,0.712,2402.1554,0.0,2402.8786,1778007710969368081
gestureclass,fifo,6.1415,2552.8853,89.4732,86.7685,0.0023,0.6933,2462.6863,0.0,2463.4121,1778007711059126360
gestureclass,fifo,6.1609,2533.5686,89.4732,86.7685,0.0023,0.6933,2443.3482,0.0,2444.0955,1778007711059126360
gestureclass,fifo,6.1754,2519.0465,89.4732,86.7685,0.0023,0.6933,2428.8051,0.0,2429.5734,1778007711059126360
gestureclass,fifo,6.1861,2600.0783,91.2756,88.4493,0.0033,0.6355,2508.1904,0.0,2508.8027,1778007711149199595
gestureclass,fifo,6.1862,2599.967,91.2756,88.4493,0.0033,0.6355,2508.0588,0.0,2508.6914,1778007711149199595
gestureclass,fifo,6.2648,2521.3976,91.2756,88.4493,0.0033,0.6355,2429.4674,0.0,2430.122,1778007711149199595
gestureclass,fifo,6.2853,2591.0559,89.6669,86.9185,0.0026,0.7191,2500.9165,0.0,2501.389,1778007711241141661
gestureclass,fifo,6.3414,2535.0854,89.6669,86.9185,0.0026,0.7191,2444.8211,0.0,2445.4185,1778007711241141661
gestureclass,fifo,6.4221,2454.4318,89.6669,86.9185,0.0026,0.7191,2364.1539,0.0,2364.7649,1778007711241141661
gestureclass,fifo,6.453,2513.2551,89.1008,86.3729,0.0026,0.6954,2423.5692,0.0,2424.1543,1778007711331444646
gestureclass,fifo,6.4627,2503.4997,89.1008,86.3729,0.0026,0.6954,2413.7981,0.0,2414.399,1778007711331444646
gestureclass,fifo,6.4749,2491.3521,89.1008,86.3729,0.0026,0.6954,2401.6423,0.0,2402.2513,1778007711331444646
gestureclass,fifo,6.4772,2579.6232,89.9194,87.122,0.0029,0.7157,2489.0933,0.0,2489.7038,1778007711421209416
gestureclass,fifo,6.5248,2532.0799,89.9194,87.122,0.0029,0.7157,2441.5214,0.0,2442.1605,1778007711421209416
gestureclass,fifo,6.5483,2508.6062,89.9194,87.122,0.0029,0.7157,2418.0329,0.0,2418.6868,1778007711421209416
gestureclass,fifo,6.6032,2543.7777,89.3869,86.662,0.0024,0.6953,2453.7215,0.0,2454.3908,1778007711511837981
gestureclass,fifo,6.6516,2495.4352,89.3869,86.662,0.0024,0.6953,2405.3593,0.0,2406.0483,1778007711511837981
gestureclass,fifo,6.6519,2495.0964,89.3869,86.662,0.0024,0.6953,2404.9997,0.0,2405.7095,1778007711511837981
gestureclass,fifo,6.6877,2550.7421,90.9845,88.1164,0.0024,0.7018,2459.1417,0.0,2459.7577,1778007711601755845
gestureclass,fifo,6.6902,2548.3012,90.9845,88.1164,0.0024,0.7018,2456.686,0.0,2457.3168,1778007711601755845
gestureclass,fifo,6.6915,2546.9742,90.9845,88.1164,0.0024,0.7018,2455.3442,0.0,2455.9897,1778007711601755845
gestureclass,fifo,6.7162,2612.6187,89.5965,86.8319,0.0024,0.7015,2522.3925,0.0,2523.0222,1778007711693456805
gestureclass,fifo,6.7271,2601.7377,89.5965,86.8319,0.0024,0.7015,2511.4825,0.0,2512.1412,1778007711693456805
gestureclass,fifo,6.7586,2570.2002,89.5965,86.8319,0.0024,0.7015,2479.9304,0.0,2480.6037,1778007711693456805
gestureclass,fifo,6.8238,2596.0937,90.4478,87.5994,0.0023,0.7108,2504.946,0.0,2505.6459,1778007711783609792
gestureclass,fifo,6.8351,2584.7125,90.4478,87.5994,0.0023,0.7108,2493.5486,0.0,2494.2647,1778007711783609792
gestureclass,fifo,6.8528,2567.0536,90.4478,87.5994,0.0023,0.7108,2475.8828,0.0,2476.6058,1778007711783609792
gestureclass,fifo,6.8529,2656.7948,89.2209,86.4331,0.0027,0.6512,2566.9599,0.0,2567.5739,1778007711874769015
gestureclass,fifo,6.8582,2651.504,89.2209,86.4331,0.0027,0.6512,2561.6436,0.0,2562.2831,1778007711874769015
gestureclass,fifo,6.8807,2629.0584,89.2209,86.4331,0.0027,0.6512,2539.1855,0.0,2539.8374,1778007711874769015
gestureclass,fifo,6.8807,2719.3165,89.5018,86.6702,0.0025,0.7204,2628.9747,0.0,2629.8147,1778007711964613914
gestureclass,fifo,6.9014,2698.6411,89.5018,86.6702,0.0025,0.7204,2608.2819,0.0,2609.1392,1778007711964613914
gestureclass,fifo,6.9217,2678.3845,89.5018,86.6702,0.0025,0.7204,2588.0177,0.0,2588.8827,1778007711964613914
gestureclass,fifo,6.923,2770.6096,93.0568,90.278,0.0028,0.6918,2676.8985,0.0,2677.5528,1778007712054791676
gestureclass,fifo,6.975,2718.6136,93.0568,90.278,0.0028,0.6918,2624.8832,0.0,2625.5568,1778007712054791676
gestureclass,fifo,7.0046,2688.993,93.0568,90.278,0.0028,0.6918,2595.2408,0.0,2595.9362,1778007712054791676
gestureclass,fifo,7.0521,2731.9047,89.983,87.0868,0.0024,0.702,2641.3538,0.0,2641.9217,1778007712148389921
gestureclass,fifo,7.0555,2728.5459,89.983,87.0868,0.0024,0.702,2637.979,0.0,2638.5629,1778007712148389921
gestureclass,fifo,7.0841,2699.9712,89.983,87.0868,0.0024,0.702,2609.3531,0.0,2609.9882,1778007712148389921
gestureclass,fifo,7.0925,2781.4031,89.0673,86.3378,0.0024,0.6828,2691.6828,0.0,2692.3358,1778007712239088662
gestureclass,fifo,7.1528,2721.101,89.0673,86.3378,0.0024,0.6828,2631.3593,0.0,2632.0338,1778007712239088662
gestureclass,fifo,7.1667,2707.2346,89.0673,86.3378,0.0024,0.6828,2617.4729,0.0,2618.1674,1778007712239088662
gestureclass,fifo,7.186,2778.7693,90.3757,87.4869,0.0025,0.5274,2687.7544,0.0,2688.3936,1778007712328705135
gestureclass,fifo,7.1924,2772.4817,90.3757,87.4869,0.0025,0.5274,2681.4334,0.0,2682.106,1778007712328705135
gestureclass,fifo,7.2049,2759.9292,90.3757,87.4869,0.0025,0.5274,2668.8697,0.0,2669.5535,1778007712328705135
gestureclass,fifo,7.2326,2824.0905,91.1991,88.286,0.0023,0.7261,2732.0902,0.0,2732.8914,1778007712419629523
gestureclass,fifo,7.2551,2801.6841,91.1991,88.286,0.0023,0.7261,2709.6589,0.0,2710.4851,1778007712419629523
gestureclass,fifo,7.2552,2801.549,91.1991,88.286,0.0023,0.7261,2709.5084,0.0,2710.3499,1778007712419629523
gestureclass,fifo,7.2553,2892.5502,90.4871,87.6509,0.0033,0.7131,2801.2979,0.0,2802.0632,1778007712511489800
gestureclass,fifo,7.2674,2880.4679,90.4871,87.6509,0.0033,0.7131,2789.1984,0.0,2789.9808,1778007712511489800
gestureclass,fifo,7.2972,2850.6637,90.4871,87.6509,0.0033,0.7131,2759.3851,0.0,2760.1766,1778007712511489800
gestureclass,fifo,7.316,2922.1811,89.6378,86.8405,0.0027,0.6985,2831.7583,0.0,2832.5434,1778007712602669012
gestureclass,fifo,7.3203,2917.87,89.6378,86.8405,0.0027,0.6985,2827.4267,0.0,2828.2323,1778007712602669012
gestureclass,fifo,7.354,2884.171,89.6378,86.8405,0.0027,0.6985,2793.715,0.0,2794.5332,1778007712602669012
gestureclass,fifo,7.4203,2908.2081,89.6643,86.8415,0.0025,0.7093,2817.8084,0.0,2818.5438,1778007712692972451
gestureclass,fifo,7.4288,2899.7076,89.6643,86.8415,0.0025,0.7093,2809.2911,0.0,2810.0432,1778007712692972451
gestureclass,fifo,7.4411,2887.361,89.6643,86.8415,0.0025,0.7093,2796.9358,0.0,2797.6967,1778007712692972451
gestureclass,fifo,7.4535,2965.5392,89.9655,87.1321,0.0024,0.7031,2874.8543,0.0,2875.5737,1778007712783263880
gestureclass,fifo,7.4599,2959.2021,89.9655,87.1321,0.0024,0.7031,2868.4862,0.0,2869.2365,1778007712783263880
gestureclass,fifo,7.4685,2950.5372,89.9655,87.1321,0.0024,0.7031,2859.8108,0.0,2860.5717,1778007712783263880
gestureclass,fifo,7.4759,3024.9503,81.3133,80.1385,0.0035,0.1647,2943.0411,0.0,2943.637,1778007712873842039
gestureclass,fifo,7.4802,3020.6513,81.3133,80.1385,0.0035,0.1647,2938.7279,0.0,2939.3381,1778007712873842039
gestureclass,fifo,7.4804,3020.4685,81.3133,80.1385,0.0035,0.1647,2938.5126,0.0,2939.1552,1778007712873842039
gestureclass,fifo,7.4876,3054.1799,40.209,39.116,0.0025,0.1482,3013.2649,0.0,3013.9709,1778007712955751890
gestureclass,fifo,7.5307,3011.1158,40.209,39.116,0.0025,0.1482,2970.1834,0.0,2970.9068,1778007712955751890
gestureclass,fifo,7.539,3002.8067,40.209,39.116,0.0025,0.1482,2961.8654,0.0,2962.5977,1778007712955751890
gestureclass,fifo,7.5443,3040.5614,42.5637,41.394,0.0032,0.1707,2997.3199,0.0,2997.9978,1778007712996569996
gestureclass,fifo,7.5758,3009.1276,42.5637,41.394,0.0032,0.1707,2965.8699,0.0,2966.5639,1778007712996569996
gestureclass,fifo,7.5861,2998.7817,42.5637,41.394,0.0032,0.1707,2955.5142,0.0,2956.218,1778007712996569996
gestureclass,fifo,7.6145,3015.0073,44.0046,42.8622,0.0031,0.1562,2970.3114,0.0,2971.0027,1778007713039729502
gestureclass,fifo,7.6375,2992.0599,44.0046,42.8622,0.0031,0.1562,2947.3462,0.0,2948.0553,1778007713039729502
gestureclass,fifo,7.6609,2968.6975,44.0046,42.8622,0.0031,0.1562,2923.9492,0.0,2924.693,1778007713039729502
gestureclass,fifo,7.6684,3005.9094,44.0861,42.9508,0.0031,0.1523,2961.1461,0.0,2961.8233,1778007713084444978
gestureclass,fifo,7.6866,2987.7491,44.0861,42.9508,0.0031,0.1523,2942.9696,0.0,2943.663,1778007713084444978
gestureclass,fifo,7.7443,2930.0523,44.0861,42.9508,0.0031,0.1523,2885.263,0.0,2885.9661,1778007713084444978
gestureclass,fifo,7.7701,2948.9017,44.1325,42.9681,0.0025,0.1665,2904.1371,0.0,2904.7691,1778007713129140301
gestureclass,fifo,7.7956,2923.4459,44.1325,42.9681,0.0025,0.1665,2878.6676,0.0,2879.3134,1778007713129140301
gestureclass,fifo,7.8071,2911.9329,44.1325,42.9681,0.0025,0.1665,2867.1243,0.0,2867.8004,1778007713129140301
gestureclass,fifo,7.8306,2932.6701,43.5979,42.4441,0.0027,0.1602,2888.3779,0.0,2889.0722,1778007713173883431
gestureclass,fifo,7.8455,2917.8026,43.5979,42.4441,0.0027,0.1602,2873.4939,0.0,2874.2046,1778007713173883431
gestureclass,fifo,7.8488,2914.4707,43.5979,42.4441,0.0027,0.1602,2870.1527,0.0,2870.8727,1778007713173883431
gestureclass,fifo,7.8561,2950.8874,43.2103,42.1245,0.0027,0.144,2907.0048,0.0,2907.6771,1778007713218055231
gestureclass,fifo,7.8595,2947.5851,43.2103,42.1245,0.0027,0.144,2903.6858,0.0,2904.3748,1778007713218055231
gestureclass,fifo,7.8808,2926.2943,43.2103,42.1245,0.0027,0.144,2882.3862,0.0,2883.084,1778007713218055231
gestureclass,fifo,7.8831,2966.2952,41.9009,40.86,0.0024,0.1303,2923.7623,0.0,2924.3944,1778007713261813011
gestureclass,fifo,7.8845,2964.9048,41.9009,40.86,0.0024,0.1303,2922.358,0.0,2923.0039,1778007713261813011
gestureclass,fifo,7.8889,2960.566,41.9009,40.86,0.0024,0.1303,2917.9888,0.0,2918.6652,1778007713261813011
gestureclass,fifo,7.8993,2992.7716,42.0356,41.03,0.0023,0.1425,2950.1059,0.0,2950.736,1778007713304330909
gestureclass,fifo,7.9026,2989.4567,42.0356,41.03,0.0023,0.1425,2946.7752,0.0,2947.421,1778007713304330909
gestureclass,fifo,7.9288,2963.2976,42.0356,41.03,0.0023,0.1425,2920.5863,0.0,2921.262,1778007713304330909
gestureclass,fifo,7.9442,2992.0087,43.4099,42.3196,0.0025,0.1669,2947.9516,0.0,2948.5988,1778007713347043325
gestureclass,fifo,8.0459,2890.3193,43.4099,42.3196,0.0025,0.1669,2846.2472,0.0,2846.9095,1778007713347043325
gestureclass,fifo,8.1149,2821.2624,43.4099,42.3196,0.0025,0.1669,2777.1811,0.0,2777.8525,1778007713347043325
gestureclass,fifo,8.1286,2852.201,44.0633,42.9813,0.0024,0.1426,2807.5202,0.0,2808.1377,1778007713391036549
gestureclass,fifo,8.1419,2838.9184,44.0633,42.9813,0.0024,0.1426,2794.2224,0.0,2794.8552,1778007713391036549
gestureclass,fifo,8.1442,2836.6199,44.0633,42.9813,0.0024,0.1426,2791.9152,0.0,2792.5566,1778007713391036549
gestureclass,fifo,8.1765,2848.1843,43.2539,42.1964,0.0026,0.148,2804.2738,0.0,2804.9304,1778007713435723656
gestureclass,fifo,8.247,2777.6959,43.2539,42.1964,0.0026,0.148,2733.7606,0.0,2734.442,1778007713435723656
gestureclass,fifo,8.2604,2764.3471,43.2539,42.1964,0.0026,0.148,2720.4027,0.0,2721.0932,1778007713435723656
gestureclass,fifo,8.2925,2775.6662,42.894,41.7517,0.0026,0.1645,2732.1181,0.0,2732.7722,1778007713479554942
gestureclass,fifo,8.2926,2775.5945,42.894,41.7517,0.0026,0.1645,2732.0323,0.0,2732.7004,1778007713479554942
gestureclass,fifo,8.4407,2627.5549,42.894,41.7517,0.0026,0.1645,2583.9829,0.0,2584.6608,1778007713479554942
gestureclass,fifo,8.443,2668.3095,42.482,41.4834,0.0022,0.1298,2625.1791,0.0,2625.8274,1778007713523046159
gestureclass,fifo,8.4741,2637.2201,42.482,41.4834,0.0022,0.1298,2594.0719,0.0,2594.7381,1778007713523046159
gestureclass,fifo,8.4742,2637.1484,42.482,41.4834,0.0022,0.1298,2593.9639,0.0,2594.6663,1778007713523046159
gestureclass,fifo,8.4805,2673.0657,41.7483,40.7179,0.0022,0.1363,2630.6772,0.0,2631.3174,1778007713566132878
gestureclass,fifo,8.4889,2664.7077,41.7483,40.7179,0.0022,0.1363,2622.3056,0.0,2622.9594,1778007713566132878
gestureclass,fifo,8.5104,2643.2726,41.7483,40.7179,0.0022,0.1363,2600.8463,0.0,2601.5244,1778007713566132878
gestureclass,fifo,8.5107,2685.3809,41.894,40.7724,0.0023,0.1575,2642.8678,0.0,2643.4869,1778007713608489436
gestureclass,fifo,8.5206,2675.4653,41.894,40.7724,0.0023,0.1575,2632.9396,0.0,2633.5713,1778007713608489436
gestureclass,fifo,8.525,2671.123,41.894,40.7724,0.0023,0.1575,2628.571,0.0,2629.229,1778007713608489436
gestureclass,fifo,8.5273,2712.1205,42.7368,41.6735,0.0024,0.14,2668.7195,0.0,2669.3837,1778007713650968482
gestureclass,fifo,8.5608,2678.6945,42.7368,41.6735,0.0024,0.14,2635.2799,0.0,2635.9576,1778007713650968482
gestureclass,fifo,8.5705,2669.0173,42.7368,41.6735,0.0024,0.14,2625.5744,0.0,2626.2805,1778007713650968482
gestureclass,fifo,8.5728,2711.2191,43.9644,42.8969,0.0021,0.1509,2666.6267,0.0,2667.2547,1778007713694313737
gestureclass,fifo,8.5846,2699.3816,43.9644,42.8969,0.0021,0.1509,2654.7761,0.0,2655.4172,1778007713694313737
gestureclass,fifo,8.5889,2695.117,43.9644,42.8969,0.0021,0.1509,2650.4827,0.0,2651.1526,1778007713694313737
gestureclass,fifo,8.589,2739.6066,43.9445,42.7626,0.0036,0.165,2694.9844,0.0,2695.6621,1778007713738881318
gestureclass,fifo,8.5903,2738.3273,43.9445,42.7626,0.0036,0.165,2693.692,0.0,2694.3827,1778007713738881318
gestureclass,fifo,8.6144,2714.1929,43.9445,42.7626,0.0036,0.165,2669.5309,0.0,2670.2484,1778007713738881318
gestureclass,fifo,8.6146,2758.0633,43.3767,42.2551,0.0027,0.1496,2714.0241,0.0,2714.6866,1778007713783501019
gestureclass,fifo,8.6236,2749.0263,43.3767,42.2551,0.0027,0.1496,2704.9427,0.0,2705.6496,1778007713783501019
gestureclass,fifo,8.6379,2734.7703,43.3767,42.2551,0.0027,0.1496,2690.6502,0.0,2691.3936,1778007713783501019
gestureclass,fifo,8.6442,2771.4956,42.4754,41.4648,0.0023,0.1307,2728.3528,0.0,2729.0202,1778007713827474682
gestureclass,fifo,8.6602,2755.5332,42.4754,41.4648,0.0023,0.1307,2712.3754,0.0,2713.0578,1778007713827474682
gestureclass,fifo,8.6966,2719.1415,42.4754,41.4648,0.0023,0.1307,2675.9489,0.0,2676.6661,1778007713827474682
gestureclass,fifo,8.7093,2748.5201,41.5534,40.446,0.0026,0.1522,2706.3162,0.0,2706.9667,1778007713870568046
gestureclass,fifo,8.7211,2736.7966,41.5534,40.446,0.0026,0.1522,2694.577,0.0,2695.2432,1778007713870568046
gestureclass,fifo,8.7241,2733.8011,41.5534,40.446,0.0026,0.1522,2691.5717,0.0,2692.2477,1778007713870568046
gestureclass,fifo,8.7366,2764.2272,42.3908,41.3124,0.0025,0.1457,2721.2148,0.0,2721.8364,1778007713912686270
gestureclass,fifo,8.7831,2717.6795,42.3908,41.3124,0.0025,0.1457,2674.6504,0.0,2675.2887,1778007713912686270
gestureclass,fifo,8.7944,2706.4257,42.3908,41.3124,0.0025,0.1457,2663.3871,0.0,2664.0349,1778007713912686270
gestureclass,fifo,8.8088,2736.4078,43.748,42.7241,0.0026,0.1422,2691.967,0.0,2692.6598,1778007713955648913
gestureclass,fifo,8.8671,2678.1149,43.748,42.7241,0.0026,0.1422,2633.6539,0.0,2634.3669,1778007713955648913
gestureclass,fifo,8.8749,2670.3374,43.748,42.7241,0.0026,0.1422,2625.8602,0.0,2626.5895,1778007713955648913
gestureclass,fifo,8.8749,2714.7908,43.9752,42.8986,0.0031,0.1499,2670.0971,0.0,2670.8156,1778007713999957936
gestureclass,fifo,8.9171,2672.6823,43.9752,42.8986,0.0031,0.1499,2627.9719,0.0,2628.7071,1778007713999957936
gestureclass,fifo,8.931,2658.8135,43.9752,42.8986,0.0031,0.1499,2614.0935,0.0,2614.8383,1778007713999957936
gestureclass,fifo,8.9344,2700.0196,44.0763,42.9617,0.0031,0.1476,2655.2699,0.0,2655.9433,1778007714044549615
gestureclass,fifo,8.9357,2698.6749,44.0763,42.9617,0.0031,0.1476,2653.9109,0.0,2654.5986,1778007714044549615
gestureclass,fifo,8.9502,2684.2463,44.0763,42.9617,0.0031,0.1476,2639.473,0.0,2640.17,1778007714044549615
gestureclass,fifo,8.9804,2698.221,43.6081,42.5491,0.0024,0.1364,2653.9474,0.0,2654.6128,1778007714089257553
gestureclass,fifo,8.9817,2696.8865,43.6081,42.5491,0.0024,0.1364,2652.5986,0.0,2653.2784,1778007714089257553
gestureclass,fifo,8.983,2695.6427,43.6081,42.5491,0.0024,0.1364,2651.3271,0.0,2652.0346,1778007714089257553
gestureclass,fifo,8.9853,2737.2313,43.3016,42.2358,0.0026,0.1401,2693.2673,0.0,2693.9297,1778007714133475151
gestureclass,fifo,8.9886,2733.9854,43.3016,42.2358,0.0026,0.1401,2689.9889,0.0,2690.6838,1778007714133475151
gestureclass,fifo,9.0088,2713.7814,43.3016,42.2358,0.0026,0.1401,2669.7748,0.0,2670.4798,1778007714133475151
gestureclass,fifo,9.0092,2756.2296,42.2265,41.1237,0.0024,0.1467,2713.2931,0.0,2714.0032,1778007714177390671
gestureclass,fifo,9.0481,2717.366,42.2265,41.1237,0.0024,0.1467,2674.413,0.0,2675.1395,1778007714177390671
gestureclass,fifo,9.0977,2667.7597,42.2265,41.1237,0.0024,0.1467,2624.7978,0.0,2625.5332,1778007714177390671
gestureclass,fifo,9.1982,2610.4503,42.6838,41.672,0.0023,0.1342,2567.1155,0.0,2567.7665,1778007714220268012
gestureclass,fifo,9.1983,2610.3613,42.6838,41.672,0.0023,0.1342,2567.0109,0.0,2567.6776,1778007714220268012
gestureclass,fifo,9.2028,2605.9055,42.6838,41.672,0.0023,0.1342,2562.5448,0.0,2563.2218,1778007714220268012
gestureclass,fifo,9.2172,2634.6738,42.675,41.7002,0.0021,0.1349,2591.4092,0.0,2591.9989,1778007714263549659
gestureclass,fifo,9.2186,2633.2932,42.675,41.7002,0.0021,0.1349,2590.0145,0.0,2590.6182,1778007714263549659
gestureclass,fifo,9.3008,2551.1026,42.675,41.7002,0.0021,0.1349,2507.7944,0.0,2508.4277,1778007714263549659
gestureclass,fifo,9.3684,2527.986,43.9139,42.9172,0.0019,0.1344,2483.4809,0.0,2484.0721,1778007714306781252
gestureclass,fifo,9.3811,2515.2497,43.9139,42.9172,0.0019,0.1344,2470.7301,0.0,2471.3358,1778007714306781252
gestureclass,fifo,9.4221,2474.3533,43.9139,42.9172,0.0019,0.1344,2429.7643,0.0,2430.4394,1778007714306781252
gestureclass,fifo,9.4635,2477.4191,43.8297,42.7895,0.0019,0.1444,2432.9612,0.0,2433.5895,1778007714351363787
gestureclass,fifo,9.4779,2463.0642,43.8297,42.7895,0.0019,0.1444,2418.5724,0.0,2419.2345,1778007714351363787
gestureclass,fifo,9.4875,2453.4471,43.8297,42.7895,0.0019,0.1444,2408.9446,0.0,2409.6174,1778007714351363787
gestureclass,fifo,9.5285,2456.3205,43.3979,42.4404,0.002,0.1315,2412.3583,0.0,2412.9226,1778007714395750547
gestureclass,fifo,9.5405,2444.3946,43.3979,42.4404,0.002,0.1315,2400.3689,0.0,2400.9967,1778007714395750547
gestureclass,fifo,9.5895,2395.3271,43.3979,42.4404,0.002,0.1315,2351.2912,0.0,2351.9292,1778007714395750547
gestureclass,fifo,9.6102,2417.7477,42.3957,41.4684,0.0021,0.1369,2374.7151,0.0,2375.3521,1778007714439838843
gestureclass,fifo,9.6246,2403.347,42.3957,41.4684,0.0021,0.1369,2360.2984,0.0,2360.9513,1778007714439838843
gestureclass,fifo,9.6337,2394.3274,42.3957,41.4684,0.0021,0.1369,2351.2692,0.0,2351.9317,1778007714439838843
gestureclass,fifo,9.6406,2429.8706,42.0036,41.0499,0.002,0.1275,2387.3222,0.0,2387.867,1778007714482795962
gestureclass,fifo,9.6449,2425.5364,42.0036,41.0499,0.002,0.1275,2382.9744,0.0,2383.5328,1778007714482795962
gestureclass,fifo,9.645,2425.5097,42.0036,41.0499,0.002,0.1275,2382.8895,0.0,2383.5061,1778007714482795962
gestureclass,fifo,9.6514,2461.7732,42.1293,41.1919,0.0019,0.1246,2419.0636,0.0,2419.6438,1778007714525390143
gestureclass,fifo,9.6515,2461.6857,42.1293,41.1919,0.0019,0.1246,2418.963,0.0,2419.5563,1778007714525390143
gestureclass,fifo,9.6569,2456.3453,42.1293,41.1919,0.0019,0.1246,2413.5983,0.0,2414.216,1778007714525390143
gestureclass,fifo,9.7232,2434.7911,44.1093,42.9341,0.0023,0.172,2389.9755,0.0,2390.6818,1778007714568083553
gestureclass,fifo,9.7728,2385.1974,44.1093,42.9341,0.0023,0.172,2340.3659,0.0,2341.0881,1778007714568083553
gestureclass,fifo,9.8205,2337.5306,44.1093,42.9341,0.0023,0.172,2292.6888,0.0,2293.4213,1778007714568083553
gestureclass,fifo,9.8278,2375.0312,44.2902,43.2329,0.0025,0.1382,2330.0786,0.0,2330.741,1778007714612808290
gestureclass,fifo,9.8881,2314.7295,44.2902,43.2329,0.0025,0.1382,2269.7608,0.0,2270.4392,1778007714612808290
gestureclass,fifo,9.9107,2292.2077,44.2902,43.2329,0.0025,0.1382,2247.2293,0.0,2247.9175,1778007714612808290
gestureclass,fifo,9.9121,2334.6436,43.3794,42.4284,0.0018,0.1303,2290.6888,0.0,2291.2642,1778007714657697434
gestureclass,fifo,9.9175,2329.253,43.3794,42.4284,0.0018,0.1303,2285.2848,0.0,2285.8735,1778007714657697434
gestureclass,fifo,9.9391,2307.7159,43.3794,42.4284,0.0018,0.1303,2263.7227,0.0,2264.3365,1778007714657697434
gestureclass,fifo,9.9425,2347.9738,43.1533,42.2315,0.0027,0.1276,2304.1866,0.0,2304.8205,1778007714701612454
gestureclass,fifo,9.9448,2345.6626,43.1533,42.2315,0.0027,0.1276,2301.8548,0.0,2302.5093,1778007714701612454
gestureclass,fifo,9.9734,2317.1012,43.1533,42.2315,0.0027,0.1276,2273.267,0.0,2273.9479,1778007714701612454
gestureclass,fifo,9.9735,2348.5856,31.0635,30.0322,0.0019,0.2375,2316.9835,0.0,2317.5221,1778007714745407713
gestureclass,fifo,9.9753,2346.8239,31.0635,30.0322,0.0019,0.2375,2315.191,0.0,2315.7604,1778007714745407713
