task,tpc_count,concurrency,send_elapsed_sec,complete_elapsed_sec,latency_ms,total_response_time_ms,server_exec_ms,server_proc_ms,server_swap_ms,server_decoder_ms,queue_wait_plus_rpc_ms,non_server_exec_overhead_ms,server_start_ns,worker_id
nyudepth,5,1,0.0,0.4339,433.8932,433.8932,419.1027,254.3848,0.0032,164.226,6.1486,14.7905,1775521014720143408,0
nyudepth,5,1,0.4339,0.4597,25.7268,25.7268,14.6644,13.8555,0.0017,0.4876,4.3371,11.0624,1775521015152237131,0
nyudepth,5,1,0.4597,0.5585,98.7809,98.7809,87.9145,87.0862,0.0027,0.5148,4.1461,10.8664,1775521015177782983,0
nyudepth,5,1,0.5585,0.6589,100.4221,100.4221,89.9016,89.0201,0.0035,0.5471,4.0178,10.5206,1775521015276446616,0
nyudepth,5,1,0.6589,0.7586,99.6518,99.6518,87.4658,86.5999,0.0031,0.5279,5.4421,12.186,1775521015378303440,0
nyudepth,5,1,0.7586,0.8583,99.7438,99.7438,87.2546,86.2235,0.002,0.5281,5.825,12.4893,1775521015478349169,0
nyudepth,5,1,0.8583,0.9581,99.7789,99.7789,88.8946,88.0475,0.0023,0.5306,4.2455,10.8843,1775521015576524043,0
nyudepth,5,1,0.9581,1.0575,99.4015,99.4015,88.3742,87.5196,0.0023,0.5186,4.2615,11.0273,1775521015676329177,0
nyudepth,5,1,1.0575,1.1577,100.2135,100.2135,88.0816,87.2184,0.003,0.5141,5.4522,12.1319,1775521015776931817,0
nyudepth,5,1,1.1578,1.2577,99.9534,99.9534,89.3279,88.4729,0.0031,0.5103,4.0252,10.6255,1775521015875729142,0
nyudepth,5,1,1.2577,1.3583,100.5967,100.5967,89.914,89.0573,0.0031,0.5478,3.854,10.6826,1775521015975521647,0
nyudepth,5,1,1.3583,1.4574,99.1206,99.1206,87.3585,86.5017,0.0029,0.535,5.1501,11.7621,1775521016077424832,0
nyudepth,5,1,1.4575,1.5576,100.1604,100.1604,87.8714,86.7892,0.0033,0.7664,5.5926,12.289,1775521016176999002,0
nyudepth,5,1,1.5576,1.6574,99.7684,99.7684,88.1658,87.2549,0.0033,0.5826,5.1656,11.6026,1775521016276743556,0
nyudepth,5,1,1.6574,1.7565,99.057,99.057,90.8541,90.0034,0.0025,0.544,1.6756,8.2029,1775521016373032022,0
nyudepth,5,1,1.7565,1.8564,99.9446,99.9446,89.2897,88.4478,0.0028,0.5313,4.035,10.6549,1775521016474459038,0
nyudepth,5,1,1.8564,1.9562,99.7922,99.7922,89.2718,88.3089,0.0027,0.655,3.999,10.5204,1775521016574394485,0
nyudepth,5,1,1.9562,2.0565,100.2052,100.2052,89.4195,88.5436,0.0031,0.5292,4.0858,10.7857,1775521016674284102,0
nyudepth,5,1,2.0565,2.156,99.5798,99.5798,89.0934,88.2169,0.0027,0.5366,3.9172,10.4864,1775521016774334181,0
nyudepth,5,1,2.1561,2.256,99.9846,99.9846,89.4442,88.6119,0.0026,0.5008,3.9432,10.5404,1775521016873951322,0
nyudepth,5,1,2.2561,2.3562,100.112,100.112,88.1293,87.2745,0.0032,0.5273,5.3463,11.9827,1775521016975349708,0
nyudepth,5,1,2.3562,2.4555,99.3052,99.3052,89.0422,87.9487,0.0023,0.7908,3.6132,10.2629,1775521017073739345,0
nyudepth,5,1,2.4555,2.5552,99.725,99.725,87.9422,87.0824,0.0033,0.5455,5.471,11.7828,1775521017174913146,0
nyudepth,5,1,2.5552,2.6558,100.6107,100.6107,89.7815,88.8895,0.0034,0.5628,4.3571,10.8292,1775521017273535038,0
nyudepth,5,1,2.6558,2.7552,99.3047,99.3047,88.8245,87.9564,0.0029,0.531,3.9139,10.4801,1775521017373713570,0
nyudepth,5,1,2.7552,2.8551,99.9169,99.9169,88.1158,87.2419,0.0029,0.5116,5.1682,11.8011,1775521017474284109,0
nyudepth,5,1,2.8551,2.9546,99.5004,99.5004,87.6882,86.8697,0.0026,0.5042,5.3666,11.8122,1775521017574409870,0
nyudepth,5,1,2.9546,3.0545,99.885,99.885,87.8241,86.9798,0.0027,0.5282,5.3837,12.0609,1775521017673937929,0
nyudepth,5,1,3.0545,3.1542,99.7384,99.7384,89.1538,88.3054,0.0035,0.53,4.0946,10.5846,1775521017772553891,0
nyudepth,5,1,3.1543,3.2545,100.2495,100.2495,88.2415,87.4119,0.0027,0.5236,5.3799,12.008,1775521017873588019,0
nyudepth,5,1,3.2545,3.354,99.478,99.478,87.9051,87.0847,0.0029,0.5041,5.0704,11.5729,1775521017973538677,0
nyudepth,5,1,3.354,3.4538,99.7775,99.7775,89.5675,88.7707,0.0024,0.4966,3.8152,10.21,1775521018071771601,0
nyudepth,5,1,3.4538,3.5547,100.908,100.908,88.8419,88.0086,0.004,0.5068,5.3821,12.0662,1775521018173126365,0
nyudepth,5,1,3.5547,3.6548,100.0512,100.0512,89.6753,88.8014,0.0034,0.5546,3.8388,10.3759,1775521018272502832,0
nyudepth,5,1,3.6548,3.7539,99.1383,99.1383,87.329,86.5064,0.0029,0.5068,5.2955,11.8093,1775521018374021840,0
nyudepth,5,1,3.7539,3.854,100.107,100.107,89.1173,88.293,0.0031,0.5127,4.3173,10.9897,1775521018472193533,0
nyudepth,5,1,3.854,3.9536,99.5455,99.5455,87.645,86.7516,0.0027,0.529,5.3191,11.9005,1775521018573314193,0
nyudepth,5,1,3.9536,4.0538,100.2085,100.2085,88.7385,87.8868,0.003,0.5293,4.9129,11.4701,1775521018672463095,0
nyudepth,5,1,4.0538,4.1534,99.5553,99.5553,88.9266,88.0668,0.0028,0.5356,4.185,10.6287,1775521018771955723,0
nyudepth,5,1,4.1534,4.2537,100.2948,100.2948,88.3183,87.4539,0.0027,0.5227,5.3124,11.9765,1775521018872649065,0
nyudepth,5,1,4.2537,4.3529,99.1788,99.1788,88.6533,87.839,0.0024,0.5025,4.0448,10.5255,1775521018971685975,0
nyudepth,5,1,4.3529,4.4528,99.8974,99.8974,89.0568,88.2405,0.0033,0.5083,4.3366,10.8406,1775521019071167433,0
nyudepth,5,1,4.4528,4.553,100.2278,100.2278,89.4031,88.2207,0.0031,0.5085,4.1592,10.8248,1775521019170897827,0
nyudepth,5,1,4.553,4.6525,99.4394,99.4394,87.8304,86.9628,0.0035,0.5591,5.0893,11.609,1775521019272066907,0
nyudepth,5,1,4.6525,4.7524,99.9224,99.9224,88.9502,88.1144,0.0027,0.5249,4.148,10.9723,1775521019370575517,0
nyudepth,5,1,4.7524,4.8521,99.6475,99.6475,88.9076,88.0629,0.0028,0.5243,4.3113,10.74,1775521019470671687,0
nyudepth,5,1,4.8521,4.952,99.9711,99.9711,89.4894,88.6724,0.0023,0.503,3.8569,10.4817,1775521019569875560,0
nyudepth,5,1,4.952,5.0518,99.7362,99.7362,89.2293,88.4152,0.0025,0.5003,3.9942,10.5069,1775521019669994141,0
nyudepth,5,1,5.0518,5.1517,99.9105,99.9105,89.5003,88.6321,0.0028,0.5173,3.7551,10.4102,1775521019769501740,0
nyudepth,5,1,5.1517,5.2513,99.6203,99.6203,89.2883,88.4531,0.0031,0.5091,3.9532,10.3321,1775521019869620851,0
nyudepth,5,1,5.2513,5.352,100.6567,100.6567,88.7673,87.9157,0.0031,0.534,5.2261,11.8895,1775521019970524707,0
nyudepth,5,1,5.352,5.4509,98.9239,98.9239,87.1547,86.3369,0.0029,0.5082,5.0805,11.7692,1775521020071046695,0
nyudepth,5,1,5.4509,5.5515,100.5285,100.5285,89.4512,88.23,0.0029,0.891,4.3747,11.0773,1775521020169276240,0
nyudepth,5,1,5.5515,5.6511,99.5839,99.5839,87.722,86.8631,0.0031,0.5448,5.1587,11.8619,1775521020270599064,0
nyudepth,5,1,5.6511,5.7514,100.3244,100.3244,88.199,87.3383,0.003,0.5517,5.4522,12.1254,1775521020370487261,0
nyudepth,5,1,5.7514,5.8503,98.8705,98.8705,90.8563,90.0271,0.0025,0.5214,1.59,8.0142,1775521020466959421,0
nyudepth,5,1,5.8503,5.9504,100.0915,100.0915,85.5032,84.5172,0.0026,0.6484,7.8793,14.5882,1775521020572129680,0
nyudepth,5,1,5.9504,6.0505,100.1356,100.1356,89.7217,88.8475,0.0032,0.515,3.9096,10.4139,1775521020668262094,0
nyudepth,5,1,6.0505,6.1502,99.6962,99.6962,89.219,88.3128,0.0041,0.5825,3.9971,10.4772,1775521020768495307,0
nyudepth,5,1,6.1503,6.2502,99.9782,99.9782,89.3159,88.4336,0.0027,0.5442,4.1387,10.6623,1775521020868343533,0
nyudepth,5,1,6.2502,6.3514,101.1121,101.1121,88.5065,87.5972,0.0035,0.5642,5.513,12.6056,1775521020969706978,0
nyudepth,5,1,6.3515,6.4493,97.7647,97.7647,86.192,85.3436,0.0028,0.5334,4.9734,11.5727,1775521021070417151,0
nyudepth,5,1,6.4493,6.5497,100.4789,100.4789,88.5829,87.3263,0.0032,0.9321,5.446,11.896,1775521021168665126,0
nyudepth,5,1,6.5498,6.6492,99.4391,99.4391,86.5338,85.5684,0.0032,0.6103,6.1111,12.9054,1775521021269819856,0
nyudepth,5,1,6.6492,6.7492,99.9644,99.9644,89.4292,88.5788,0.003,0.5352,4.0579,10.5351,1775521021367216625,0
nyudepth,5,1,6.7492,6.8484,99.2095,99.2095,87.3554,86.4821,0.0027,0.5393,5.4731,11.8542,1775521021468607381,0
nyudepth,5,1,6.8484,6.9482,99.757,99.757,88.8061,87.9678,0.003,0.5182,4.5249,10.9509,1775521021566879266,0
nyudepth,5,1,6.9482,7.0481,99.9026,99.9026,89.0054,88.1538,0.0031,0.5314,4.3125,10.8972,1775521021666434936,0
nyudepth,5,1,7.0481,7.1485,100.3888,100.3888,87.7489,86.9061,0.0028,0.5249,5.9595,12.6399,1775521021767994775,0
nyudepth,5,1,7.1485,7.2483,99.7682,99.7682,87.3457,86.5168,0.0026,0.5281,5.8174,12.4224,1775521021868251939,0
nyudepth,5,1,7.2483,7.3481,99.8492,99.8492,88.3651,87.3818,0.0033,0.6124,4.8397,11.4841,1775521021967052784,0
nyudepth,5,1,7.3481,7.448,99.8423,99.8423,86.8898,86.0491,0.0025,0.5062,6.2926,12.9525,1775521022068365879,0
nyudepth,5,1,7.448,7.5485,100.4975,100.4975,88.7495,87.5246,0.003,0.9059,5.1832,11.7479,1775521022167109623,0
nyudepth,5,1,7.5485,7.6478,99.2742,99.2742,88.1383,87.282,0.0026,0.5519,4.2632,11.1358,1775521022266697674,0
nyudepth,5,1,7.6478,7.747,99.2737,99.2737,87.4108,86.5488,0.0034,0.5311,5.4264,11.8629,1775521022367146271,0
nyudepth,5,1,7.7471,7.8471,100.0865,100.0865,87.5092,86.681,0.0033,0.5141,5.8341,12.5773,1775521022466837954,0
nyudepth,5,1,7.8471,7.9467,99.5133,99.5133,87.9902,87.1618,0.0028,0.5065,5.1274,11.5231,1775521022566228831,0
nyudepth,5,1,7.9467,8.0463,99.6161,99.6161,88.044,87.1935,0.0031,0.5353,5.1095,11.5721,1775521022665734700,0
nyudepth,5,1,8.0463,8.1461,99.8077,99.8077,88.3888,87.5368,0.0034,0.5311,4.9276,11.4189,1775521022765178788,0
nyudepth,5,1,8.1461,8.2467,100.5909,100.5909,89.7787,88.9459,0.0025,0.4978,4.1263,10.8123,1775521022864196638,0
nyudepth,5,1,8.2467,8.3465,99.7446,99.7446,88.0751,87.2255,0.0038,0.5244,5.1301,11.6695,1775521022965801718,0
nyudepth,5,1,8.3465,8.4464,99.8969,99.8969,88.0609,87.2159,0.0027,0.5279,5.2695,11.836,1775521023065696185,0
nyudepth,5,1,8.4464,8.5465,100.1496,100.1496,89.3593,88.4167,0.0031,0.6093,4.1959,10.7903,1775521023164529751,0
nyudepth,5,1,8.5465,8.6463,99.7715,99.7715,87.4166,86.6117,0.0026,0.5141,5.4958,12.3549,1775521023265989258,0
nyudepth,5,1,8.6463,8.7455,99.1566,99.1566,87.9767,87.1392,0.0025,0.525,4.5812,11.1799,1775521023364857645,0
nyudepth,5,1,8.7455,8.8453,99.8473,99.8473,88.0496,87.2017,0.0028,0.5361,5.3191,11.7977,1775521023464762042,0
nyudepth,5,1,8.8453,8.945,99.6912,99.6912,87.5254,86.6737,0.0029,0.5367,5.6703,12.1658,1775521023564970684,0
nyudepth,5,1,8.9451,9.0452,100.1306,100.1306,88.3594,87.5082,0.0028,0.5389,5.2009,11.7712,1775521023664203528,0
nyudepth,5,1,9.0452,9.1443,99.133,99.133,87.5188,86.5736,0.0034,0.5209,5.1527,11.6142,1775521023764296539,0
nyudepth,5,1,9.1443,9.2442,99.8609,99.8609,88.2423,87.3996,0.0029,0.5242,5.1231,11.6186,1775521023863410181,0
nyudepth,5,1,9.2442,9.3443,100.1301,100.1301,88.2782,87.4134,0.0029,0.5284,5.1777,11.8518,1775521023963336038,0
nyudepth,5,1,9.3443,9.4445,100.1041,100.1041,88.002,87.1642,0.0032,0.5327,5.4109,12.1021,1775521024063709794,0
nyudepth,5,1,9.4445,9.5444,99.987,99.987,88.0955,87.2074,0.0034,0.5731,5.2264,11.8915,1775521024163639711,0
nyudepth,5,1,9.5445,9.6443,99.8528,99.8528,87.8529,86.6839,0.0022,0.5266,5.3277,11.9999,1775521024263740012,0
nyudepth,5,1,9.6443,9.7433,98.9964,98.9964,86.8692,86.0424,0.0025,0.5153,5.6958,12.1272,1775521024363971895,0
nyudepth,5,1,9.7433,9.8431,99.7906,99.7906,88.7388,87.9211,0.0029,0.5096,4.4205,11.0518,1775521024461704690,0
nyudepth,5,1,9.8431,9.9435,100.3392,100.3392,88.5593,87.6928,0.0028,0.5421,5.1103,11.7799,1775521024562196078,0
nyudepth,5,1,9.9435,10.0433,99.8473,99.8473,89.1896,88.3447,0.003,0.5329,4.01,10.6577,1775521024661445473,0
nyudepth,5,1,10.0433,10.143,99.7002,99.7002,87.7203,86.8616,0.0029,0.5307,5.3859,11.9799,1775521024762681205,0
nyudepth,5,1,10.1431,10.2431,100.0767,100.0767,89.3713,88.5333,0.0029,0.5283,4.1978,10.7054,1775521024861203406,0
nyudepth,5,1,10.2431,10.3428,99.6971,99.6971,87.7231,86.9173,0.0027,0.4909,5.441,11.974,1775521024962533590,0
nyudepth,5,1,10.3429,10.4426,99.7851,99.7851,88.7156,87.8416,0.0031,0.5068,4.5252,11.0695,1775521025061327065,0
nyudepth,5,1,10.4426,10.5424,99.7703,99.7703,88.8058,87.9088,0.0034,0.5816,4.3745,10.9645,1775521025160972427,0
nyudepth,5,1,10.5424,10.6424,99.9041,99.9041,88.217,86.9964,0.003,0.919,5.0516,11.6871,1775521025261451535,0
nyudepth,5,1,10.6424,10.7419,99.5061,99.5061,87.669,86.8229,0.0034,0.528,5.435,11.8372,1775521025361749900,0
nyudepth,5,1,10.7419,10.8414,99.5677,99.5677,87.816,86.979,0.003,0.5102,5.3039,11.7516,1775521025461136117,0
nyudepth,5,1,10.8415,10.9416,100.1403,100.1403,88.4376,87.5192,0.0025,0.5524,5.0306,11.7027,1775521025560441032,0
nyudepth,5,1,10.9416,11.0413,99.6957,99.6957,87.8109,86.9659,0.0025,0.5389,5.2774,11.8848,1775521025660838869,0
nyudepth,5,1,11.0413,11.1413,99.9632,99.9632,88.1986,87.3321,0.0029,0.5437,5.4309,11.7646,1775521025760699065,0
nyudepth,5,1,11.1413,11.2408,99.5235,99.5235,87.3236,86.5064,0.0026,0.4979,5.7371,12.1999,1775521025860979679,0
nyudepth,5,1,11.2408,11.3406,99.7658,99.7658,89.4099,88.6082,0.0028,0.4944,4.0319,10.3559,1775521025958808276,0
nyudepth,5,1,11.3406,11.4411,100.477,100.477,89.7988,88.9909,0.0022,0.5043,4.0233,10.6782,1775521026058575910,0
nyudepth,5,1,11.4411,11.5406,99.5271,99.5271,87.6308,86.756,0.003,0.5546,5.4829,11.8964,1775521026160524086,0
nyudepth,5,1,11.5406,11.6405,99.8313,99.8313,91.8137,90.5902,0.0023,0.9228,1.5721,8.0177,1775521026256151431,0
nyudepth,5,1,11.6405,11.7397,99.2208,99.2208,87.3259,86.5193,0.0027,0.4925,5.3558,11.8949,1775521026359777709,0
nyudepth,5,1,11.7397,11.84,100.3103,100.3103,89.6852,88.8471,0.0027,0.5184,4.138,10.6251,1775521026457791160,0
nyudepth,5,1,11.84,11.9395,99.4997,99.4997,89.0835,88.2706,0.0029,0.5057,4.0262,10.4162,1775521026558001643,0
nyudepth,5,1,11.9395,12.0392,99.6742,99.6742,88.9302,88.0952,0.0025,0.5289,4.2467,10.7441,1775521026657732816,0
nyudepth,5,1,12.0392,12.1393,100.0509,100.0509,88.8867,88.0453,0.0028,0.5282,4.5652,11.1642,1775521026757736075,0
nyudepth,5,1,12.1393,12.2388,99.5464,99.5464,87.4848,86.6918,0.003,0.4907,5.4195,12.0617,1775521026858652391,0
nyudepth,5,1,12.2388,12.3393,100.4949,100.4949,89.3365,88.4619,0.0034,0.5434,4.5505,11.1583,1775521026957340105,0
nyudepth,5,1,12.3393,12.4394,100.0781,100.0781,89.11,88.1682,0.0035,0.6251,4.3876,10.9681,1775521027057683370,0
nyudepth,5,1,12.4395,12.5399,100.4038,100.4038,88.3056,87.3106,0.0031,0.6289,5.4138,12.0982,1775521027158822051,0
nyudepth,5,1,12.5399,12.6395,99.6075,99.6075,87.8033,86.607,0.0025,0.8746,5.3065,11.8041,1775521027259130186,0
nyudepth,5,1,12.6395,12.7389,99.4518,99.4518,88.6147,87.7552,0.0037,0.5317,4.4332,10.8371,1775521027357875400,0
nyudepth,5,1,12.739,12.8391,100.1544,100.1544,87.4065,86.5844,0.003,0.5101,5.9705,12.7479,1775521027458874738,0
nyudepth,5,1,12.8391,12.9387,99.5865,99.5865,88.816,87.9513,0.0023,0.5168,4.2558,10.7705,1775521027557325177,0
nyudepth,5,1,12.9387,13.0387,99.9494,99.9494,86.7155,85.8398,0.0028,0.5037,6.5792,13.2339,1775521027659246083,0
nyudepth,5,1,13.0387,13.1385,99.8209,99.8209,87.7229,86.8465,0.0036,0.5076,5.6875,12.098,1775521027758314484,0
nyudepth,5,1,13.1385,13.2384,99.8805,99.8805,89.3334,88.493,0.0027,0.5243,4.106,10.5471,1775521027856572339,0
nyudepth,5,1,13.2384,13.3384,99.9708,99.9708,87.8263,86.9732,0.0034,0.5348,5.578,12.1445,1775521027957935794,0
nyudepth,5,1,13.3384,13.4377,99.3097,99.3097,87.4698,86.6442,0.002,0.5128,5.3258,11.8398,1775521028057665288,0
nyudepth,5,1,13.4377,13.5387,101.033,101.033,89.297,88.2908,0.0037,0.6187,5.2907,11.7359,1775521028156950603,0
nyudepth,5,1,13.5388,13.638,99.2978,99.2978,88.2665,87.4007,0.0029,0.5519,4.4396,11.0313,1775521028257142695,0
nyudepth,5,1,13.6381,13.738,99.91,99.91,89.1048,88.2686,0.0027,0.5331,4.3826,10.8052,1775521028356394049,0
nyudepth,5,1,13.738,13.8378,99.7841,99.7841,87.9089,87.0772,0.0031,0.5112,5.3022,11.8753,1775521028457234325,0
nyudepth,5,1,13.8378,13.9373,99.5533,99.5533,87.9077,87.0702,0.0023,0.5193,5.0724,11.6456,1775521028556799104,0
nyudepth,5,1,13.9373,14.0373,99.997,99.997,88.9594,88.1232,0.003,0.5272,4.3654,11.0377,1775521028655656141,0
nyudepth,5,1,14.0373,14.1369,99.5491,99.5491,87.86,87.0316,0.003,0.5156,5.2855,11.689,1775521028756583778,0
nyudepth,5,1,14.1369,14.2365,99.5662,99.5662,88.6502,87.8093,0.0035,0.5279,4.267,10.916,1775521028855124839,0
nyudepth,5,1,14.2365,14.3365,100.0254,100.0254,88.217,87.3653,0.0031,0.5029,5.3329,11.8085,1775521028955768050,0
nyudepth,5,1,14.3365,14.4366,100.0772,100.0772,89.262,88.4125,0.0035,0.5117,4.1888,10.8151,1775521029054659727,0
nyudepth,5,1,14.4366,14.5366,100.0054,100.0054,87.8156,86.9634,0.0033,0.5389,5.4853,12.1898,1775521029156043723,0
nyudepth,5,1,14.5366,14.6364,99.7758,99.7758,88.8398,87.9826,0.0032,0.5347,4.2267,10.936,1775521029254800728,0
nyudepth,5,1,14.6364,14.7359,99.4515,99.4515,87.4268,86.2533,0.0026,0.4929,5.5645,12.0247,1775521029355925348,0
nyudepth,5,1,14.7359,14.8362,100.3132,100.3132,88.9555,88.1271,0.0025,0.5233,4.6601,11.3577,1775521029454482589,0
nyudepth,5,1,14.8362,14.936,99.7989,99.7989,89.3793,88.5253,0.0025,0.5396,3.9458,10.4196,1775521029554091140,0
nyudepth,5,1,14.936,15.0357,99.7071,99.7071,87.5955,86.7736,0.0028,0.4966,5.4832,12.1116,1775521029655437715,0
nyudepth,5,1,15.0357,15.1356,99.9198,99.9198,89.2434,88.3764,0.0034,0.5191,4.0698,10.6764,1775521029753741501,0
nyudepth,5,1,15.1357,15.2355,99.8743,99.8743,87.3858,86.5386,0.0026,0.5372,5.5747,12.4885,1775521029855176627,0
nyudepth,5,1,15.2355,15.3352,99.6621,99.6621,87.7768,86.94,0.0032,0.524,5.4095,11.8853,1775521029954895601,0
nyudepth,5,1,15.3352,15.4349,99.6771,99.6771,87.9686,87.1402,0.0025,0.4926,5.1708,11.7084,1775521030054329089,0
nyudepth,5,1,15.4349,15.535,100.0819,100.0819,88.1842,87.2693,0.0026,0.5677,5.1253,11.8977,1775521030153971120,0
nyudepth,5,1,15.535,15.635,100.0276,100.0276,88.9505,88.1051,0.0035,0.5104,4.4172,11.0771,1775521030253355767,0
nyudepth,5,1,15.635,15.7347,99.6523,99.6523,87.9056,86.6609,0.003,0.8991,5.3139,11.7467,1775521030354289964,0
nyudepth,5,1,15.7347,15.8346,99.8816,99.8816,87.8933,87.0543,0.0029,0.5283,5.2567,11.9883,1775521030453895835,0
nyudepth,5,1,15.8346,15.9337,99.1466,99.1466,87.4305,86.6208,0.0025,0.4992,5.235,11.7161,1775521030553766442,0
nyudepth,5,1,15.9337,16.034,100.3118,100.3118,88.2831,87.4399,0.0023,0.5298,5.5165,12.0287,1775521030653205529,0
nyudepth,5,1,16.0341,16.1346,100.5061,100.5061,88.4711,87.4244,0.0039,0.6698,5.4021,12.035,1775521030753413012,0
nyudepth,5,1,16.1346,16.2338,99.2663,99.2663,88.3219,87.5074,0.0025,0.502,4.4215,10.9444,1775521030852948732,0
nyudepth,5,1,16.2339,16.3342,100.3051,100.3051,88.1408,87.2569,0.0031,0.5358,5.4798,12.1643,1775521030953282927,0
nyudepth,5,1,16.3342,16.4328,98.6602,98.6602,87.6694,86.8723,0.0025,0.4877,4.4296,10.9908,1775521031052547862,0
nyudepth,5,1,16.4328,16.5339,101.0547,101.0547,88.5039,87.6617,0.0025,0.5389,5.4069,12.5507,1775521031152195344,0
nyudepth,5,1,16.5339,16.6329,99.0353,99.0353,84.2474,83.4408,0.0023,0.4965,8.2095,14.7879,1775521031256062897,0
nyudepth,5,1,16.6329,16.7339,100.9777,100.9777,88.7827,87.5294,0.0037,0.8921,5.42,12.1949,1775521031352318794,0
nyudepth,5,1,16.7339,16.8324,98.4738,98.4738,86.4599,85.6229,0.0033,0.506,5.5795,12.0139,1775521031453465244,0
nyudepth,5,1,16.8324,16.9328,100.3716,100.3716,88.5514,87.7234,0.0026,0.5105,5.2857,11.8202,1775521031551655498,0
nyudepth,5,1,16.9328,17.0323,99.4639,99.4639,87.8882,87.0607,0.0024,0.5228,4.9539,11.5758,1775521031651705308,0
nyudepth,5,1,17.0323,17.1318,99.535,99.535,87.3987,86.5733,0.0038,0.5036,5.6667,12.1363,1775521031751894120,0
nyudepth,5,1,17.1318,17.2318,99.9634,99.9634,87.7723,86.9465,0.0024,0.5012,5.4774,12.1912,1775521031851249817,0
nyudepth,5,1,17.2318,17.3319,100.0662,100.0662,89.1058,88.2631,0.0025,0.5053,4.1945,10.9603,1775521031949940530,0
nyudepth,5,1,17.3319,17.4318,99.967,99.967,87.7574,86.9587,0.0025,0.4975,5.625,12.2096,1775521032051447828,0
nyudepth,5,1,17.4318,17.5319,100.0218,100.0218,87.537,86.6718,0.0027,0.5311,5.542,12.4848,1775521032151342585,0
nyudepth,5,1,17.5319,17.6315,99.6277,99.6277,88.2483,87.4139,0.0023,0.521,4.6833,11.3795,1775521032250517608,0
nyudepth,5,1,17.6315,17.7316,100.0431,100.0431,88.0886,86.8934,0.0027,0.8954,5.4486,11.9545,1775521032350920504,0
nyudepth,5,1,17.7316,17.8309,99.3116,99.3116,87.2488,86.3887,0.0027,0.5018,5.4345,12.0628,1775521032450959234,0
nyudepth,5,1,17.8309,17.9311,100.23,100.23,88.3994,87.5454,0.0032,0.5294,5.1951,11.8306,1775521032550041445,0
nyudepth,5,1,17.9311,18.0306,99.4744,99.4744,85.4618,84.6538,0.0027,0.4966,7.6385,14.0127,1775521032652724225,0
nyudepth,5,1,18.0306,18.1312,100.5657,100.5657,89.7803,88.8758,0.0039,0.5701,4.1447,10.7854,1775521032748714677,0
nyudepth,5,1,18.1312,18.2308,99.6146,99.6146,88.4966,87.6272,0.0027,0.5181,4.384,11.1181,1775521032849530431,0
nyudepth,5,1,18.2308,18.3305,99.6759,99.6759,88.6764,87.8241,0.0036,0.5086,4.4737,10.9995,1775521032949244044,0
nyudepth,5,1,18.3305,18.4303,99.7868,99.7868,88.8407,87.978,0.0032,0.5442,4.389,10.9461,1775521033048853716,0
nyudepth,5,1,18.4303,18.5307,100.4088,100.4088,88.4321,87.5755,0.0032,0.5348,5.1873,11.9767,1775521033149448566,0
nyudepth,5,1,18.5307,18.6302,99.4616,99.4616,91.0854,90.1737,0.003,0.5421,1.884,8.3762,1775521033246564149,0
nyudepth,5,1,18.6302,18.7291,98.8543,98.8543,88.2798,87.4213,0.0023,0.5183,4.1718,10.5745,1775521033348323542,0
nyudepth,5,1,18.7291,18.8299,100.8627,100.8627,88.9367,88.148,0.0028,0.5079,5.501,11.9261,1775521033448517184,0
nyudepth,5,1,18.8299,18.9292,99.246,99.246,88.6965,87.8548,0.0028,0.5321,4.0035,10.5495,1775521033547892291,0
nyudepth,5,1,18.9292,19.0292,99.9599,99.9599,89.2134,88.3519,0.0026,0.5264,4.1418,10.7464,1775521033647286398,0
nyudepth,5,1,19.0292,19.1292,100.0586,100.0586,87.4981,86.6486,0.0029,0.5352,5.9052,12.5604,1775521033749018810,0
nyudepth,5,1,19.1292,19.2285,99.3011,99.3011,86.3072,85.482,0.0025,0.5186,6.3939,12.9939,1775521033849575820,0
nyudepth,5,1,19.2285,19.3283,99.74,99.74,87.951,87.1065,0.0032,0.5276,5.3034,11.789,1775521033947796284,0
nyudepth,5,1,19.3283,19.4287,100.4581,100.4581,89.6197,88.7949,0.0028,0.5077,4.3621,10.8384,1775521034046604990,0
nyudepth,5,1,19.4288,19.5285,99.7286,99.7286,88.8842,88.0317,0.003,0.5087,4.3869,10.8444,1775521034147098658,0
nyudepth,5,1,19.5285,19.6277,99.1967,99.1967,88.1225,87.266,0.0028,0.4965,4.4601,11.0742,1775521034246910353,0
nyudepth,5,1,19.6277,19.7281,100.3616,100.3616,85.5003,84.6342,0.0026,0.5577,8.2667,14.8613,1775521034349924360,0
nyudepth,5,1,19.7281,19.8279,99.8352,99.8352,89.3827,88.182,0.0021,0.5215,4.1339,10.4525,1775521034446163576,0
nyudepth,5,1,19.8279,19.9273,99.3514,99.3514,86.8445,86.0213,0.0033,0.5181,5.7557,12.5069,1775521034547630663,0
nyudepth,5,1,19.9273,20.0275,100.1704,100.1704,89.3217,88.4759,0.0034,0.5066,4.3809,10.8487,1775521034645616803,0
nyudepth,5,1,20.0275,20.1271,99.6192,99.6192,88.5252,87.6822,0.0042,0.5274,4.4889,11.0939,1775521034745906228,0
nyudepth,5,1,20.1271,20.2274,100.275,100.275,88.4507,87.5738,0.0027,0.5215,5.2123,11.8244,1775521034846258333,0
nyudepth,5,1,20.2274,20.3272,99.8118,99.8118,88.9706,88.1284,0.0037,0.5346,4.3423,10.8412,1775521034945674180,0
nyudepth,5,1,20.3272,20.4268,99.6439,99.6439,87.8583,87.037,0.0028,0.5114,5.4295,11.7856,1775521035046585117,0
nyudepth,5,1,20.4269,20.5262,99.3681,99.3681,88.6462,87.8212,0.0036,0.5168,4.0762,10.7219,1775521035144885583,0
nyudepth,5,1,20.5262,20.6266,100.3561,100.3561,88.6946,87.7678,0.0035,0.5103,5.2087,11.6615,1775521035245395731,0
nyudepth,5,1,20.6266,20.7264,99.8149,99.8149,89.0711,88.21,0.0037,0.5393,4.1804,10.7438,1775521035344733397,0
nyudepth,5,1,20.7264,20.8265,100.0893,100.0893,88.9491,87.6568,0.0026,0.9567,4.4234,11.1402,1775521035444824468,0
nyudepth,5,1,20.8265,20.9263,99.7064,99.7064,89.0247,88.162,0.0027,0.5383,4.1327,10.6818,1775521035544634043,0
nyudepth,5,1,20.9263,21.0255,99.226,99.226,88.4486,87.5807,0.0026,0.5229,4.0886,10.7774,1775521035644306075,0
nyudepth,5,1,21.0255,21.1259,100.3752,100.3752,88.4842,87.6528,0.0031,0.5081,5.3153,11.891,1775521035744769353,0
nyudepth,5,1,21.1259,21.2255,99.612,99.612,85.0322,84.2037,0.0028,0.5025,8.2543,14.5798,1775521035848093556,0
nyudepth,5,1,21.2255,21.3248,99.3285,99.3285,83.8515,83.048,0.0024,0.485,9.0168,15.477,1775521035948478442,0
nyudepth,5,1,21.3249,21.4257,100.8315,100.8315,85.3733,84.5191,0.0026,0.5102,8.9262,15.4583,1775521036047728176,0
nyudepth,5,1,21.4257,21.5255,99.7715,99.7715,88.2871,87.4385,0.0025,0.5315,4.9493,11.4844,1775521036144592265,0
nyudepth,5,1,21.5255,21.6251,99.5882,99.5882,87.5954,86.7595,0.0036,0.5141,5.2853,11.9928,1775521036244710426,0
nyudepth,5,1,21.6251,21.7253,100.1804,100.1804,88.2321,87.3486,0.0028,0.5386,5.3174,11.9483,1775521036344339617,0
nyudepth,5,1,21.7253,21.8249,99.6761,99.6761,87.8207,86.6376,0.0025,0.8745,5.4772,11.8555,1775521036444689433,0
nyudepth,5,1,21.8249,21.9243,99.3309,99.3309,88.9683,88.1164,0.0031,0.531,3.9465,10.3626,1775521036542845156,0
nyudepth,5,1,21.9243,22.0244,100.0874,100.0874,88.4209,87.5948,0.0031,0.5239,5.0118,11.6665,1775521036643251033,0
nyudepth,5,1,22.0244,22.1235,99.153,99.153,88.1226,87.2881,0.0028,0.4972,4.5681,11.0304,1775521036742904505,0
nyudepth,5,1,22.1235,22.224,100.5011,100.5011,89.8566,89.0238,0.003,0.4969,4.0445,10.6445,1775521036841543557,0
nyudepth,5,1,22.2241,22.3236,99.5758,99.5758,87.9851,87.1492,0.0026,0.5054,4.9555,11.5907,1775521036942965234,0
nyudepth,5,1,22.3236,22.4238,100.1949,100.1949,89.384,88.5788,0.0028,0.5008,4.23,10.811,1775521037041826230,0
nyudepth,5,1,22.4238,22.5233,99.448,99.448,87.0625,86.2368,0.0029,0.5214,5.7533,12.3855,1775521037143554492,0
nyudepth,5,1,22.5233,22.6234,100.0519,100.0519,89.1154,88.2616,0.0035,0.5356,4.2367,10.9365,1775521037241496921,0
nyudepth,5,1,22.6234,22.7235,100.1084,100.1084,88.2082,87.3513,0.0035,0.5242,5.4166,11.9002,1775521037342738944,0
nyudepth,5,1,22.7235,22.8245,101.0132,101.0132,89.7996,88.597,0.0026,0.4991,4.0653,11.2136,1775521037441506799,0
nyudepth,5,1,22.8245,22.9228,98.2597,98.2597,87.6053,86.8046,0.0026,0.4958,4.1282,10.6544,1775521037542593209,0
nyudepth,5,1,22.9228,23.0228,99.9954,99.9954,88.2843,87.458,0.0029,0.5128,5.1532,11.7111,1775521037641888154,0
nyudepth,5,1,23.0228,23.1226,99.8535,99.8535,87.7847,86.9355,0.0031,0.5254,5.3811,12.0688,1775521037742121397,0
nyudepth,5,1,23.1227,23.2222,99.5219,99.5219,87.5755,86.7425,0.0025,0.5228,5.4495,11.9464,1775521037842052874,0
nyudepth,5,1,23.2222,23.3221,99.9451,99.9451,87.8,86.9521,0.0032,0.528,5.5034,12.1451,1775521037941639315,0
nyudepth,5,1,23.3221,23.4219,99.7519,99.7519,87.7454,86.941,0.0026,0.4945,5.3627,12.0066,1775521038041453880,0
nyudepth,5,1,23.4219,23.5216,99.6993,99.6993,87.8216,86.9739,0.0027,0.5125,5.2917,11.8777,1775521038141145013,0
nyudepth,5,1,23.5216,23.6214,99.7574,99.7574,88.6287,87.7618,0.0038,0.547,4.5533,11.1288,1775521038240116222,0
nyudepth,5,1,23.6214,23.721,99.6706,99.6706,87.8468,87.0386,0.0029,0.4933,5.1165,11.8238,1775521038340446857,0
nyudepth,5,1,23.7211,23.8212,100.1699,100.1699,87.0302,86.1915,0.0027,0.5335,6.5584,13.1396,1775521038441568638,0
nyudepth,5,1,23.8212,23.9216,100.4014,100.4014,88.5535,87.7428,0.0024,0.4969,5.2977,11.8479,1775521038540487556,0
nyudepth,5,1,23.9217,24.0212,99.5612,99.5612,88.26,87.4351,0.0026,0.5202,4.5812,11.3012,1775521038640183899,0
nyudepth,5,1,24.0212,24.1209,99.678,99.678,87.9151,87.0376,0.003,0.5316,5.1403,11.763,1775521038740314620,0
nyudepth,5,1,24.1209,24.2204,99.4451,99.4451,87.7023,86.8569,0.0029,0.5327,5.3058,11.7428,1775521038840170256,0
nyudepth,5,1,24.2204,24.3205,100.0986,100.0986,89.1414,88.3047,0.0034,0.5084,4.4525,10.9572,1775521038938771408,0
nyudepth,5,1,24.3205,24.4197,99.2279,99.2279,87.5561,86.7657,0.0021,0.4841,5.0793,11.6718,1775521039039506690,0
nyudepth,5,1,24.4197,24.5198,100.1093,100.1093,89.1076,88.3065,0.0027,0.4997,4.3745,11.0017,1775521039138039701,0
nyudepth,5,1,24.5198,24.6199,100.0645,100.0645,89.2676,88.4247,0.0027,0.5151,4.2107,10.7969,1775521039237994659,0
nyudepth,5,1,24.6199,24.7195,99.613,99.613,88.7045,87.8702,0.0027,0.5289,4.2615,10.9084,1775521039338119530,0
nyudepth,5,1,24.7195,24.8198,100.2934,100.2934,86.5246,85.6746,0.003,0.5057,6.9625,13.7688,1775521039440442944,0
nyudepth,5,1,24.8198,24.9194,99.5543,99.5543,88.7155,87.5153,0.0024,0.5245,4.3621,10.8388,1775521039538145968,0
nyudepth,5,1,24.9194,25.0193,99.9107,99.9107,87.8937,87.0547,0.0024,0.5329,5.3113,12.0171,1775521039638659017,0
nyudepth,5,1,25.0193,25.1192,99.8597,99.8597,88.0589,87.2119,0.0038,0.5312,5.2211,11.8008,1775521039738489592,0
nyudepth,5,1,25.1192,25.2191,99.8657,99.8657,87.8979,87.0653,0.0031,0.4958,5.3575,11.9678,1775521039838495481,0
nyudepth,5,1,25.2191,25.3187,99.6509,99.6509,88.5828,87.7132,0.0034,0.5512,4.6175,11.0681,1775521039937630873,0
nyudepth,5,1,25.3187,25.4189,100.1329,100.1329,87.7427,86.9224,0.0029,0.5083,5.8496,12.3902,1775521040038523929,0
nyudepth,5,1,25.4189,25.5182,99.3485,99.3485,87.2993,86.442,0.0026,0.5133,5.4638,12.0493,1775521040138280603,0
nyudepth,5,1,25.5182,25.6182,100.014,100.014,85.8388,84.9931,0.0039,0.5334,7.52,14.1752,1775521040239696069,0
nyudepth,5,1,25.6182,25.7181,99.8123,99.8123,87.8073,86.9564,0.0026,0.5271,5.4946,12.005,1775521040337693579,0
nyudepth,5,1,25.7181,25.818,99.9773,99.9773,89.1649,88.3417,0.003,0.51,4.1754,10.8124,1775521040436196459,0
nyudepth,5,1,25.8181,25.9183,100.246,100.246,89.3442,88.1132,0.0028,0.8785,4.2558,10.9018,1775521040536264089,0
nyudepth,5,1,25.9183,26.0171,98.8019,98.8019,86.7119,85.8874,0.0025,0.5225,5.5506,12.0899,1775521040637816168,0
nyudepth,5,1,26.0171,26.1173,100.1379,100.1379,87.769,86.9146,0.004,0.5381,5.6405,12.369,1775521040736717876,0
nyudepth,5,1,26.1173,26.2167,99.4051,99.4051,88.8219,87.9848,0.0027,0.4966,4.0276,10.5832,1775521040835252766,0
nyudepth,5,1,26.2167,26.3174,100.7545,100.7545,88.4895,87.6071,0.003,0.5435,5.6343,12.265,1775521040936273374,0
nyudepth,5,1,26.3175,26.417,99.5092,99.5092,88.9206,88.0602,0.0028,0.5333,4.1845,10.5886,1775521041035587750,0
nyudepth,5,1,26.417,26.5165,99.503,99.503,88.0658,87.2386,0.0026,0.5061,5.0943,11.4373,1775521041136016527,0
nyudepth,5,1,26.5165,26.6165,100.0316,100.0316,87.9676,87.1198,0.0037,0.5391,5.4939,12.064,1775521041235928524,0
nyudepth,5,1,26.6165,26.7164,99.8745,99.8745,88.4165,87.5687,0.0028,0.5346,4.7526,11.458,1775521041335228719,0
nyudepth,5,1,26.7164,26.8163,99.8559,99.8559,87.8984,87.0659,0.0026,0.526,5.2881,11.9575,1775521041435648416,0
nyudepth,5,1,26.8163,26.9161,99.8099,99.8099,87.1739,85.9533,0.0033,0.8888,6.2535,12.636,1775521041536478471,0
nyudepth,5,1,26.9161,27.0161,99.9861,99.9861,89.1052,88.2819,0.0026,0.5083,4.2002,10.8808,1775521041634244547,0
nyudepth,5,1,27.0161,27.1151,98.979,98.979,85.8921,85.0723,0.003,0.5125,6.6419,13.0869,1775521041736682453,0
nyudepth,5,1,27.1151,27.2154,100.2748,100.2748,89.1376,88.3102,0.0029,0.5131,4.3941,11.1372,1775521041833423598,0
nyudepth,5,1,27.2154,27.3153,99.9327,99.9327,89.3186,88.48,0.003,0.5237,4.1752,10.6141,1775521041933489598,0
nyudepth,5,1,27.3153,27.4154,100.1167,100.1167,89.2181,88.391,0.0028,0.5164,4.2484,10.8987,1775521042033504787,0
nyudepth,5,1,27.4154,27.5154,99.9134,99.9134,79.3133,78.3988,0.0037,0.5863,14.1137,20.6,1775521042143509239,0
nyudepth,5,1,27.5154,27.6149,99.5247,99.5247,78.4681,77.5399,0.004,0.6078,14.7009,21.0567,1775521042244020508,0
nyudepth,5,1,27.6149,27.7149,99.9928,99.9928,86.4921,85.6635,0.003,0.5012,6.8164,13.5007,1775521042335671316,0
nyudepth,5,1,27.7149,27.8148,99.9079,99.9079,79.8374,78.9644,0.0027,0.5208,13.4656,20.0705,1775521042442323463,0
nyudepth,5,1,27.8148,27.9148,99.983,99.983,80.5248,79.2976,0.0031,0.902,12.9025,19.4582,1775521042541677989,0
nyudepth,5,1,27.9148,28.0137,98.9304,98.9304,78.8638,78.0558,0.0024,0.4896,13.566,20.0665,1775521042642335630,0
nyudepth,5,1,28.0138,28.1141,100.3821,100.3821,82.9456,82.0821,0.0031,0.5414,10.8478,17.4365,1775521042738557596,0
nyudepth,5,1,28.1142,28.2146,100.404,100.404,85.9785,85.1343,0.0025,0.5307,7.8027,14.4255,1775521042835904894,0
nyudepth,5,1,28.2146,28.3143,99.7119,99.7119,77.3965,76.5266,0.0027,0.5379,15.6846,22.3154,1775521042944201283,0
nyudepth,5,1,28.3143,28.4133,98.9985,98.9985,80.7543,79.8961,0.0024,0.546,11.8098,18.2442,1775521043040049041,0
nyudepth,5,1,28.4133,28.5134,100.0683,100.0683,85.1724,84.31,0.0026,0.541,8.2512,14.8959,1775521043135499112,0
nyudepth,5,1,28.5134,28.6135,100.1682,100.1682,81.5667,80.6796,0.0029,0.5221,12.0342,18.6016,1775521043239362896,0
nyudepth,5,1,28.6136,28.7131,99.5002,99.5002,79.4861,78.6401,0.0034,0.5299,13.4909,20.0141,1775521043340998566,0
nyudepth,5,1,28.7131,28.8131,100.0633,100.0633,78.7261,77.8667,0.0026,0.5454,14.7901,21.3372,1775521043441808030,0
nyudepth,5,1,28.8131,28.9129,99.74,99.74,81.5053,80.6651,0.0027,0.5097,11.7514,18.2348,1775521043538844502,0
nyudepth,5,1,28.9129,29.0131,100.1668,100.1668,80.0692,79.2453,0.0023,0.5078,13.5295,20.0976,1775521043640373340,0
nyudepth,5,1,29.0131,29.1123,99.2103,99.2103,84.2586,83.3887,0.0026,0.5388,8.3251,14.9517,1775521043735346232,0
nyudepth,5,1,29.1123,29.2118,99.5133,99.5133,85.1122,84.2494,0.0025,0.5048,7.8857,14.4011,1775521043834126547,0
nyudepth,5,1,29.2118,29.3124,100.543,100.543,80.9767,80.1257,0.0023,0.526,13.0255,19.5663,1775521043938790206,0
nyudepth,5,1,29.3124,29.4115,99.1259,99.1259,85.7439,84.9229,0.0024,0.4845,6.8777,13.382,1775521044033195757,0
nyudepth,5,1,29.4115,29.5125,100.9755,100.9755,74.3549,73.5324,0.0029,0.4956,19.5575,26.6207,1775521044145011013,0
nyudepth,5,1,29.5125,29.6116,99.0942,99.0942,84.5037,83.6478,0.0028,0.5099,7.9994,14.5904,1775521044234437548,0
nyudepth,5,1,29.6116,29.7113,99.6962,99.6962,78.3008,77.4706,0.0025,0.4975,15.0604,21.3953,1775521044340603086,0
nyudepth,5,1,29.7113,29.8115,100.172,100.172,86.0361,85.183,0.0025,0.5494,7.4122,14.136,1775521044432661782,0
nyudepth,5,1,29.8115,29.9114,99.8867,99.8867,81.6519,80.7703,0.0035,0.5512,11.6198,18.2347,1775521044537051855,0
nyudepth,5,1,29.9114,30.0111,99.7477,99.7477,79.1366,77.8982,0.0019,0.5131,14.0419,20.6111,1775521044639371329,0
nyudepth,5,1,30.0111,30.111,99.8833,99.8833,80.1423,79.306,0.0034,0.5149,13.1216,19.7411,1775521044738209075,0
nyudepth,5,1,30.111,30.2105,99.4241,99.4241,85.104,84.2749,0.0026,0.5169,7.5915,14.3202,1775521044832572325,0
nyudepth,5,1,30.2105,30.3105,100.0297,100.0297,81.2006,80.3531,0.0029,0.5305,12.2108,18.8291,1775521044936625762,0
nyudepth,5,1,30.3105,30.4102,99.6444,99.6444,81.2116,80.3705,0.0029,0.5306,12.1124,18.4328,1775521045036573600,0
nyudepth,5,1,30.4102,30.5105,100.385,100.385,85.6091,84.7221,0.0032,0.5153,8.2555,14.7758,1775521045132371797,0
nyudepth,5,1,30.5106,30.6097,99.1302,99.1302,78.3496,77.5154,0.0032,0.5162,14.4656,20.7805,1775521045238977604,0
nyudepth,5,1,30.6097,30.7097,100.0235,100.0235,80.0659,79.2627,0.003,0.4939,13.5324,19.9576,1775521045337186008,0
nyudepth,5,1,30.7097,30.809,99.2758,99.2758,79.294,78.4219,0.0036,0.5451,13.5076,19.9818,1775521045437195387,0
nyudepth,5,1,30.809,30.9091,100.0993,100.0993,79.1907,78.2975,0.0033,0.5731,14.6034,20.9086,1775521045537577473,0
nyudepth,5,1,30.9091,31.0098,100.6644,100.6644,79.1249,77.9098,0.0023,0.9025,14.6482,21.5395,1775521045637732165,0
nyudepth,5,1,31.0098,31.1092,99.3471,99.3471,84.0386,83.1862,0.0034,0.5034,8.5711,15.3086,1775521045732329049,0
nyudepth,5,1,31.1092,31.2087,99.4887,99.4887,77.6397,76.8138,0.0025,0.5132,15.3885,21.849,1775521045838504717,0
nyudepth,5,1,31.2087,31.3083,99.6301,99.6301,81.3392,80.4977,0.0031,0.5278,11.874,18.2909,1775521045934488518,0
nyudepth,5,1,31.3083,31.4087,100.3516,100.3516,80.0232,79.1775,0.003,0.5106,13.6721,20.3284,1775521046035928795,0
nyudepth,5,1,31.4087,31.5079,99.2563,99.2563,79.0544,78.1988,0.0026,0.5291,13.8364,20.2019,1775521046136455034,0
nyudepth,5,1,31.5079,31.6075,99.5755,99.5755,78.3001,77.4722,0.0031,0.4948,14.7495,21.2754,1775521046236634676,0
nyudepth,5,1,31.6075,31.7075,100.0137,100.0137,79.6339,78.7666,0.0028,0.5057,13.8662,20.3798,1775521046335336880,0
nyudepth,5,1,31.7075,31.807,99.4358,99.4358,78.0858,77.1956,0.0021,0.4909,14.8551,21.35,1775521046436353608,0
nyudepth,5,1,31.807,31.9076,100.6207,100.6207,85.9607,85.1099,0.0032,0.5411,7.9815,14.66,1775521046528925254,0
nyudepth,5,1,31.9076,32.0068,99.1495,99.1495,74.7742,73.6343,0.0033,0.8389,18.0905,24.3753,1775521046639665210,0
nyudepth,5,1,32.0068,32.1069,100.0764,100.0764,80.2378,79.3635,0.0034,0.5362,13.448,19.8386,1775521046734183293,0
nyudepth,5,1,32.1069,32.2069,100.0612,100.0612,76.7562,75.9345,0.0025,0.5099,16.7208,23.3049,1775521046837543876,0
nyudepth,5,1,32.2069,32.3065,99.5395,99.5395,85.9968,85.1582,0.0032,0.5025,7.0975,13.5428,1775521046927993051,0
nyudepth,5,1,32.3065,32.4068,100.3168,100.3168,79.7405,78.9261,0.0026,0.5085,13.978,20.5763,1775521047034423544,0
nyudepth,5,1,32.4068,32.5064,99.5338,99.5338,80.9749,80.1405,0.0025,0.5193,12.0289,18.5589,1775521047132803841,0
nyudepth,5,1,32.5064,32.6059,99.5686,99.5686,80.2424,79.4234,0.0031,0.5015,12.697,19.3262,1775521047233016684,0
nyudepth,5,1,32.6059,32.7065,100.513,100.513,81.1555,80.2835,0.0033,0.5413,12.7561,19.3575,1775521047332653976,0
nyudepth,5,1,32.7065,32.8054,98.9323,98.9323,78.5209,77.7104,0.0018,0.5089,13.6957,20.4113,1775521047434117183,0
nyudepth,5,1,32.8054,32.906,100.554,100.554,82.4065,81.5836,0.0028,0.5111,11.5049,18.1475,1775521047530868589,0
nyudepth,5,1,32.906,33.0056,99.6392,99.6392,84.7323,83.8584,0.0026,0.5086,8.3704,14.9069,1775521047628298538,0
nyudepth,5,1,33.0056,33.1057,100.0257,100.0257,84.7317,83.9112,0.0033,0.513,8.9228,15.294,1775521047728500581,0
nyudepth,5,1,33.1057,33.2056,99.926,99.926,81.5368,80.6904,0.0029,0.5061,11.8313,18.3892,1775521047831444296,0
nyudepth,5,1,33.2056,33.3054,99.7963,99.7963,85.8639,85.0037,0.0032,0.5377,7.3457,13.9324,1775521047926894187,0
nyudepth,5,1,33.3054,33.4054,99.9625,99.9625,81.2709,80.4292,0.0025,0.5255,12.0413,18.6916,1775521048031396593,0
nyudepth,5,1,33.4054,33.5049,99.5421,99.5421,81.7374,80.9151,0.0029,0.5047,11.2386,17.8048,1775521048130565896,0
nyudepth,5,1,33.5049,33.6049,99.9913,99.9913,85.8325,84.9921,0.0037,0.5093,7.5204,14.1588,1775521048226400144,0
nyudepth,5,1,33.6049,33.7045,99.5471,99.5471,84.97,84.1111,0.0032,0.5112,8.1122,14.5771,1775521048326992854,0
nyudepth,5,1,33.7045,33.8042,99.6807,99.6807,81.2261,80.3751,0.0026,0.5124,11.8122,18.4545,1775521048430253496,0
nyudepth,5,1,33.8042,33.9042,99.9849,99.9849,78.682,77.8583,0.0021,0.5161,14.6875,21.3028,1775521048532819254,0
nyudepth,5,1,33.9042,34.0034,99.1883,99.1883,80.8391,79.9992,0.0024,0.5082,11.9946,18.3493,1775521048630121091,0
nyudepth,5,1,34.0034,34.1047,101.3548,101.3548,75.9175,74.5516,0.0032,0.5392,19.0377,25.4374,1775521048736362730,0
nyudepth,5,1,34.1047,34.2037,98.9904,98.9904,79.9998,79.1494,0.0033,0.5127,12.4087,18.9906,1775521048831098247,0
nyudepth,5,1,34.2037,34.3034,99.6237,99.6237,78.8905,78.037,0.004,0.5401,14.2043,20.7332,1775521048931894841,0
nyudepth,5,1,34.3034,34.403,99.6242,99.6242,81.0952,80.2644,0.0027,0.5212,12.1176,18.529,1775521049029442373,0
nyudepth,5,1,34.403,34.5028,99.7996,99.7996,83.7447,82.9307,0.0026,0.5106,9.4898,16.0549,1775521049126450184,0
nyudepth,5,1,34.5028,34.6032,100.3587,100.3587,82.3449,81.4828,0.0034,0.5397,11.4763,18.0138,1775521049228246297,0
nyudepth,5,1,34.6032,34.7024,99.2074,99.2074,85.0339,84.1921,0.0032,0.5107,7.8914,14.1735,1775521049325030904,0
nyudepth,5,1,34.7024,34.8026,100.2171,100.2171,80.5777,79.7316,0.0027,0.5105,13.0904,19.6394,1775521049429447698,0
nyudepth,5,1,34.8026,34.9024,99.7305,99.7305,86.0239,85.1978,0.002,0.5256,7.1027,13.7066,1775521049523687095,0
nyudepth,5,1,34.9024,35.0026,100.1859,100.1859,86.5157,85.5794,0.0028,0.537,6.9215,13.6702,1775521049623247556,0
nyudepth,5,1,35.0026,35.1027,100.1332,100.1332,82.3982,81.1272,0.0035,0.9693,11.0984,17.735,1775521049727621949,0
nyudepth,5,1,35.1027,35.2024,99.6718,99.6718,86.0828,85.2228,0.0027,0.5441,6.9597,13.589,1775521049823626121,0
nyudepth,5,1,35.2024,35.302,99.582,99.582,80.0493,79.2007,0.0032,0.507,12.9542,19.5326,1775521049929303189,0
nyudepth,5,1,35.302,35.4017,99.7422,99.7422,66.672,65.7794,0.0028,0.5218,26.3627,33.0702,1775521050042304258,0
nyudepth,5,1,35.4017,35.5011,99.3252,99.3252,81.0382,80.1764,0.0037,0.5148,11.7083,18.2869,1775521050127401850,0
nyudepth,5,1,35.5011,35.6012,100.1649,100.1649,81.1599,80.2858,0.0035,0.547,12.604,19.005,1775521050227635333,0
nyudepth,5,1,35.6013,35.701,99.7639,99.7639,81.9145,81.0516,0.0029,0.536,11.4884,17.8493,1775521050326694114,0
nyudepth,5,1,35.701,35.8007,99.6323,99.6323,84.0838,83.1889,0.0027,0.5388,9.0704,15.5485,1775521050424049601,0
nyudepth,5,1,35.8007,35.9005,99.8645,99.8645,79.3807,78.5347,0.0031,0.5084,13.9146,20.4838,1775521050528536836,0
nyudepth,5,1,35.9005,36.0003,99.7062,99.7062,79.4873,78.6366,0.0029,0.5105,13.8078,20.2188,1775521050628304071,0
nyudepth,5,1,36.0003,36.1008,100.5332,100.5332,81.4464,80.1179,0.0032,1.0102,12.6653,19.0868,1775521050726878102,0
nyudepth,5,1,36.1008,36.2,99.1802,99.1802,76.2123,75.4106,0.0027,0.4972,16.2034,22.9679,1775521050830960210,0
nyudepth,5,1,36.2,36.3,99.9928,99.9928,78.8019,77.9175,0.0028,0.5077,14.555,21.1908,1775521050928501591,0
nyudepth,5,1,36.3,36.3996,99.618,99.618,80.9006,80.0319,0.0027,0.5205,12.1133,18.7174,1775521051026063453,0
nyudepth,5,1,36.3996,36.4993,99.7181,99.7181,80.4723,79.64,0.0029,0.5177,12.6228,19.2458,1775521051126201094,0
nyudepth,5,1,36.4994,36.5993,99.9269,99.9269,85.9485,85.0516,0.004,0.5511,7.6544,13.9784,1775521051220960792,0
nyudepth,5,1,36.5993,36.6993,100.0495,100.0495,79.3966,78.461,0.0029,0.5274,14.1304,20.6529,1775521051327374384,0
nyudepth,5,1,36.6994,36.7987,99.354,99.354,85.6091,84.7882,0.0027,0.5162,7.3159,13.7449,1775521051420619283,0
nyudepth,5,1,36.7987,36.8991,100.3661,100.3661,80.7955,79.9343,0.0027,0.5402,12.958,19.5706,1775521051525627408,0
nyudepth,5,1,36.8991,36.9983,99.2489,99.2489,76.143,75.3081,0.0021,0.5131,16.3014,23.1059,1775521051629347359,0
nyudepth,5,1,36.9984,37.0983,99.9117,99.9117,80.4193,79.5219,0.0033,0.5618,13.0682,19.4924,1775521051725372861,0
nyudepth,5,1,37.0983,37.1982,99.9477,99.9477,78.2481,77.4348,0.0028,0.5219,15.2307,21.6996,1775521051827459210,0
nyudepth,5,1,37.1982,37.2985,100.2266,100.2266,85.7749,84.9665,0.0026,0.5173,7.9036,14.4518,1775521051920089916,0
nyudepth,5,1,37.2985,37.398,99.5052,99.5052,80.661,79.8234,0.0028,0.5292,12.3956,18.8442,1775521052024820457,0
nyudepth,5,1,37.398,37.4981,100.1096,100.1096,80.2004,79.3048,0.0037,0.5765,13.2661,19.9092,1775521052125206953,0
nyudepth,5,1,37.4981,37.5979,99.8251,99.8251,82.3072,81.4508,0.0035,0.5238,10.8259,17.5179,1775521052222885987,0
nyudepth,5,1,37.5979,37.6976,99.6192,99.6192,81.5349,80.6751,0.0029,0.5277,11.4315,18.0843,1775521052323327305,0
nyudepth,5,1,37.6976,37.7975,99.9563,99.9563,80.4459,79.5843,0.0032,0.5214,13.0193,19.5104,1775521052424544829,0
nyudepth,5,1,37.7975,37.8967,99.1786,99.1786,76.3579,75.5517,0.0028,0.4987,16.439,22.8206,1775521052527930925,0
nyudepth,5,1,37.8967,37.9967,99.93,99.93,79.4312,78.5811,0.0022,0.5022,13.9468,20.4989,1775521052624627911,0
nyudepth,5,1,37.9967,38.0965,99.833,99.833,80.4398,79.5671,0.0034,0.5537,12.8143,19.3932,1775521052723436518,0
nyudepth,5,1,38.0965,38.1968,100.3315,100.3315,86.6777,85.4659,0.0027,0.5026,7.1516,13.6538,1775521052817616706,0
nyudepth,5,1,38.1969,38.2964,99.5421,99.5421,80.2218,79.3858,0.0035,0.5281,12.7215,19.3204,1775521052923528991,0
nyudepth,5,1,38.2964,38.396,99.6263,99.6263,85.7307,84.8858,0.0034,0.5353,7.3965,13.8956,1775521053017755829,0
nyudepth,5,1,38.396,38.4964,100.3106,100.3106,80.0984,79.2433,0.003,0.534,13.7022,20.2121,1775521053123698074,0
nyudepth,5,1,38.4964,38.5959,99.5066,99.5066,78.2153,77.3992,0.0033,0.5099,14.7045,21.2913,1775521053225024330,0
nyudepth,5,1,38.5959,38.6955,99.5913,99.5913,84.3877,83.5296,0.0033,0.5267,8.8623,15.2036,1775521053318698779,0
nyudepth,5,1,38.6955,38.7954,99.9193,99.9193,82.3965,81.4545,0.003,0.5345,11.0404,17.5228,1775521053420478993,0
nyudepth,5,1,38.7954,38.8949,99.5042,99.5042,85.729,84.8889,0.0026,0.5328,7.3581,13.7753,1775521053516725371,0
nyudepth,5,1,38.8949,38.9952,100.2386,100.2386,86.5168,85.6934,0.003,0.5143,7.0107,13.7218,1775521053615892055,0
nyudepth,5,1,38.9952,39.0952,99.9892,99.9892,82.7499,81.8824,0.0031,0.5506,10.8306,17.2392,1775521053719960414,0
nyudepth,5,1,39.0952,39.1954,100.215,100.215,81.0555,79.7875,0.003,0.9573,12.5597,19.1594,1775521053821688737,0
nyudepth,5,1,39.1954,39.2949,99.4573,99.4573,81.8909,81.0501,0.0028,0.5043,11.009,17.5663,1775521053920363512,0
nyudepth,5,1,39.2949,39.3946,99.7145,99.7145,85.8892,85.0402,0.0032,0.5173,7.3071,13.8253,1775521054016128811,0
nyudepth,5,1,39.3946,39.4943,99.7415,99.7415,81.2512,80.3884,0.0029,0.5499,11.9112,18.4902,1775521054120457364,0
nyudepth,5,1,39.4943,39.5941,99.7348,99.7348,85.3357,84.4935,0.0037,0.5315,7.7896,14.3991,1775521054216087280,0
nyudepth,5,1,39.5941,39.6937,99.6258,99.6258,77.3984,76.5842,0.0022,0.494,15.8186,22.2274,1775521054323862231,0
nyudepth,5,1,39.6937,39.7938,100.045,100.045,80.5565,79.6267,0.0026,0.575,12.8155,19.4885,1775521054420495366,0
nyudepth,5,1,39.7938,39.8933,99.5457,99.5457,85.6758,84.84,0.0024,0.5171,7.2482,13.87,1775521054514982500,0
nyudepth,5,1,39.8933,39.9927,99.3853,99.3853,78.7034,77.8826,0.0026,0.5044,14.1883,20.6819,1775521054621479235,0
nyudepth,5,1,39.9927,40.0934,100.6596,100.6596,82.9431,82.0278,0.0033,0.591,11.1034,17.7165,1775521054717791024,0
nyudepth,5,1,40.0934,40.1932,99.7498,99.7498,84.4693,83.2067,0.0024,0.8959,8.6155,15.2805,1775521054815972539,0
nyudepth,5,1,40.1932,40.2928,99.627,99.627,85.8134,84.9108,0.0037,0.5345,7.1251,13.8136,1775521054914242456,0
nyudepth,5,1,40.2928,40.3922,99.3679,99.3679,85.2706,84.396,0.0029,0.5388,7.602,14.0973,1775521055014357139,0
nyudepth,5,1,40.3922,40.4922,100.0457,100.0457,81.0828,80.2388,0.0038,0.5308,12.5327,18.9629,1775521055118666992,0
nyudepth,5,1,40.4922,40.5919,99.6339,99.6339,85.9881,85.1362,0.0035,0.5253,7.267,13.6458,1775521055213457322,0
nyudepth,5,1,40.5919,40.6916,99.7112,99.7112,86.2202,85.4118,0.0024,0.4932,7.0465,13.491,1775521055312880961,0
nyudepth,5,1,40.6916,40.7916,100.013,100.013,79.6141,78.7903,0.0029,0.5108,14.0803,20.3989,1775521055419635962,0
nyudepth,5,1,40.7916,40.8915,99.9157,99.9157,86.5898,85.7268,0.0024,0.4963,6.7515,13.3259,1775521055512330391,0
nyudepth,5,1,40.8916,40.9915,99.8976,99.8976,81.7988,80.9181,0.0024,0.5319,11.7443,18.0989,1775521055617249036,0
nyudepth,5,1,40.9915,41.091,99.5209,99.5209,80.8854,80.0859,0.0029,0.4943,11.9851,18.6356,1775521055717398640,0
nyudepth,5,1,41.091,41.1912,100.2014,100.2014,81.3746,80.1649,0.0022,0.9017,12.2848,18.8267,1775521055817231007,0
nyudepth,5,1,41.1912,41.2907,99.4995,99.4995,84.8229,83.9501,0.0035,0.523,8.0984,14.6766,1775521055913256280,0
nyudepth,5,1,41.2907,41.3913,100.5394,100.5394,79.3434,78.5202,0.0023,0.5058,14.1656,21.196,1775521056018834108,0
nyudepth,5,1,41.3913,41.4904,99.112,99.112,81.1992,80.3615,0.0029,0.5261,11.2498,17.9128,1775521056116467213,0
nyudepth,5,1,41.4904,41.5899,99.4868,99.4868,80.9144,80.0717,0.0038,0.5029,11.9069,18.5725,1775521056216246579,0
nyudepth,5,1,41.5899,41.6898,99.9079,99.9079,80.6379,79.8266,0.0023,0.4962,12.671,19.27,1775521056316509794,0
nyudepth,5,1,41.6898,41.7898,99.9877,99.9877,73.942,73.1248,0.0024,0.4964,19.6414,26.0457,1775521056423398497,0
nyudepth,5,1,41.7898,41.8897,99.9038,99.9038,80.583,79.7589,0.0026,0.5061,12.8703,19.3208,1775521056516625717,0
nyudepth,5,1,41.8897,41.9896,99.864,99.864,78.3036,77.4483,0.003,0.5188,14.9641,21.5605,1775521056618633426,0
nyudepth,5,1,41.9896,42.0894,99.8487,99.8487,84.8196,83.9391,0.0033,0.5454,8.4872,15.0291,1775521056712030519,0
nyudepth,5,1,42.0895,42.1895,100.0383,100.0383,81.5221,80.6272,0.0035,0.5419,11.8761,18.5161,1775521056815280422,0
nyudepth,5,1,42.1895,42.2893,99.812,99.812,81.6098,80.7786,0.0029,0.529,11.6227,18.2022,1775521056915075118,0
nyudepth,5,1,42.2893,42.3886,99.2436,99.2436,80.2119,79.3907,0.0031,0.5098,12.6779,19.0317,1775521057015952305,0
nyudepth,5,1,42.3886,42.4888,100.208,100.208,85.6838,84.8375,0.0035,0.5331,7.6787,14.5243,1775521057110207025,0
nyudepth,5,1,42.4888,42.5886,99.7937,99.7937,82.1984,81.3,0.0031,0.5521,11.1444,17.5953,1775521057213890886,0
nyudepth,5,1,42.5886,42.6889,100.2817,100.2817,85.1194,84.242,0.0033,0.5485,8.5731,15.1624,1775521057311123293,0
nyudepth,5,1,42.6889,42.7878,98.9542,98.9542,81.7307,80.9229,0.0022,0.4928,10.7536,17.2235,1775521057413595411,0
nyudepth,5,1,42.7879,42.8881,100.2781,100.2781,79.486,78.6197,0.0034,0.5465,14.302,20.7921,1775521057516108920,0
nyudepth,5,1,42.8881,42.9882,100.0531,100.0531,80.7817,79.9318,0.0026,0.5271,12.6154,19.2713,1775521057614711673,0
nyudepth,5,1,42.9882,43.0881,99.9103,99.9103,79.4501,78.6145,0.0027,0.4999,13.4261,20.4601,1775521057715586670,0
nyudepth,5,1,43.0881,43.1869,98.7325,98.7325,84.5052,83.6859,0.0024,0.5005,7.7217,14.2273,1775521057809803619,0
nyudepth,5,1,43.1869,43.2877,100.8165,100.8165,81.4769,80.2012,0.0025,0.539,12.9085,19.3396,1775521057913733175,0
nyudepth,5,1,43.2877,43.387,99.3457,99.3457,81.8876,81.0646,0.003,0.523,10.8819,17.4581,1775521058012532412,0
nyudepth,5,1,43.3871,43.4873,100.2641,100.2641,85.7895,84.9418,0.003,0.5272,7.7612,14.4745,1775521058108767609,0
nyudepth,5,1,43.4873,43.5866,99.3094,99.3094,80.4986,79.6451,0.0034,0.5139,12.2204,18.8108,1775521058213500351,0
nyudepth,5,1,43.5866,43.6864,99.7589,99.7589,81.8528,80.9796,0.003,0.5612,11.2274,17.906,1775521058311826659,0
nyudepth,5,1,43.6864,43.7867,100.2614,100.2614,81.4203,80.6017,0.0029,0.5081,12.4068,18.8411,1775521058412774527,0
nyudepth,5,1,43.7867,43.886,99.3178,99.3178,80.5726,79.7739,0.0021,0.492,12.1617,18.7451,1775521058512800628,0
nyudepth,5,1,43.886,43.9863,100.2691,100.2691,81.5279,80.7071,0.0032,0.5083,11.745,18.7412,1775521058611712818,0
nyudepth,5,1,43.9863,44.086,99.7076,99.7076,78.7711,77.8712,0.0037,0.5265,14.3921,20.9365,1775521058714639304,0
nyudepth,5,1,44.086,44.1858,99.7899,99.7899,80.4275,79.533,0.0028,0.5503,12.7075,19.3624,1775521058812673337,0
nyudepth,5,1,44.1858,44.2856,99.781,99.781,81.0419,79.7604,0.0024,0.9615,12.1751,18.7391,1775521058911943303,0
nyudepth,5,1,44.2856,44.3853,99.7322,99.7322,79.6949,78.8618,0.0029,0.5235,13.3915,20.0372,1775521059012953643,0
nyudepth,5,1,44.3854,44.4846,99.2308,99.2308,78.3722,77.4864,0.0036,0.5238,14.5555,20.8586,1775521059113859710,0
nyudepth,5,1,44.4846,44.5845,99.8917,99.8917,81.4019,80.5437,0.0034,0.5034,11.9925,18.4898,1775521059210538086,0
nyudepth,5,1,44.5845,44.6847,100.1847,100.1847,81.7583,80.9226,0.0028,0.5028,11.713,18.4264,1775521059310159409,0
nyudepth,5,1,44.6847,44.7845,99.8161,99.8161,79.5468,78.6762,0.0026,0.5121,13.7327,20.2692,1775521059412374323,0
nyudepth,5,1,44.7845,44.8844,99.896,99.896,80.4002,79.5747,0.0029,0.5136,12.6576,19.4958,1775521059511125189,0
nyudepth,5,1,44.8844,44.9842,99.7982,99.7982,84.7956,83.9232,0.0029,0.5556,8.3435,15.0026,1775521059606717244,0
nyudepth,5,1,44.9842,45.0838,99.5309,99.5309,80.2179,79.3759,0.0025,0.5015,12.6672,19.313,1775521059710849194,0
nyudepth,5,1,45.0838,45.1838,99.9806,99.9806,84.3772,83.5189,0.0035,0.5117,8.9769,15.6034,1775521059806699264,0
nyudepth,5,1,45.1838,45.2842,100.4159,100.4159,77.1379,75.8902,0.0034,0.9306,16.7179,23.2781,1775521059914433124,0
nyudepth,5,1,45.2842,45.383,98.8228,98.8228,74.6387,73.7892,0.0023,0.5403,17.7743,24.1842,1775521060015915853,0
nyudepth,5,1,45.383,45.4829,99.8571,99.8571,79.7465,78.8711,0.0028,0.5023,13.6044,20.1105,1775521060110578600,0
nyudepth,5,1,45.4829,45.5826,99.7317,99.7317,80.8753,80.0225,0.0036,0.5076,12.4259,18.8564,1775521060209266765,0
nyudepth,5,1,45.5826,45.6827,100.075,100.075,86.1208,85.3001,0.0026,0.5092,7.4351,13.9542,1775521060304017914,0
nyudepth,5,1,45.6827,45.7829,100.2281,100.2281,81.3664,80.5457,0.0024,0.5096,12.1696,18.8616,1775521060408840077,0
nyudepth,5,1,45.783,45.8824,99.4849,99.4849,84.8203,83.9785,0.0036,0.5297,7.9327,14.6647,1775521060504842500,0
nyudepth,5,1,45.8825,45.9822,99.7391,99.7391,79.1968,78.37,0.0024,0.5201,14.0402,20.5423,1775521060610446209,0
nyudepth,5,1,45.9822,46.082,99.7801,99.7801,78.1141,77.2718,0.0026,0.5025,15.1708,21.666,1775521060711326436,0
nyudepth,5,1,46.082,46.1817,99.7183,99.7183,81.1324,80.2231,0.0023,0.5815,12.1293,18.5859,1775521060808075923,0
nyudepth,5,1,46.1817,46.2817,99.9866,99.9866,85.0598,83.7885,0.0029,0.9369,8.5053,14.9267,1775521060904180679,0
nyudepth,5,1,46.2817,46.3817,99.9343,99.9343,78.6958,77.8,0.0028,0.5213,14.6043,21.2386,1775521061010276856,0
nyudepth,5,1,46.3817,46.4813,99.6494,99.6494,79.8076,78.9373,0.0022,0.546,13.1512,19.8418,1775521061108767957,0
nyudepth,5,1,46.4813,46.5808,99.4279,99.4279,81.9144,81.0538,0.0032,0.5195,11.0283,17.5135,1775521061206304760,0
nyudepth,5,1,46.5808,46.6806,99.803,99.803,81.378,80.4562,0.0044,0.5489,11.975,18.425,1775521061306689168,0
nyudepth,5,1,46.6806,46.78,99.4303,99.4303,78.9992,78.1654,0.0024,0.5167,13.9027,20.4311,1775521061408430702,0
nyudepth,5,1,46.78,46.8796,99.5369,99.5369,84.5997,83.8034,0.0023,0.4891,8.5497,14.9372,1775521061502517688,0
nyudepth,5,1,46.8796,46.98,100.4372,100.4372,81.2291,80.407,0.003,0.5039,12.6066,19.2081,1775521061606121098,0
nyudepth,5,1,46.98,47.0801,100.0941,100.0941,80.8593,80.0065,0.003,0.5363,12.8112,19.2348,1775521061706774071,0
nyudepth,5,1,47.0801,47.1799,99.7655,99.7655,86.039,85.2061,0.0031,0.504,7.1332,13.7265,1775521061801201023,0
nyudepth,5,1,47.1799,47.28,100.0779,100.0779,79.9164,79.0856,0.0025,0.4959,13.3142,20.1614,1775521061907157459,0
nyudepth,5,1,47.28,47.3796,99.6678,99.6678,78.4056,77.5472,0.0027,0.5094,14.6606,21.2622,1775521062008591957,0
nyudepth,5,1,47.3797,47.4787,99.0217,99.0217,84.2713,83.4313,0.0022,0.5119,8.1944,14.7504,1775521062101804356,0
nyudepth,5,1,47.4787,47.5795,100.8406,100.8406,86.2224,85.3434,0.0034,0.5293,7.6997,14.6181,1775521062200341488,0
nyudepth,5,1,47.5795,47.6785,98.9842,98.9842,77.1886,76.3036,0.0027,0.5016,15.4526,21.7957,1775521062308944895,0
nyudepth,5,1,47.6785,47.7788,100.3063,100.3063,79.5318,78.6674,0.0023,0.5095,14.0691,20.7745,1775521062406556629,0
nyudepth,5,1,47.7789,47.8783,99.4825,99.4825,85.9276,85.0682,0.0029,0.5469,7.0269,13.5549,1775521062499831179,0
nyudepth,5,1,47.8783,47.9784,100.013,100.013,79.0197,78.1711,0.0035,0.5317,14.5047,20.9934,1775521062606802264,0
nyudepth,5,1,47.9784,48.0775,99.098,99.098,80.0358,79.2111,0.0024,0.5107,12.4626,19.0622,1775521062704784785,0
nyudepth,5,1,48.0775,48.178,100.5521,100.5521,86.375,85.5323,0.0032,0.5017,7.4031,14.1771,1775521062798834391,0
nyudepth,5,1,48.178,48.2781,100.0168,100.0168,81.855,81.0102,0.0037,0.5077,11.549,18.1618,1775521062903544252,0
nyudepth,5,1,48.2781,48.3775,99.3872,99.3872,80.1176,78.8544,0.0022,0.5079,12.6624,19.2695,1775521063004685114,0
nyudepth,5,1,48.3775,48.4769,99.422,99.422,81.9361,81.1059,0.0031,0.5181,11.0853,17.4858,1775521063102506442,0
nyudepth,5,1,48.4769,48.5772,100.2927,100.2927,80.5637,79.703,0.0028,0.543,13.1528,19.729,1775521063204008322,0
nyudepth,5,1,48.5772,48.6769,99.6845,99.6845,84.7448,83.8958,0.0029,0.5326,8.5223,14.9397,1775521063299680138,0
nyudepth,5,1,48.6769,48.7764,99.5452,99.5452,78.9521,78.1069,0.0028,0.5309,14.0622,20.5931,1775521063404915550,0
nyudepth,5,1,48.7765,48.8763,99.8535,99.8535,81.4068,80.5513,0.0023,0.542,12.0552,18.4467,1775521063502466152,0
nyudepth,5,1,48.8763,48.9765,100.1368,100.1368,80.2545,79.4068,0.0032,0.5089,13.4199,19.8823,1775521063603694377,0
nyudepth,5,1,48.9765,49.0758,99.3674,99.3674,85.3687,84.5738,0.0028,0.4884,7.4322,13.9986,1775521063697854184,0
nyudepth,5,1,49.0758,49.1761,100.2336,100.2336,77.2807,76.4607,0.0027,0.498,16.2749,22.9529,1775521063806074303,0
nyudepth,5,1,49.1761,49.2756,99.5402,99.5402,81.8616,80.9885,0.0027,0.5451,11.1539,17.6786,1775521063901196699,0
nyudepth,5,1,49.2756,49.3763,100.6918,100.6918,80.6453,79.4015,0.0026,0.9298,13.4561,20.0465,1775521064003049795,0
nyudepth,5,1,49.3763,49.4754,99.0493,99.0493,78.7195,77.8569,0.0026,0.5238,13.8552,20.3298,1775521064104151877,0
nyudepth,5,1,49.4754,49.5745,99.1106,99.1106,85.3651,84.534,0.0034,0.5014,7.1776,13.7455,1775521064196542730,0
nyudepth,5,1,49.5745,49.6753,100.7857,100.7857,81.2653,80.3996,0.0026,0.5279,12.7831,19.5204,1775521064301268881,0
nyudepth,5,1,49.6753,49.7744,99.1147,99.1147,80.0182,79.1776,0.0027,0.5291,12.4679,19.0964,1775521064401749391,0
nyudepth,5,1,49.7745,49.8744,99.901,99.901,80.217,79.3136,0.0029,0.5638,13.0987,19.6839,1775521064501504847,0
nyudepth,5,1,49.8744,49.9739,99.5066,99.5066,85.7994,84.9455,0.0024,0.5194,7.1852,13.7072,1775521064595504291,0
nyudepth,5,1,49.9739,50.0745,100.5929,100.5929,78.2966,77.3736,0.0029,0.5262,15.7685,22.2962,1775521064703604437,0
nyudepth,5,1,50.0745,50.1738,99.3431,99.3431,81.0096,80.1586,0.0028,0.5027,11.5917,18.3334,1775521064800030759,0
nyudepth,5,1,50.1738,50.2733,99.4098,99.4098,82.0511,81.1919,0.0031,0.5295,10.8566,17.3588,1775521064898648872,0
nyudepth,5,1,50.2733,50.3739,100.677,100.677,86.5298,85.2757,0.0024,0.9343,7.5216,14.1472,1775521064994735487,0
nyudepth,5,1,50.3739,50.4735,99.5429,99.5429,84.2262,83.3754,0.0028,0.5376,8.7049,15.3167,1775521065096606244,0
nyudepth,5,1,50.4735,50.5735,100.0216,100.0216,80.5255,79.6246,0.0033,0.5508,12.8517,19.4961,1775521065200305935,0
nyudepth,5,1,50.5735,50.6729,99.3218,99.3218,80.1282,79.263,0.0027,0.5277,12.8789,19.1937,1775521065300364407,0
nyudepth,5,1,50.6729,50.7729,100.0309,100.0309,82.9423,82.1078,0.0028,0.5013,10.5109,17.0886,1775521065397328448,0
nyudepth,5,1,50.7729,50.8723,99.431,99.431,79.9156,79.0907,0.0025,0.516,12.9449,19.5155,1775521065499803157,0
nyudepth,5,1,50.8723,50.9723,99.9608,99.9608,85.6478,84.7975,0.0034,0.5343,7.714,14.313,1775521065594014085,0
nyudepth,5,1,50.9723,51.0721,99.7636,99.7636,79.405,78.5898,0.0028,0.5086,13.7305,20.3586,1775521065700003731,0
nyudepth,5,1,51.0721,51.1716,99.4761,99.4761,78.6993,77.8762,0.0033,0.4945,14.3459,20.7768,1775521065800393359,0
nyudepth,5,1,51.1716,51.2713,99.7472,99.7472,81.2794,80.4126,0.0033,0.5617,11.9739,18.4678,1775521065897507843,0
nyudepth,5,1,51.2713,51.3719,100.5771,100.5771,79.9127,78.6217,0.0031,0.5479,14.0769,20.6644,1775521065999368690,0
nyudepth,5,1,51.3719,51.4714,99.4289,99.4289,85.5592,84.7303,0.0027,0.5255,7.2532,13.8697,1775521066093133449,0
nyudepth,5,1,51.4714,51.5722,100.8503,100.8503,81.8831,81.0399,0.0035,0.5088,11.8492,18.9673,1775521066197168658,0
nyudepth,5,1,51.5722,51.6712,98.9635,98.9635,80.5894,79.7575,0.0027,0.5211,11.7013,18.3741,1775521066297880542,0
nyudepth,5,1,51.6712,51.7712,99.9544,99.9544,80.5948,79.7661,0.0025,0.527,12.8543,19.3596,1775521066398007044,0
nyudepth,5,1,51.7712,51.871,99.8666,99.8666,80.9196,80.0611,0.0023,0.5075,12.3312,18.947,1775521066497448324,0
nyudepth,5,1,51.871,51.9707,99.6616,99.6616,80.7612,79.9171,0.003,0.5031,12.1615,18.9004,1775521066597155308,0
nyudepth,5,1,51.9707,52.0701,99.3576,99.3576,80.7301,79.8997,0.0026,0.5155,12.2464,18.6275,1775521066696911104,0
nyudepth,5,1,52.0701,52.1704,100.2831,100.2831,77.3028,76.4348,0.0026,0.5164,16.2842,22.9803,1775521066800316590,0
nyudepth,5,1,52.1704,52.27,99.6406,99.6406,80.0142,79.1578,0.0023,0.504,13.0084,19.6264,1775521066897334783,0
nyudepth,5,1,52.27,52.3707,100.7085,100.7085,82.03,81.1416,0.0036,0.5166,11.3523,18.6785,1775521066995329684,0
nyudepth,5,1,52.3707,52.47,99.2901,99.2901,84.0452,83.2244,0.003,0.5044,8.58,15.2449,1775521067093275295,0
nyudepth,5,1,52.47,52.5696,99.5598,99.5598,85.1129,84.2503,0.0037,0.516,7.9324,14.4468,1775521067191928479,0
nyudepth,5,1,52.5696,52.6692,99.5679,99.5679,78.9047,78.0674,0.0024,0.5323,14.1609,20.6632,1775521067297727311,0
nyudepth,5,1,52.6692,52.7691,99.9413,99.9413,81.1265,80.2923,0.0024,0.5302,12.2929,18.8147,1775521067395438458,0
nyudepth,5,1,52.7691,52.8687,99.5638,99.5638,80.7048,79.8882,0.0028,0.5044,12.3415,18.859,1775521067495438258,0
nyudepth,5,1,52.8687,52.9684,99.6602,99.6602,86.0012,85.1644,0.0024,0.535,7.1092,13.6589,1775521067589779849,0
nyudepth,5,1,52.9684,53.0684,99.977,99.977,79.2606,78.4205,0.0029,0.5275,14.075,20.7164,1775521067696416857,0
nyudepth,5,1,53.0684,53.1686,100.2283,100.2283,83.4298,82.5538,0.0031,0.529,9.9876,16.7985,1775521067792316168,0
nyudepth,5,1,53.1686,53.2679,99.3173,99.3173,83.5134,82.6612,0.0021,0.4944,9.2661,15.804,1775521067891834070,0
nyudepth,5,1,53.2679,53.3679,99.9246,99.9246,81.7355,80.8962,0.0028,0.5308,11.5774,18.189,1775521067993472741,0
nyudepth,5,1,53.3679,53.4682,100.2853,100.2853,84.3601,83.1015,0.0022,0.5237,9.3095,15.9252,1775521068091140067,0
nyudepth,5,1,53.4682,53.5673,99.0922,99.0922,85.3494,84.4789,0.003,0.5344,7.1902,13.7429,1775521068189315792,0
nyudepth,5,1,53.5673,53.6674,100.0764,100.0764,80.4363,79.5524,0.0025,0.5427,13.0212,19.6401,1775521068294248847,0
nyudepth,5,1,53.6674,53.767,99.5941,99.5941,77.9995,77.1743,0.0024,0.4921,15.0526,21.5946,1775521068396367374,0
nyudepth,5,1,53.767,53.8669,99.925,99.925,81.805,80.9706,0.0032,0.5111,11.5998,18.1201,1775521068492519171,0
nyudepth,5,1,53.8669,53.9668,99.936,99.936,79.5477,78.7285,0.0028,0.5113,13.7849,20.3884,1775521068594639054,0
nyudepth,5,1,53.9668,54.0668,99.926,99.926,79.488,78.6368,0.0024,0.5258,13.7334,20.438,1775521068694532834,0
nyudepth,5,1,54.0668,54.1665,99.7415,99.7415,84.198,83.335,0.0029,0.55,8.8527,15.5434,1775521068789588549,0
nyudepth,5,1,54.1665,54.2663,99.7455,99.7455,79.5788,78.7373,0.003,0.5277,13.5353,20.1668,1775521068894023048,0
nyudepth,5,1,54.2663,54.366,99.6933,99.6933,81.6615,80.8433,0.0026,0.4997,11.411,18.0318,1775521068991655133,0
nyudepth,5,1,54.366,54.4663,100.2669,100.2669,86.5584,85.3031,0.0028,0.9172,7.082,13.7085,1775521069087029285,0
nyudepth,5,1,54.4663,54.5657,99.4015,99.4015,85.6812,84.8167,0.0035,0.525,7.2083,13.7203,1775521069187433754,0
nyudepth,5,1,54.5657,54.6658,100.0671,100.0671,78.9862,78.1305,0.0026,0.5085,14.4436,21.0809,1775521069294080886,0
nyudepth,5,1,54.6658,54.7648,99.0472,99.0472,79.5842,78.734,0.0034,0.5088,12.8984,19.463,1775521069392613399,0
nyudepth,5,1,54.7648,54.8644,99.535,99.535,80.1242,79.3183,0.0022,0.5048,12.7804,19.4108,1775521069491552540,0
nyudepth,5,1,54.8644,54.9653,100.9083,100.9083,85.7148,84.8656,0.0024,0.5362,8.5485,15.1935,1775521069586865890,0
nyudepth,5,1,54.9653,55.065,99.6845,99.6845,82.1705,81.3367,0.0024,0.5082,10.9499,17.514,1775521069690185737,0
nyudepth,5,1,55.065,55.1648,99.8392,99.8392,77.659,76.7635,0.0035,0.5182,15.3558,22.1802,1775521069794286099,0
nyudepth,5,1,55.1648,55.2637,98.8266,98.8266,81.2117,80.4039,0.0024,0.479,11.0462,17.6149,1775521069889828173,0
nyudepth,5,1,55.2637,55.364,100.2889,100.2889,80.5335,79.7275,0.0028,0.4968,13.1385,19.7553,1775521069990757993,0
nyudepth,5,1,55.364,55.4643,100.2829,100.2829,79.0316,77.7285,0.0026,0.9124,14.5483,21.2513,1775521070092467358,0
nyudepth,5,1,55.4643,55.5639,99.6842,99.6842,78.632,77.7996,0.0029,0.5111,14.3342,21.0523,1775521070192546932,0
nyudepth,5,1,55.564,55.6635,99.5653,99.5653,82.2502,81.3767,0.0027,0.571,10.7417,17.3151,1775521070288648847,0
nyudepth,5,1,55.6635,55.7631,99.5281,99.5281,78.7878,77.9587,0.003,0.5257,14.1733,20.7402,1775521070391656818,0
nyudepth,5,1,55.7631,55.8623,99.2007,99.2007,78.3812,77.5702,0.0027,0.504,14.3816,20.8196,1775521070491403785,0
nyudepth,5,1,55.8623,55.9632,100.8968,100.8968,80.783,79.9433,0.0031,0.5233,13.5729,20.1139,1775521070589806255,0
nyudepth,5,1,55.9632,56.0631,99.8864,99.8864,78.8336,78.0085,0.0028,0.4976,14.215,21.0528,1775521070691355497,0
nyudepth,5,1,56.0631,56.1625,99.4034,99.4034,81.8104,80.951,0.0039,0.519,11.1971,17.593,1775521070788234218,0
nyudepth,5,1,56.1625,56.2623,99.8023,99.8023,86.3555,85.4832,0.0032,0.5487,7.0841,13.4467,1775521070883542038,0
nyudepth,5,1,56.2623,56.3623,100.0266,100.0266,81.2298,80.3522,0.0027,0.5256,12.0771,18.7968,1775521070988347374,0
nyudepth,5,1,56.3624,56.4622,99.8526,99.8526,81.9923,80.7639,0.0022,0.4978,11.2388,17.8602,1775521071087544620,0
nyudepth,5,1,56.4622,56.5618,99.5924,99.5924,80.8022,79.9614,0.0032,0.5141,12.2297,18.7902,1775521071188398588,0
nyudepth,5,1,56.5618,56.6614,99.5488,99.5488,79.5592,78.7171,0.0028,0.5304,13.3407,19.9896,1775521071289112504,0
nyudepth,5,1,56.6614,56.7614,100.018,100.018,81.6724,80.8143,0.0029,0.5372,11.6994,18.3456,1775521071387030975,0
nyudepth,5,1,56.7614,56.8611,99.7138,99.7138,79.7187,78.876,0.0028,0.5295,13.4201,19.9951,1775521071488780621,0
nyudepth,5,1,56.8611,56.961,99.8685,99.8685,80.2358,79.4333,0.0025,0.4924,13.046,19.6328,1775521071588130480,0
nyudepth,5,1,56.961,57.0608,99.8182,99.8182,80.217,79.4059,0.0027,0.4992,13.1319,19.6012,1775521071688095921,0
nyudepth,5,1,57.0608,57.1605,99.6494,99.6494,81.0447,80.1697,0.0032,0.5346,12.1903,18.6047,1775521071786984011,0
nyudepth,5,1,57.1605,57.2602,99.6881,99.6881,80.5294,79.6189,0.0032,0.5647,12.8403,19.1587,1775521071887293759,0
nyudepth,5,1,57.2602,57.3596,99.3958,99.3958,85.1172,84.3178,0.0024,0.4963,7.9784,14.2786,1775521071982130070,0
nyudepth,5,1,57.3596,57.4597,100.0767,100.0767,79.2228,78.3882,0.0031,0.5153,14.6279,20.8538,1775521072088185780,0
nyudepth,5,1,57.4597,57.5606,100.9505,100.9505,86.6792,85.8592,0.0032,0.5243,7.4937,14.2712,1775521072181137914,0
nyudepth,5,1,57.5607,57.6601,99.4418,99.4418,79.7185,78.8293,0.0029,0.5628,13.1209,19.7233,1775521072287726645,0
nyudepth,5,1,57.6601,57.7604,100.2464,100.2464,82.44,81.5157,0.0032,0.5716,11.2762,17.8065,1775521072385333760,0
nyudepth,5,1,57.7604,57.8596,99.242,99.242,91.02,90.1576,0.0028,0.5388,1.5786,8.222,1775521072475892287,0
nyudepth,5,1,57.8596,57.9593,99.72,99.72,79.3801,78.4997,0.0031,0.5231,13.7055,20.3399,1775521072587271641,0
nyudepth,5,1,57.9593,58.059,99.6585,99.6585,76.6387,75.8184,0.0029,0.5042,16.3722,23.0198,1775521072689668499,0
nyudepth,5,1,58.059,58.1591,100.0369,100.0369,84.4016,83.5669,0.003,0.5152,9.0742,15.6353,1775521072782039362,0
nyudepth,5,1,58.1591,58.2589,99.833,99.833,84.6963,83.8705,0.0034,0.5085,8.5289,15.1367,1775521072881541834,0
nyudepth,5,1,58.2589,58.3587,99.7908,99.7908,81.8937,81.0248,0.0032,0.5442,11.1701,17.8971,1775521072984025825,0
nyudepth,5,1,58.3587,58.4584,99.6726,99.6726,80.3286,79.4358,0.0033,0.5613,12.6581,19.3439,1775521073085315342,0
nyudepth,5,1,58.4584,58.5586,100.1656,100.1656,81.8841,80.615,0.0031,0.5154,11.8625,18.2815,1775521073184202842,0
nyudepth,5,1,58.5586,58.6583,99.7241,99.7241,80.6386,79.7972,0.003,0.5355,12.5704,19.0854,1775521073285086801,0
nyudepth,5,1,58.6583,58.758,99.7462,99.7462,82.3262,81.4412,0.0026,0.5722,10.8659,17.4201,1775521073383117034,0
nyudepth,5,1,58.7581,58.8579,99.8924,99.8924,80.1914,79.3746,0.003,0.5068,12.9976,19.701,1775521073485005143,0
nyudepth,5,1,58.858,58.9578,99.8244,99.8244,81.2088,80.3788,0.0023,0.5287,11.7164,18.6156,1775521073583626508,0
nyudepth,5,1,58.9578,59.0571,99.2687,99.2687,81.5051,80.6612,0.0023,0.5288,11.4176,17.7635,1775521073683161790,0
nyudepth,5,1,59.0571,59.1574,100.3115,100.3115,86.6733,85.7873,0.0036,0.5713,7.2002,13.6383,1775521073778223036,0
nyudepth,5,1,59.1574,59.2571,99.7138,99.7138,79.3169,78.4402,0.0021,0.5401,13.9821,20.3969,1775521073885326546,0
nyudepth,5,1,59.2571,59.3572,100.0521,100.0521,80.1521,79.2703,0.0028,0.5415,13.2813,19.9,1775521073984350349,0
nyudepth,5,1,59.3572,59.4568,99.6706,99.6706,82.8043,81.9777,0.0028,0.5125,10.3166,16.8663,1775521074081447624,0
nyudepth,5,1,59.4569,59.5568,99.9713,99.9713,81.9817,80.6395,0.0046,0.9985,11.483,17.9896,1775521074182295222,0
nyudepth,5,1,59.5568,59.6561,99.241,99.241,80.8094,79.9965,0.0026,0.5037,11.8382,18.4316,1775521074282632641,0
nyudepth,5,1,59.6561,59.7564,100.2831,100.2831,82.9836,82.0988,0.0025,0.5432,10.7017,17.2996,1775521074380747355,0
nyudepth,5,1,59.7564,59.8555,99.1385,99.1385,83.9215,83.052,0.0026,0.5126,8.6222,15.217,1775521074478960562,0
nyudepth,5,1,59.8555,59.9558,100.3067,100.3067,82.0514,81.2023,0.0031,0.5187,11.446,18.2554,1775521074580932813,0
nyudepth,5,1,59.9559,60.056,100.1079,100.1079,82.4551,81.6011,0.0029,0.5239,10.9463,17.6528,1775521074680749901,0
