run_idx,req_idx,latency_ms,backbone_ms,decoder_ms,swap_ms,gpu_peak_mb
0,0,186.0942,179.9366,4.29,0.0034,339.95
0,1,28.2196,27.5945,0.3818,0.0025,339.95
0,2,27.6923,27.1956,0.2771,0.0024,339.95
0,3,28.6045,28.0898,0.2816,0.0024,339.95
0,4,28.4771,27.9633,0.2762,0.0022,339.95
0,5,28.6842,28.0672,0.3849,0.0022,339.95
0,6,28.5061,28.0256,0.2679,0.0023,339.95
0,7,28.8571,28.3516,0.2762,0.0025,339.95
0,8,29.4105,28.8962,0.2879,0.0024,339.95
0,9,28.7887,28.2819,0.2745,0.0024,339.95
0,10,29.3629,28.8424,0.2898,0.0031,339.95
0,11,28.8294,28.1677,0.4172,0.0029,339.95
0,12,29.2077,28.7314,0.2662,0.0029,339.95
0,13,28.8981,28.3814,0.2953,0.0025,339.95
0,14,29.1069,28.5734,0.2953,0.0021,339.95
0,15,29.2266,28.7094,0.2733,0.0026,339.95
0,16,29.0003,28.4687,0.2998,0.0021,339.95
0,17,29.4664,28.9273,0.2812,0.0028,339.95
0,18,28.7819,28.2636,0.2914,0.0023,339.95
0,19,29.4576,28.7268,0.28,0.0022,339.95
0,20,28.5473,28.0789,0.2639,0.0025,339.95
0,21,29.2354,28.7082,0.2993,0.0028,339.95
0,22,28.9452,28.2475,0.3842,0.0098,339.95
0,23,29.1001,28.5769,0.2833,0.0028,339.95
0,24,29.4952,28.9688,0.2968,0.002,339.95
0,25,29.1355,28.6475,0.2651,0.003,339.95
0,26,29.5818,29.0618,0.2905,0.0023,339.95
0,27,28.6977,28.132,0.2969,0.0028,339.95
0,28,29.6447,28.8884,0.5222,0.0026,339.95
0,29,29.3952,28.8934,0.2851,0.0026,339.95
0,30,29.771,29.2762,0.2717,0.0024,339.95
0,31,30.0335,29.5209,0.2821,0.0024,339.95
0,32,29.2794,28.751,0.2926,0.0025,339.95
0,33,29.4387,28.9338,0.2748,0.003,339.95
0,34,28.7393,28.2346,0.2872,0.0027,339.95
0,35,29.1922,28.6856,0.2753,0.0023,339.95
0,36,29.1104,28.6232,0.2707,0.0025,339.95
0,37,29.3893,28.8378,0.303,0.0025,339.95
0,38,29.6469,29.1235,0.2856,0.0022,339.95
0,39,29.3039,28.5162,0.2642,0.0027,339.95
0,40,29.4425,28.9284,0.2955,0.0021,339.95
0,41,28.73,28.2506,0.2617,0.0028,339.95
0,42,29.4669,28.9501,0.2898,0.0026,339.95
0,43,29.5791,29.0488,0.2935,0.0022,339.95
0,44,29.2875,28.7784,0.2694,0.0027,339.95
0,45,29.607,29.0808,0.2911,0.0029,339.95
0,46,29.0856,28.5898,0.2747,0.002,339.95
0,47,29.4395,28.9486,0.2665,0.0029,339.95
0,48,28.668,28.1329,0.3069,0.002,339.95
0,49,30.0442,28.8821,0.9225,0.0026,339.95
0,50,28.9676,28.481,0.2772,0.0024,339.95
0,51,29.2839,28.7612,0.2858,0.0025,339.95
0,52,29.35,28.8503,0.2805,0.0029,339.95
0,53,28.9686,28.4608,0.2892,0.0021,339.95
0,54,29.4473,28.9346,0.278,0.0023,339.95
0,55,28.8319,28.3324,0.2753,0.003,339.95
0,56,29.4434,28.925,0.2906,0.0021,339.95
0,57,28.7671,28.2643,0.2802,0.0023,339.95
0,58,29.2298,28.7264,0.2815,0.0024,339.95
0,59,28.9027,28.3779,0.2905,0.0027,339.95
0,60,29.1467,28.6799,0.2583,0.0025,339.95
0,61,29.8083,29.2939,0.2888,0.0023,339.95
0,62,29.4568,28.9485,0.2821,0.0024,339.95
0,63,29.7512,29.2458,0.2768,0.0027,339.95
0,64,28.8092,28.2818,0.2899,0.0022,339.95
0,65,29.3404,28.8358,0.2749,0.0023,339.95
0,66,28.8346,28.3443,0.2707,0.0028,339.95
0,67,29.441,28.9058,0.2986,0.0024,339.95
0,68,29.3077,28.8027,0.2746,0.0034,339.95
0,69,29.3747,28.859,0.2919,0.0021,339.95
0,70,30.0871,29.2409,0.2878,0.0026,339.95
0,71,28.902,28.4143,0.2742,0.0026,339.95
0,72,29.4404,28.9178,0.2964,0.0025,339.95
0,73,28.8257,28.3235,0.268,0.0022,339.95
0,74,29.4731,28.9801,0.274,0.0028,339.95
0,75,29.3563,28.8155,0.2987,0.0025,339.95
0,76,29.6177,29.124,0.2693,0.0033,339.95
0,77,29.8225,29.299,0.2913,0.0026,339.95
0,78,29.2629,28.724,0.3,0.0025,339.95
0,79,29.7185,29.1997,0.2872,0.0029,339.95
0,80,29.1764,28.294,0.6466,0.0025,339.95
0,81,29.0157,28.5215,0.2729,0.0022,339.95
0,82,29.113,28.6233,0.2717,0.003,339.95
0,83,29.1617,28.6272,0.2956,0.0022,339.95
0,84,29.5514,29.0444,0.2731,0.0031,339.95
0,85,29.1111,28.6006,0.2849,0.0024,339.95
0,86,29.6414,29.0975,0.2908,0.0028,339.95
0,87,28.809,28.3082,0.2702,0.0027,339.95
0,88,29.3601,28.8216,0.2983,0.0026,339.95
0,89,29.2566,28.7491,0.2803,0.0022,339.95
0,90,29.486,28.9755,0.283,0.0026,339.95
0,91,30.2276,29.3333,0.3022,0.0024,339.95
0,92,29.2848,28.7855,0.2703,0.0028,339.95
0,93,29.6093,29.1072,0.2844,0.0026,339.95
0,94,29.0232,28.4955,0.2879,0.0028,339.95
0,95,29.427,28.9103,0.2826,0.0029,339.95
0,96,29.1855,28.6496,0.302,0.0026,339.95
0,97,29.1907,28.6741,0.2927,0.0024,339.95
0,98,29.6243,29.1159,0.2771,0.0026,339.95
0,99,29.2199,28.68,0.2981,0.0023,339.95
0,100,29.6115,29.0964,0.2827,0.0024,339.95
0,101,29.1885,28.3514,0.6179,0.0022,339.95
0,102,29.3589,28.8423,0.2862,0.0024,339.95
0,103,28.9759,28.4743,0.2699,0.0027,339.95
0,104,29.2053,28.676,0.2906,0.0024,339.95
0,105,29.8517,29.3331,0.2839,0.0025,339.95
0,106,29.3525,28.8507,0.2797,0.003,339.95
0,107,29.6512,29.1055,0.3047,0.0021,339.95
0,108,29.0686,28.5618,0.2717,0.0023,339.95
0,109,29.5685,29.0603,0.2843,0.0026,339.95
0,110,29.1595,28.6049,0.3084,0.0026,339.95
0,111,29.2783,28.7489,0.2806,0.0031,339.95
0,112,30.069,29.1829,0.2919,0.0026,339.95
0,113,28.8363,28.3334,0.2737,0.0023,339.95
0,114,29.3487,28.8499,0.2755,0.0026,339.95
0,115,28.9267,28.3923,0.296,0.0022,339.95
0,116,29.3236,28.5792,0.3801,0.0059,339.95
0,117,29.6206,29.1022,0.2916,0.0021,339.95
0,118,29.2341,28.6925,0.3018,0.0026,339.95
0,119,29.6119,29.1009,0.2783,0.0035,339.95
0,120,28.9223,28.3807,0.3077,0.0025,339.95
0,121,29.3796,28.8471,0.2992,0.0025,339.95
0,122,29.6096,28.7443,0.6512,0.0029,339.95
0,123,29.4083,28.8813,0.2902,0.0021,339.95
0,124,29.8758,29.3757,0.2719,0.0028,339.95
0,125,29.2634,28.751,0.2862,0.0023,339.95
0,126,29.602,29.0763,0.2914,0.0024,339.95
0,127,29.0224,28.5165,0.2758,0.0027,339.95
0,128,29.4688,28.9354,0.294,0.0028,339.95
0,129,29.1768,28.6669,0.2793,0.0024,339.95
0,130,29.1851,28.6792,0.2771,0.0026,339.95
0,131,29.934,29.3798,0.3088,0.0021,339.95
0,132,29.4097,28.8776,0.2798,0.0029,339.95
0,133,30.0235,29.146,0.2858,0.0023,339.95
0,134,29.0425,28.5196,0.2869,0.0024,339.95
0,135,29.3824,28.8785,0.2749,0.0032,339.95
0,136,29.158,28.6215,0.298,0.0025,339.95
0,137,29.3757,28.8536,0.2853,0.0024,339.95
0,138,29.9882,29.4851,0.2769,0.0031,339.95
0,139,29.5589,28.9395,0.375,0.0024,339.95
0,140,29.9322,29.4196,0.2725,0.0027,339.95
0,141,29.2084,28.6817,0.292,0.0024,339.95
0,142,29.4989,28.9496,0.3091,0.0029,339.95
0,143,29.6242,28.7439,0.6395,0.0027,339.95
0,144,29.1101,28.5881,0.2942,0.0027,339.95
0,145,29.5753,29.0669,0.2811,0.0026,339.95
0,146,28.8922,28.3908,0.2702,0.0025,339.95
0,147,29.5621,28.9955,0.3093,0.0021,339.95
0,148,28.9685,28.4559,0.2726,0.0025,339.95
0,149,29.4836,28.9716,0.2828,0.0023,339.95
0,150,29.2151,28.673,0.2956,0.0021,339.95
0,151,29.1885,28.6819,0.2776,0.0028,339.95
0,152,29.8251,29.2885,0.2953,0.0026,339.95
0,153,29.509,28.9716,0.2876,0.002,339.95
0,154,30.1793,29.3014,0.2721,0.0026,339.95
0,155,29.2316,28.6952,0.3012,0.0023,339.95
0,156,29.4449,28.9442,0.2719,0.0028,339.95
0,157,29.2046,28.7048,0.2825,0.0029,339.95
0,158,29.2869,28.7429,0.3018,0.0024,339.95
0,159,29.6806,29.1741,0.2761,0.0025,339.95
0,160,29.1348,28.6038,0.2978,0.0026,339.95
0,161,29.5327,29.0088,0.2916,0.0019,339.95
0,162,28.9357,28.4198,0.2923,0.0029,339.95
0,163,29.7043,29.1307,0.3238,0.0026,339.95
0,164,29.7002,28.8239,0.6385,0.0028,339.95
0,165,29.2533,28.7493,0.2833,0.0028,339.95
0,166,29.7488,29.2239,0.2921,0.0023,339.95
0,167,29.2296,28.7238,0.2762,0.0033,339.95
0,168,29.6424,29.1104,0.3006,0.0023,339.95
0,169,29.0285,28.5133,0.2818,0.0021,339.95
0,170,29.5867,29.0724,0.2881,0.0032,339.95
0,171,29.4249,28.8688,0.3034,0.0024,339.95
0,172,29.4601,28.9522,0.2759,0.0026,339.95
0,173,29.7149,29.1977,0.2871,0.0026,339.95
0,174,29.2582,28.7154,0.2919,0.0021,339.95
0,175,29.8683,29.3769,0.2683,0.0028,339.95
0,176,29.5467,28.7459,0.4626,0.0083,339.95
0,177,29.6267,29.0915,0.2938,0.0024,339.95
0,178,29.6459,29.1433,0.274,0.0028,339.95
0,179,29.418,28.8643,0.3087,0.0024,339.95
0,180,29.6901,29.1773,0.2749,0.0025,339.95
0,181,29.0907,28.5639,0.2936,0.0025,339.95
0,182,29.469,28.9194,0.299,0.0022,339.95
0,183,28.8575,28.334,0.2847,0.0028,339.95
0,184,29.2841,28.7636,0.2884,0.0025,339.95
0,185,29.5741,28.7028,0.2789,0.0024,339.95
0,186,28.862,28.3774,0.2687,0.0028,339.95
0,187,29.5101,28.9715,0.2972,0.0027,339.95
0,188,28.9405,28.4344,0.275,0.0028,339.95
0,189,29.6176,29.0889,0.3096,0.0025,339.95
0,190,29.1056,28.5715,0.2943,0.0025,339.95
0,191,29.325,28.8089,0.2842,0.0025,339.95
0,192,29.6844,29.1522,0.2996,0.0023,339.95
0,193,29.4694,28.9332,0.3,0.0021,339.95
0,194,29.8855,29.3756,0.2875,0.0029,339.95
0,195,29.471,28.5714,0.6537,0.0022,339.95
0,196,29.3786,28.8863,0.27,0.0021,339.95
0,197,29.0504,28.5506,0.277,0.0027,339.95
0,198,29.5019,28.9576,0.3039,0.0022,339.95
0,199,29.6873,29.1725,0.2847,0.0023,339.95
1,0,184.7702,180.1336,4.3215,0.0038,339.95
1,1,28.0246,27.3856,0.3984,0.0024,339.95
1,2,28.8026,28.3267,0.2703,0.0022,339.95
1,3,28.7102,28.1673,0.3026,0.0027,339.95
1,4,29.3643,28.8505,0.2741,0.0026,339.95
1,5,28.8267,28.2385,0.3597,0.0023,339.95
1,6,29.5399,28.9971,0.3206,0.0025,339.95
1,7,29.0198,28.5306,0.2734,0.003,339.95
1,8,29.2649,28.76,0.2775,0.0024,339.95
1,9,29.3959,28.8548,0.3023,0.0022,339.95
1,10,29.1719,28.667,0.2809,0.0024,339.95
1,11,29.6324,28.9664,0.4301,0.0032,339.95
1,12,28.9748,28.478,0.2744,0.0024,339.95
1,13,29.4345,28.9602,0.2687,0.0029,339.95
1,14,28.8691,28.317,0.3193,0.0026,339.95
1,15,29.4857,28.9827,0.284,0.0029,339.95
1,16,29.1698,28.6371,0.2874,0.0026,339.95
1,17,29.2631,28.7077,0.306,0.0024,339.95
1,18,29.4993,28.9893,0.2849,0.0027,339.95
1,19,29.2888,28.5795,0.2806,0.0025,339.95
1,20,29.5244,29.0261,0.2778,0.0023,339.95
1,21,29.3437,28.858,0.2705,0.0029,339.95
1,22,29.4347,28.9101,0.2949,0.0025,339.95
1,23,28.987,28.4828,0.2807,0.0024,339.95
1,24,29.3492,28.8382,0.2819,0.0025,339.95
1,25,29.0346,28.5264,0.2872,0.0025,339.95
1,26,29.2718,28.7581,0.282,0.0025,339.95
1,27,29.8774,29.3423,0.3028,0.0029,339.95
1,28,29.8301,29.0468,0.5522,0.0024,339.95
1,29,30.4067,29.9284,0.27,0.003,339.95
1,30,29.8014,29.292,0.2915,0.0029,339.95
1,31,29.8194,29.3106,0.2829,0.0024,339.95
1,32,30.1295,29.5191,0.3143,0.0065,339.95
1,33,28.949,28.4275,0.2905,0.0021,339.95
1,34,29.255,28.7556,0.2813,0.0026,339.95
1,35,29.3972,28.866,0.29,0.0032,339.95
1,36,29.1001,28.5933,0.2717,0.0022,339.95
1,37,29.5692,29.0514,0.281,0.0029,339.95
1,38,28.9936,28.4643,0.3033,0.0033,339.95
1,39,29.8634,29.0698,0.2716,0.0028,339.95
1,40,28.7777,28.2812,0.2798,0.0026,339.95
1,41,29.346,28.8384,0.2847,0.0023,339.95
1,42,29.3212,28.8284,0.2742,0.0029,339.95
1,43,29.3909,28.8605,0.2966,0.0026,339.95
1,44,29.8025,29.2728,0.2876,0.0025,339.95
1,45,29.103,28.5953,0.2768,0.0026,339.95
1,46,29.6873,29.161,0.2906,0.0029,339.95
1,47,29.0468,28.5581,0.2698,0.0029,339.95
1,48,29.4311,28.8865,0.3186,0.0033,339.95
1,49,29.8676,28.6548,0.9771,0.0026,339.95
1,50,29.2309,28.7466,0.2775,0.0023,339.95
1,51,29.5908,29.0692,0.2923,0.0024,339.95
1,52,29.1275,28.6245,0.2761,0.0023,339.95
1,53,29.6542,29.1536,0.2822,0.0025,339.95
1,54,28.8907,28.3752,0.2966,0.0026,339.95
1,55,29.4581,28.9601,0.2747,0.0027,339.95
1,56,28.9333,28.419,0.2829,0.0027,339.95
1,57,29.3379,28.8159,0.2936,0.0024,339.95
1,58,30.0285,29.5171,0.2829,0.0029,339.95
1,59,29.4916,28.9699,0.2943,0.003,339.95
1,60,29.9879,29.4932,0.2688,0.0026,339.95
1,61,29.3837,28.8942,0.2733,0.003,339.95
1,62,29.8108,29.277,0.2941,0.003,339.95
1,63,29.9274,29.4182,0.2757,0.0026,339.95
1,64,29.5846,29.0732,0.282,0.0028,339.95
1,65,29.913,29.4025,0.2858,0.0021,339.95
1,66,29.09,28.5919,0.2784,0.0033,339.95
1,67,29.4999,28.9675,0.3042,0.0024,339.95
1,68,28.9645,28.4467,0.2735,0.0022,339.95
1,69,29.2703,28.7723,0.2794,0.0026,339.95
1,70,29.7397,28.8992,0.2993,0.0031,339.95
1,71,29.2506,28.7614,0.2684,0.0029,339.95
1,72,29.6878,29.1714,0.2888,0.0027,339.95
1,73,29.1006,28.5839,0.2853,0.0024,339.95
1,74,29.5606,29.0551,0.2811,0.003,339.95
1,75,28.9715,28.4497,0.2953,0.0029,339.95
1,76,29.4075,28.8962,0.2801,0.0023,339.95
1,77,29.4839,28.9812,0.2839,0.0024,339.95
1,78,29.5793,29.0388,0.2955,0.0024,339.95
1,79,29.8969,29.3862,0.2736,0.0029,339.95
1,80,29.4741,28.628,0.6132,0.0025,339.95
1,81,29.5876,29.0693,0.2885,0.0027,339.95
1,82,29.0325,28.5303,0.2809,0.0027,339.95
1,83,29.5408,29.0138,0.2943,0.0029,339.95
1,84,29.7059,29.1699,0.2848,0.0026,339.95
1,85,29.4578,28.9541,0.2807,0.0024,339.95
1,86,29.8619,29.3342,0.3006,0.0027,339.95
1,87,29.0385,28.5395,0.2759,0.0024,339.95
1,88,29.5026,28.9665,0.2999,0.0023,339.95
1,89,28.8752,28.3539,0.2874,0.0024,339.95
1,90,29.416,28.8989,0.2863,0.0028,339.95
1,91,29.7149,28.8446,0.2905,0.0031,339.95
1,92,29.6291,29.1104,0.2772,0.0024,339.95
1,93,29.9917,29.4908,0.2794,0.0027,339.95
1,94,29.5373,29.0061,0.2982,0.0029,339.95
1,95,30.0031,29.4917,0.2786,0.0024,339.95
1,96,29.4945,28.9726,0.2849,0.0026,339.95
1,97,29.5991,29.0713,0.3009,0.0026,339.95
1,98,29.6138,29.1035,0.2802,0.0028,339.95
1,99,29.1392,28.6194,0.2912,0.0025,339.95
1,100,29.7192,29.1909,0.2889,0.0025,339.95
1,101,29.4068,28.5733,0.6118,0.0026,339.95
1,102,29.6167,29.092,0.2933,0.0022,339.95
1,103,29.2172,28.7172,0.2744,0.0027,339.95
1,104,29.475,28.9524,0.289,0.0027,339.95
1,105,29.7036,29.1761,0.2935,0.0026,339.95
1,106,29.1114,28.6074,0.2821,0.0023,339.95
1,107,29.632,29.0988,0.2913,0.0031,339.95
1,108,28.9806,28.465,0.2795,0.0025,339.95
1,109,29.5704,29.0518,0.2856,0.0022,339.95
1,110,29.1027,28.5647,0.3055,0.0029,339.95
1,111,29.3038,28.7618,0.2885,0.0023,339.95
1,112,29.7818,28.9032,0.2811,0.0026,339.95
1,113,29.2938,28.7598,0.2958,0.002,339.95
1,114,29.8311,29.3269,0.2857,0.0026,339.95
1,115,29.1706,28.6165,0.3235,0.0029,339.95
1,116,29.6321,29.1079,0.2841,0.0025,339.95
1,117,29.2778,28.7764,0.2782,0.0027,339.95
1,118,29.598,29.0643,0.2996,0.0026,339.95
1,119,29.863,29.3503,0.2887,0.0026,339.95
1,120,29.401,28.8828,0.2856,0.003,339.95
1,121,29.8106,29.2482,0.3243,0.0023,339.95
1,122,29.4001,28.5268,0.6555,0.0027,339.95
1,123,29.541,29.0219,0.2925,0.0029,339.95
1,124,29.3833,28.863,0.2874,0.0024,339.95
1,125,29.5122,29.0085,0.2809,0.0027,339.95
1,126,30.1362,29.4314,0.3694,0.0056,339.95
1,127,29.2214,28.7154,0.2762,0.0024,339.95
1,128,29.6608,29.1421,0.2836,0.0026,339.95
1,129,29.1246,28.59,0.3018,0.0026,339.95
1,130,29.5345,29.0116,0.2933,0.0032,339.95
1,131,29.9901,29.4361,0.3101,0.003,339.95
1,132,29.3248,28.755,0.2914,0.0021,339.95
1,133,29.9551,29.0923,0.2752,0.0025,339.95
1,134,29.0207,28.4831,0.3047,0.0026,339.95
1,135,29.2071,28.6955,0.2803,0.0022,339.95
1,136,29.776,29.245,0.2927,0.0027,339.95
1,137,29.3787,28.8322,0.3076,0.0023,339.95
1,138,29.8845,29.3673,0.2866,0.0027,339.95
1,139,29.132,28.6004,0.2995,0.0032,339.95
1,140,29.6216,29.1017,0.282,0.0024,339.95
1,141,29.2907,28.7758,0.2909,0.0024,339.95
1,142,29.5067,28.9251,0.3252,0.0027,339.95
1,143,30.257,29.3812,0.6426,0.0021,339.95
1,144,29.4188,28.9081,0.2821,0.0022,339.95
1,145,29.7602,29.2352,0.2943,0.0024,339.95
1,146,28.9793,28.4665,0.284,0.0023,339.95
1,147,29.5689,29.0339,0.3052,0.0026,339.95
1,148,29.0624,28.547,0.2795,0.002,339.95
1,149,29.2725,28.7684,0.2792,0.0027,339.95
1,150,29.8447,29.298,0.3043,0.0027,339.95
1,151,29.3963,28.8867,0.2786,0.0025,339.95
1,152,29.8278,29.3002,0.2903,0.0025,339.95
1,153,29.1052,28.5657,0.2965,0.0023,339.95
1,154,30.0603,29.1785,0.2771,0.0027,339.95
1,155,29.3634,28.8393,0.2977,0.0026,339.95
1,156,29.5702,29.0488,0.2832,0.0023,339.95
1,157,29.9683,29.455,0.2783,0.0024,339.95
1,158,29.394,28.8491,0.3104,0.0025,339.95
1,159,29.8759,29.3701,0.277,0.0025,339.95
1,160,29.1861,28.663,0.2888,0.0025,339.95
1,161,29.7059,29.1695,0.2948,0.0028,339.95
1,162,29.4245,28.9198,0.2847,0.0026,339.95
1,163,29.5644,29.0003,0.3283,0.0028,339.95
1,164,30.3269,29.4285,0.663,0.0023,339.95
1,165,29.3485,28.8547,0.2761,0.0024,339.95
1,166,29.7047,29.1565,0.3093,0.0025,339.95
1,167,28.9965,28.4858,0.2832,0.0025,339.95
1,168,29.3503,28.8178,0.2924,0.0027,339.95
1,169,29.7263,29.1952,0.2976,0.0025,339.95
1,170,29.2782,28.7598,0.2902,0.0025,339.95
1,171,29.8678,29.318,0.3076,0.0031,339.95
1,172,29.2519,28.7207,0.2851,0.0022,339.95
1,173,29.6761,29.1589,0.2861,0.0026,339.95
1,174,29.3678,28.8086,0.3044,0.0029,339.95
1,175,29.4333,28.941,0.2682,0.003,339.95
1,176,29.6205,29.0952,0.2961,0.0027,339.95
1,177,29.3265,28.8009,0.289,0.0022,339.95
1,178,29.7473,29.2342,0.2875,0.0029,339.95
1,179,29.109,28.5846,0.2917,0.0023,339.95
1,180,29.6377,29.1214,0.2867,0.0025,339.95
1,181,29.103,28.6066,0.2747,0.003,339.95
1,182,29.4086,28.8674,0.3122,0.0025,339.95
1,183,29.6254,29.1178,0.2758,0.0028,339.95
1,184,29.4305,28.9105,0.2875,0.0028,339.95
1,185,30.1918,29.31,0.2905,0.0022,339.95
1,186,29.456,28.6621,0.45,0.0078,339.95
1,187,29.6339,29.0871,0.2982,0.0034,339.95
1,188,29.6963,29.1723,0.2784,0.0021,339.95
1,189,29.46,28.9595,0.2787,0.0026,339.95
1,190,29.8639,29.3276,0.2986,0.0028,339.95
1,191,29.2414,28.7206,0.2838,0.0023,339.95
1,192,29.6837,29.1389,0.2963,0.003,339.95
1,193,29.1817,28.642,0.3009,0.0026,339.95
1,194,29.4632,28.9447,0.2854,0.0023,339.95
1,195,29.7187,28.8247,0.6639,0.0027,339.95
1,196,29.2919,28.7916,0.2728,0.0021,339.95
1,197,29.7046,29.1934,0.2877,0.0023,339.95
1,198,29.2077,28.6443,0.3146,0.0027,339.95
1,199,29.6699,29.1624,0.2776,0.0023,339.95
2,0,189.8897,178.8337,4.2797,0.0035,339.95
2,1,34.5642,27.1273,0.4119,0.0027,339.95
2,2,28.4291,27.9191,0.2944,0.0024,339.95
2,3,28.1803,27.6604,0.2924,0.0023,339.95
2,4,29.2492,28.7089,0.2928,0.0026,339.95
2,5,28.5626,27.9755,0.3595,0.0022,339.95
2,6,29.1691,28.6868,0.2761,0.0024,339.95
2,7,29.0896,28.5632,0.2997,0.002,339.95
2,8,29.2114,28.7064,0.2762,0.0021,339.95
2,9,29.4286,28.8854,0.2872,0.0025,339.95
2,10,29.4967,28.9685,0.3034,0.0021,339.95
2,11,29.8594,29.214,0.4144,0.0022,339.95
2,12,28.9771,28.4641,0.2917,0.0025,339.95
2,13,29.3367,28.8479,0.2765,0.002,339.95
2,14,28.8595,28.33,0.3099,0.0025,339.95
2,15,29.3567,28.8226,0.2964,0.0024,339.95
2,16,29.1531,28.6528,0.2655,0.0021,339.95
2,17,29.2211,28.6745,0.2938,0.0024,339.95
2,18,29.8171,29.2904,0.3049,0.0025,339.95
2,19,29.5519,28.8642,0.268,0.0019,339.95
2,20,29.6694,29.1603,0.2881,0.0022,339.95
2,21,28.969,28.4759,0.2803,0.0025,339.95
2,22,29.4371,28.9455,0.2738,0.0024,339.95
2,23,29.1337,28.6061,0.3023,0.0023,339.95
2,24,29.3868,28.8727,0.2707,0.0027,339.95
2,25,29.6533,29.1664,0.2757,0.0025,339.95
2,26,29.1317,28.5917,0.2984,0.0024,339.95
2,27,29.6074,29.0555,0.2944,0.0022,339.95
2,28,29.4307,28.4059,0.671,0.0059,339.95
2,29,29.5622,29.0834,0.2656,0.0021,339.95
2,30,29.9651,29.4768,0.2748,0.0025,339.95
2,31,29.6612,29.126,0.3081,0.0023,339.95
2,32,30.2692,29.7354,0.2832,0.0022,339.95
2,33,29.403,28.91,0.2784,0.0026,339.95
2,34,29.7217,29.2094,0.282,0.0022,339.95
2,35,29.6505,29.1627,0.2734,0.0019,339.95
2,36,29.2885,28.77,0.289,0.0025,339.95
2,37,29.7256,29.2143,0.2777,0.0022,339.95
2,38,28.9106,28.3805,0.2902,0.0023,339.95
2,39,29.7142,28.9132,0.2894,0.0023,339.95
2,40,28.9151,28.4288,0.2626,0.002,339.95
2,41,29.2574,28.7727,0.2729,0.0025,339.95
2,42,29.5192,28.9936,0.284,0.0022,339.95
2,43,29.3352,28.8377,0.2786,0.0021,339.95
2,44,29.8278,29.3012,0.2954,0.0026,339.95
2,45,29.1816,28.6838,0.2758,0.0081,339.95
2,46,29.5385,29.0401,0.284,0.0026,339.95
2,47,28.9552,28.4374,0.2995,0.0026,339.95
2,48,29.4419,28.908,0.2919,0.0026,339.95
2,49,30.0768,28.8697,0.9682,0.0026,339.95
2,50,29.2934,28.7852,0.2828,0.0022,339.95
2,51,29.6685,29.1774,0.2744,0.0022,339.95
2,52,28.8465,28.3258,0.2868,0.0028,339.95
2,53,29.3323,28.8413,0.2708,0.0026,339.95
2,54,29.0308,28.5292,0.2791,0.0022,339.95
2,55,29.3945,28.8771,0.291,0.0023,339.95
2,56,29.4808,28.9704,0.2668,0.0023,339.95
2,57,29.1547,28.6525,0.2876,0.0025,339.95
2,58,29.8445,29.3308,0.286,0.0022,339.95
2,59,29.3532,28.8499,0.2786,0.0018,339.95
2,60,30.0043,29.4933,0.291,0.0028,339.95
2,61,29.5334,29.039,0.2726,0.0022,339.95
2,62,29.9767,29.4719,0.2883,0.0024,339.95
2,63,30.2716,29.7354,0.2973,0.002,339.95
2,64,29.6293,29.116,0.2816,0.0024,339.95
2,65,29.8618,29.359,0.28,0.0024,339.95
2,66,29.276,28.757,0.2932,0.0025,339.95
2,67,29.7876,29.2864,0.2845,0.002,339.95
2,68,29.4528,28.928,0.2905,0.0029,339.95
2,69,29.497,28.9995,0.2744,0.0024,339.95
2,70,30.1509,29.3386,0.2737,0.0024,339.95
2,71,29.0389,28.5263,0.292,0.0023,339.95
2,72,29.5497,29.045,0.2693,0.002,339.95
2,73,29.0549,28.5562,0.2802,0.0022,339.95
2,74,29.553,29.0273,0.296,0.0024,339.95
2,75,29.5103,29.0043,0.2851,0.0018,339.95
2,76,29.3443,28.8272,0.2848,0.0032,339.95
2,77,29.872,29.3743,0.2742,0.0018,339.95
2,78,29.4217,28.9194,0.2758,0.0024,339.95
2,79,29.7832,29.244,0.3035,0.0025,339.95
2,80,29.4588,28.6124,0.5998,0.0021,339.95
2,81,29.3731,28.8837,0.2806,0.0024,339.95
2,82,29.3156,28.7957,0.2867,0.0021,339.95
2,83,29.1775,28.6819,0.271,0.0019,339.95
2,84,29.7105,29.1704,0.3011,0.0027,339.95
2,85,29.1337,28.6086,0.2945,0.0021,339.95
2,86,29.6855,29.178,0.2782,0.0024,339.95
2,87,29.07,28.5465,0.2928,0.0021,339.95
2,88,29.6319,29.1048,0.2862,0.002,339.95
2,89,29.3633,28.8426,0.2839,0.0024,339.95
2,90,29.5307,28.9998,0.2962,0.0025,339.95
2,91,30.2899,29.4351,0.2726,0.0018,339.95
2,92,29.4772,28.9569,0.2877,0.0022,339.95
2,93,29.8165,29.3074,0.2853,0.0022,339.95
2,94,29.3688,28.8528,0.2779,0.0022,339.95
2,95,29.6804,29.1545,0.2981,0.0022,339.95
2,96,29.6601,29.1394,0.2788,0.0023,339.95
2,97,29.409,28.9153,0.2797,0.0027,339.95
2,98,29.9948,29.4771,0.2864,0.0024,339.95
2,99,29.5105,28.9984,0.2862,0.002,339.95
2,100,29.858,29.3232,0.2991,0.0026,339.95
2,101,29.6786,28.8311,0.6139,0.0021,339.95
2,102,29.4562,28.953,0.2876,0.0024,339.95
2,103,29.701,29.1692,0.3024,0.0024,339.95
2,104,29.1465,28.6226,0.278,0.002,339.95
2,105,29.7217,29.2114,0.2832,0.0026,339.95
2,106,29.0719,28.5446,0.2929,0.0022,339.95
2,107,29.6075,29.0908,0.2773,0.002,339.95
2,108,29.3452,28.819,0.2936,0.002,339.95
2,109,29.6193,29.0916,0.2929,0.0023,339.95
2,110,30.0403,29.5309,0.2847,0.0026,339.95
2,111,29.3306,28.7784,0.3072,0.002,339.95
2,112,29.9267,29.0495,0.2707,0.0019,339.95
2,113,28.8464,28.3523,0.2797,0.0024,339.95
2,114,29.4116,28.8934,0.2892,0.0024,339.95
2,115,29.3642,28.8574,0.2778,0.0022,339.95
2,116,29.4248,28.8888,0.2987,0.0023,339.95
2,117,29.7721,29.2518,0.2817,0.0019,339.95
2,118,29.3058,28.8092,0.279,0.0021,339.95
2,119,29.6667,29.1315,0.3,0.002,339.95
2,120,29.1599,28.6297,0.2831,0.0022,339.95
2,121,29.7877,29.2489,0.3199,0.0026,339.95
2,122,30.0064,28.9677,0.6844,0.0054,339.95
2,123,29.3591,28.8636,0.2737,0.0019,339.95
2,124,29.8721,29.3443,0.2937,0.0029,339.95
2,125,29.2654,28.7573,0.2771,0.002,339.95
2,126,29.865,29.3488,0.2916,0.0024,339.95
2,127,29.3914,28.8555,0.2982,0.0021,339.95
2,128,29.7304,29.2128,0.2716,0.0021,339.95
2,129,30.2363,29.7324,0.2843,0.0026,339.95
2,130,29.7026,29.1571,0.2944,0.0022,339.95
2,131,29.7548,29.235,0.2956,0.002,339.95
2,132,29.0847,28.5226,0.2997,0.0026,339.95
2,133,29.8835,29.0276,0.2767,0.0022,339.95
2,134,29.1464,28.648,0.2765,0.0023,339.95
2,135,29.1453,28.6156,0.2925,0.0023,339.95
2,136,29.6947,29.1783,0.2748,0.0023,339.95
2,137,28.8432,28.3412,0.2873,0.0027,339.95
2,138,29.333,28.8039,0.2899,0.0022,339.95
2,139,29.1867,28.6888,0.2783,0.0023,339.95
2,140,29.1257,28.5876,0.2936,0.0027,339.95
2,141,29.7034,29.1959,0.2772,0.0023,339.95
2,142,29.0773,28.5546,0.3013,0.0022,339.95
2,143,30.1332,29.2444,0.6539,0.0026,339.95
2,144,29.902,29.3946,0.2755,0.0023,339.95
2,145,29.678,29.1708,0.2827,0.0022,339.95
2,146,29.9369,29.4263,0.2781,0.0024,339.95
2,147,29.2201,28.7308,0.2751,0.0021,339.95
2,148,29.8724,29.308,0.2976,0.0026,339.95
2,149,29.0363,28.529,0.2708,0.0025,339.95
2,150,29.5234,29.0233,0.2797,0.0025,339.95
2,151,29.2851,28.7485,0.3088,0.0019,339.95
2,152,29.4982,28.9655,0.2816,0.0022,339.95
2,153,30.1673,29.6187,0.292,0.0025,339.95
2,154,29.7657,28.9045,0.2828,0.002,339.95
2,155,29.7708,29.2839,0.2706,0.0018,339.95
2,156,29.1906,28.6512,0.295,0.0025,339.95
2,157,29.5864,29.0696,0.2785,0.0021,339.95
2,158,29.8891,29.3814,0.2899,0.0026,339.95
2,159,29.6446,29.121,0.2948,0.0019,339.95
2,160,30.2776,29.7516,0.2837,0.0022,339.95
2,161,29.312,28.7948,0.2811,0.0024,339.95
2,162,29.7453,29.2166,0.296,0.0025,339.95
2,163,29.3646,28.8326,0.306,0.002,339.95
2,164,29.8238,28.9132,0.6733,0.0023,339.95
2,165,29.9483,29.4519,0.2709,0.0023,339.95
2,166,29.2657,28.777,0.2744,0.0023,339.95
2,167,29.7162,29.1813,0.2959,0.0024,339.95
2,168,28.9812,28.4682,0.2819,0.0019,339.95
2,169,29.6088,29.088,0.2946,0.0026,339.95
2,170,29.2784,28.7583,0.2865,0.0022,339.95
2,171,29.3502,28.8563,0.2749,0.0018,339.95
2,172,29.8404,29.2795,0.3011,0.0028,339.95
2,173,29.2296,28.7224,0.2784,0.0024,339.95
2,174,29.7547,29.22,0.2939,0.0027,339.95
2,175,29.0453,28.527,0.2878,0.0023,339.95
2,176,29.4431,28.9352,0.2769,0.0023,339.95
2,177,29.4609,28.9428,0.2979,0.0024,339.95
2,178,29.3701,28.8608,0.2817,0.0021,339.95
2,179,29.8324,29.3336,0.2853,0.002,339.95
2,180,29.2766,28.7384,0.3035,0.003,339.95
2,181,29.8068,29.2933,0.2851,0.0024,339.95
2,182,29.364,28.8604,0.276,0.0028,339.95
2,183,30.8945,30.2686,0.361,0.007,339.95
2,184,30.0991,29.566,0.2804,0.0022,339.95
2,185,29.7002,28.8086,0.2781,0.003,339.95
2,186,29.662,29.1573,0.2791,0.002,339.95
2,187,29.1265,28.6222,0.2841,0.0021,339.95
2,188,29.5579,29.0166,0.2911,0.003,339.95
2,189,29.45,28.9418,0.275,0.0026,339.95
2,190,29.5088,28.995,0.2909,0.0023,339.95
2,191,29.9542,29.4201,0.3008,0.0023,339.95
2,192,29.2914,28.7636,0.2891,0.0022,339.95
2,193,29.8831,29.3627,0.2932,0.0023,339.95
2,194,29.233,28.7159,0.2946,0.0025,339.95
2,195,29.9788,29.1504,0.6092,0.002,339.95
2,196,29.5755,29.0458,0.2889,0.0029,339.95
2,197,29.4792,28.9779,0.276,0.0022,339.95
2,198,30.0382,29.5288,0.289,0.0024,339.95
2,199,29.3268,28.8052,0.2891,0.0024,339.95
3,0,183.6183,178.9966,4.3169,0.0024,339.95
3,1,28.13,27.495,0.3952,0.0018,339.95
3,2,28.6183,28.1348,0.2732,0.0014,339.95
3,3,28.8237,28.3119,0.279,0.0017,339.95
3,4,29.4616,28.9254,0.3019,0.0018,339.95
3,5,29.5221,28.9389,0.358,0.0018,339.95
3,6,29.6146,29.1223,0.279,0.002,339.95
3,7,29.013,28.4957,0.2939,0.0021,339.95
3,8,29.4094,28.8585,0.3264,0.0017,339.95
3,9,29.2413,28.7092,0.3025,0.0016,339.95
3,10,29.204,28.6784,0.3064,0.0017,339.95
3,11,29.8315,29.1808,0.4086,0.0017,339.95
3,12,29.0964,28.598,0.2835,0.0019,339.95
3,13,29.5511,29.0818,0.2625,0.0017,339.95
3,14,28.8006,28.2763,0.3091,0.0017,339.95
3,15,29.5491,29.0403,0.2816,0.0024,339.95
3,16,29.054,28.5579,0.2727,0.0014,339.95
3,17,29.2767,28.7381,0.3062,0.0019,339.95
3,18,29.8355,29.2942,0.2988,0.0017,339.95
3,19,29.5074,28.8181,0.2641,0.0018,339.95
3,20,29.7626,29.2495,0.2881,0.002,339.95
3,21,29.0888,28.6122,0.2658,0.0016,339.95
3,22,29.513,29.0087,0.2812,0.0018,339.95
3,23,29.1737,28.6455,0.291,0.0014,339.95
3,24,29.1104,28.6028,0.2701,0.0015,339.95
3,25,29.5639,29.0523,0.288,0.002,339.95
3,26,28.9591,28.446,0.2792,0.0016,339.95
3,27,29.8742,29.344,0.2912,0.002,339.95
3,28,29.8885,29.1116,0.544,0.002,339.95
3,29,30.2645,29.8076,0.2586,0.0016,339.95
3,30,30.365,29.8634,0.2853,0.0018,339.95
3,31,29.6873,29.1559,0.2884,0.0019,339.95
3,32,29.9169,29.3714,0.3263,0.0016,339.95
3,33,33.6658,28.6531,0.5146,0.0051,339.95
3,34,29.0833,28.5892,0.2689,0.0016,339.95
3,35,29.4396,28.9255,0.2737,0.002,339.95
3,36,28.9321,28.4159,0.2872,0.0021,339.95
3,37,29.4048,28.8919,0.2779,0.0018,339.95
3,38,29.1552,28.6386,0.2879,0.0015,339.95
3,39,29.6792,28.8876,0.2737,0.0021,339.95
3,40,29.6511,29.1748,0.2743,0.0018,339.95
3,41,29.3218,28.7932,0.2886,0.002,339.95
3,42,29.7139,29.2195,0.2813,0.0016,339.95
3,43,28.9999,28.483,0.2848,0.0021,339.95
3,44,29.5543,29.0224,0.2913,0.0018,339.95
3,45,29.1533,28.6723,0.2685,0.0023,339.95
3,46,29.3515,28.8348,0.2913,0.0015,339.95
3,47,29.7876,29.2789,0.2781,0.0023,339.95
3,48,29.3555,28.8416,0.3057,0.0018,339.95
3,49,30.2884,29.0803,0.9616,0.0019,339.95
3,50,28.8772,28.4023,0.2614,0.0015,339.95
3,51,29.3936,28.89,0.2794,0.0018,339.95
3,52,29.2233,28.7061,0.2957,0.0021,339.95
3,53,29.3401,28.8522,0.2712,0.0017,339.95
3,54,29.8715,29.3483,0.2977,0.0018,339.95
3,55,29.3026,28.7961,0.2766,0.0016,339.95
3,56,29.854,29.3676,0.2742,0.002,339.95
3,57,29.1425,28.5993,0.3012,0.0019,339.95
3,58,29.4621,28.9713,0.2738,0.0018,339.95
3,59,29.3098,28.799,0.2773,0.002,339.95
3,60,29.2241,28.7362,0.2742,0.0025,339.95
3,61,29.8308,29.3394,0.2704,0.0017,339.95
3,62,29.2568,28.734,0.2931,0.0018,339.95
3,63,30.0045,29.4824,0.2874,0.0018,339.95
3,64,29.3757,28.8741,0.2782,0.002,339.95
3,65,29.7445,29.2073,0.3002,0.0018,339.95
3,66,29.8032,29.3121,0.2773,0.0016,339.95
3,67,29.6042,29.065,0.2856,0.0018,339.95
3,68,29.9212,29.386,0.2953,0.0016,339.95
3,69,29.2237,28.7264,0.2744,0.0016,339.95
3,70,29.9794,29.1479,0.2783,0.0021,339.95
3,71,29.3305,28.8263,0.2798,0.0018,339.95
3,72,29.3081,28.8223,0.2801,0.0017,339.95
3,73,29.8134,29.2739,0.3008,0.0021,339.95
3,74,29.3243,28.8276,0.2685,0.0017,339.95
3,75,29.8927,29.3682,0.2892,0.002,339.95
3,76,29.1698,28.6473,0.2924,0.0022,339.95
3,77,29.5046,29.0189,0.2748,0.002,339.95
3,78,29.2767,28.7312,0.3005,0.0018,339.95
3,79,29.3986,28.8746,0.2865,0.0019,339.95
3,80,30.1803,29.3424,0.6164,0.0016,339.95
3,81,29.1405,28.6107,0.3017,0.0018,339.95
3,82,29.546,29.0619,0.2705,0.0017,339.95
3,83,28.984,28.4644,0.2807,0.0024,339.95
3,84,29.5635,29.0341,0.2987,0.0017,339.95
3,85,29.2564,28.7705,0.2736,0.0017,339.95
3,86,29.4312,28.9138,0.2876,0.0021,339.95
3,87,29.8511,29.3282,0.2921,0.0018,339.95
3,88,29.0759,28.5669,0.2921,0.0016,339.95
3,89,29.6834,29.1431,0.2991,0.0018,339.95
3,90,29.2897,28.7869,0.2855,0.0016,339.95
3,91,29.9073,29.0408,0.2806,0.0024,339.95
3,92,29.7331,29.2179,0.2859,0.0018,339.95
3,93,29.2529,28.763,0.2729,0.0014,339.95
3,94,29.8487,29.3143,0.2873,0.0016,339.95
3,95,29.5855,29.0604,0.2872,0.0017,339.95
3,96,29.3987,28.9089,0.2798,0.0015,339.95
3,97,28.9554,28.4211,0.2991,0.0018,339.95
3,98,29.3529,28.8313,0.2909,0.002,339.95
3,99,29.5495,29.0218,0.2844,0.0019,339.95
3,100,29.172,28.6476,0.289,0.0021,339.95
3,101,29.9113,29.0894,0.6039,0.0015,339.95
3,102,28.7578,28.2489,0.2787,0.0022,339.95
3,103,29.2221,28.7156,0.2801,0.0019,339.95
3,104,28.8965,28.3988,0.2808,0.0016,339.95
3,105,29.3736,28.8325,0.3021,0.0021,339.95
3,106,29.4415,28.9468,0.2775,0.0015,339.95
3,107,29.1787,28.6615,0.2789,0.0017,339.95
3,108,29.3655,28.822,0.2944,0.0019,339.95
3,109,28.7319,28.2257,0.2854,0.0017,339.95
3,110,29.4032,28.866,0.2901,0.0017,339.95
3,111,28.8928,28.3427,0.2987,0.0021,339.95
3,112,29.7481,28.9091,0.2718,0.0017,339.95
3,113,29.0912,28.5446,0.2987,0.0024,339.95
3,114,29.184,28.6854,0.282,0.0016,339.95
3,115,29.618,29.1113,0.276,0.0018,339.95
3,116,29.2113,28.6619,0.3083,0.002,339.95
3,117,29.4677,28.9721,0.2766,0.0017,339.95
3,118,28.7493,28.2285,0.2851,0.0013,339.95
3,119,29.2149,28.693,0.2837,0.002,339.95
3,120,28.6126,28.1024,0.2892,0.0014,339.95
3,121,29.2015,28.6441,0.3176,0.0015,339.95
3,122,29.13,28.2785,0.6303,0.0019,339.95
3,123,29.07,28.5716,0.2695,0.0019,339.95
3,124,29.5554,29.0282,0.2963,0.0016,339.95
3,125,29.0719,28.5545,0.283,0.0017,339.95
3,126,29.5577,29.0421,0.2815,0.0017,339.95
3,127,28.8127,28.2739,0.2885,0.0019,339.95
3,128,29.491,28.9981,0.2744,0.0018,339.95
3,129,29.1258,28.5884,0.3016,0.0019,339.95
3,130,29.36,28.8396,0.2834,0.0019,339.95
3,131,29.517,28.9937,0.2833,0.0018,339.95
3,132,29.2109,28.6612,0.2969,0.0016,339.95
3,133,30.0508,29.2192,0.2645,0.0015,339.95
3,134,28.9693,28.4638,0.2803,0.0019,339.95
3,135,29.4488,28.908,0.2974,0.002,339.95
3,136,28.8739,28.3775,0.2822,0.0018,339.95
3,137,29.1746,28.6351,0.3027,0.0017,339.95
3,138,28.8958,28.3854,0.2881,0.0017,339.95
3,139,29.1582,28.6485,0.2789,0.0017,339.95
3,140,29.5183,28.9832,0.2955,0.0018,339.95
3,141,29.1154,28.6184,0.2767,0.0017,339.95
3,142,29.5188,28.9353,0.3091,0.0022,339.95
3,143,28.9624,28.0751,0.6363,0.0017,339.95
3,144,28.6476,28.172,0.2647,0.002,339.95
3,145,29.183,28.6496,0.2943,0.0021,339.95
3,146,28.4064,27.8992,0.2844,0.0014,339.95
3,147,29.0358,28.5291,0.2808,0.0017,339.95
3,148,28.9091,28.3683,0.3018,0.0019,339.95
3,149,29.1234,28.6417,0.2694,0.0016,339.95
3,150,29.5614,29.0157,0.3003,0.0018,339.95
3,151,28.8267,28.2874,0.2957,0.0019,339.95
3,152,29.2369,28.7465,0.2748,0.0017,339.95
3,153,28.6332,28.081,0.2927,0.0015,339.95
3,154,29.7001,28.8414,0.2825,0.0024,339.95
3,155,28.8615,28.3601,0.2776,0.0017,339.95
3,156,29.1525,28.6112,0.304,0.002,339.95
3,157,29.3476,28.8603,0.2708,0.0018,339.95
3,158,31.9198,31.1032,0.4661,0.0043,339.95
3,159,29.4879,28.9446,0.2856,0.0018,339.95
3,160,28.8922,28.3897,0.2783,0.0015,339.95
3,161,29.2885,28.7377,0.3052,0.0016,339.95
3,162,29.6129,29.0936,0.286,0.002,339.95
3,163,29.3849,28.8324,0.3031,0.002,339.95
3,164,30.2245,29.3102,0.6687,0.0021,339.95
3,165,29.0004,28.5184,0.2664,0.0018,339.95
3,166,29.2982,28.7793,0.2904,0.0015,339.95
3,167,28.8433,28.3193,0.2878,0.002,339.95
3,168,29.179,28.6856,0.279,0.0014,339.95
3,169,29.4694,28.9266,0.2997,0.0018,339.95
3,170,29.1677,28.6603,0.2853,0.0017,339.95
3,171,29.7425,29.2193,0.2867,0.002,339.95
3,172,28.9277,28.3742,0.3115,0.002,339.95
3,173,29.3726,28.8817,0.2764,0.002,339.95
3,174,29.0324,28.4996,0.29,0.0017,339.95
3,175,29.3662,28.8495,0.2856,0.0016,339.95
3,176,29.6301,29.1411,0.2702,0.0019,339.95
3,177,29.2441,28.7078,0.2922,0.0019,339.95
3,178,29.581,29.0889,0.2795,0.0016,339.95
3,179,28.8635,28.3663,0.2703,0.0019,339.95
3,180,29.2375,28.7088,0.2963,0.0021,339.95
3,181,28.825,28.3355,0.2736,0.0017,339.95
3,182,29.1517,28.6344,0.2861,0.0023,339.95
3,183,28.9986,28.4613,0.2946,0.002,339.95
3,184,29.1292,28.622,0.283,0.0018,339.95
3,185,30.0009,29.1289,0.284,0.0017,339.95
3,186,28.956,28.473,0.271,0.0018,339.95
3,187,29.3811,28.8684,0.2794,0.0019,339.95
3,188,28.7683,28.2404,0.2976,0.0021,339.95
3,189,29.2659,28.7779,0.272,0.002,339.95
3,190,29.0137,28.4929,0.2825,0.002,339.95
3,191,29.0935,28.5626,0.2904,0.0019,339.95
3,192,29.45,28.949,0.2782,0.0016,339.95
3,193,29.1099,28.5756,0.294,0.0014,339.95
3,194,29.6056,29.0946,0.2848,0.0019,339.95
3,195,29.3004,28.4525,0.6162,0.0015,339.95
3,196,29.3981,28.8623,0.2951,0.0018,339.95
3,197,28.9659,28.4774,0.268,0.0017,339.95
3,198,29.2918,28.7699,0.2918,0.002,339.95
3,199,29.8202,29.2817,0.2889,0.0018,339.95
4,0,192.0858,180.3317,4.2722,0.0036,339.95
4,1,36.9349,27.2242,0.4039,0.0025,339.95
4,2,36.3926,27.1221,0.3113,0.0025,339.95
4,3,28.6208,28.0877,0.3076,0.0019,339.95
4,4,28.582,28.08,0.2747,0.0019,339.95
4,5,28.4595,27.8598,0.3688,0.0028,339.95
4,6,28.1583,27.6799,0.2783,0.0016,339.95
4,7,29.1305,28.6285,0.273,0.0019,339.95
4,8,28.9912,28.45,0.2956,0.0023,339.95
4,9,29.1033,28.5899,0.2822,0.0016,339.95
4,10,29.6608,29.1447,0.2869,0.0023,339.95
4,11,29.0241,28.3728,0.4192,0.0014,339.95
4,12,29.2704,28.7943,0.2659,0.0017,339.95
4,13,29.1822,28.6809,0.2875,0.0023,339.95
4,14,29.3132,28.7816,0.3017,0.0018,339.95
4,15,29.5761,29.0655,0.2848,0.0022,339.95
4,16,29.0771,28.5347,0.3213,0.0023,339.95
4,17,29.6146,29.1053,0.2789,0.0021,339.95
4,18,28.9144,28.4022,0.282,0.0021,339.95
4,19,29.7456,29.0275,0.2937,0.0021,339.95
4,20,29.1199,28.6374,0.2691,0.0019,339.95
4,21,29.5268,28.8394,0.3921,0.0042,339.95
4,22,29.7339,29.2291,0.2761,0.0016,339.95
4,23,28.8706,28.3585,0.2794,0.0019,339.95
4,24,29.4807,28.9569,0.2951,0.0021,339.95
4,25,28.893,28.3712,0.2783,0.0015,339.95
4,26,29.4377,28.9107,0.3176,0.0024,339.95
4,27,29.5224,28.979,0.304,0.007,339.95
4,28,29.5297,28.7816,0.5186,0.0015,339.95
4,29,30.09,29.6032,0.2779,0.0022,339.95
4,30,29.4613,28.9741,0.2716,0.0017,339.95
4,31,29.7985,29.2895,0.2816,0.002,339.95
4,32,29.7252,29.1853,0.3108,0.0023,339.95
4,33,29.7618,29.2643,0.2735,0.0017,339.95
4,34,30.0051,29.5096,0.2811,0.0025,339.95
4,35,29.4617,28.9429,0.2925,0.0019,339.95
4,36,29.8382,29.3458,0.2794,0.0017,339.95
4,37,29.283,28.7455,0.3102,0.0023,339.95
4,38,29.5385,29.0308,0.2832,0.0015,339.95
4,39,29.9505,29.1477,0.2714,0.0022,339.95
4,40,29.4565,28.9601,0.2845,0.0023,339.95
4,41,29.8258,29.3408,0.2638,0.0019,339.95
4,42,29.0822,28.5904,0.2792,0.0025,339.95
4,43,29.4606,28.9362,0.2925,0.0021,339.95
4,44,28.9389,28.4326,0.2795,0.0019,339.95
4,45,29.385,28.8734,0.2872,0.0023,339.95
4,46,29.6763,29.1748,0.2752,0.0015,339.95
4,47,29.2511,28.7548,0.2799,0.002,339.95
4,48,29.7299,29.1849,0.297,0.0022,339.95
4,49,29.6624,28.4899,0.9344,0.0017,339.95
4,50,29.5107,29.0235,0.2809,0.0024,339.95
4,51,29.1719,28.6495,0.2972,0.0018,339.95
4,52,29.1845,28.6947,0.273,0.002,339.95
4,53,29.7766,29.2697,0.2867,0.0025,339.95
4,54,29.2184,28.729,0.2708,0.0015,339.95
4,55,29.5866,29.0806,0.2813,0.002,339.95
4,56,28.8829,28.3583,0.3031,0.0021,339.95
4,57,29.6793,29.1866,0.2716,0.0019,339.95
4,58,29.3083,28.7904,0.2889,0.0025,339.95
4,59,29.3834,28.865,0.29,0.0017,339.95
4,60,29.7915,29.306,0.2702,0.0019,339.95
4,61,29.1536,28.6482,0.2844,0.0022,339.95
4,62,29.615,29.1091,0.2793,0.0016,339.95
4,63,29.0501,28.5447,0.2783,0.0021,339.95
4,64,29.8417,29.2994,0.3169,0.0023,339.95
4,65,29.5633,29.0675,0.2709,0.0019,339.95
4,66,29.5448,29.035,0.283,0.002,339.95
4,67,29.9202,29.3884,0.3012,0.0021,339.95
4,68,29.4239,28.9187,0.2779,0.0019,339.95
4,69,29.9002,29.3827,0.2923,0.0024,339.95
4,70,29.5768,28.7739,0.2697,0.0015,339.95
4,71,29.4659,28.9742,0.2669,0.002,339.95
4,72,29.58,29.0668,0.2919,0.0028,339.95
4,73,29.3601,28.8549,0.2768,0.0018,339.95
4,74,29.7906,29.2926,0.2858,0.0022,339.95
4,75,29.1039,28.5808,0.2899,0.0016,339.95
4,76,29.5896,29.0891,0.2809,0.0022,339.95
4,77,29.073,28.5623,0.2969,0.0019,339.95
4,78,29.6616,29.1501,0.2788,0.0015,339.95
4,79,29.2648,28.7527,0.2756,0.0021,339.95
4,80,29.1518,28.2844,0.6397,0.0021,339.95
4,81,29.3492,28.8536,0.2782,0.0016,339.95
4,82,28.8466,28.3503,0.2795,0.002,339.95
4,83,29.3857,28.8501,0.3021,0.0021,339.95
4,84,28.7024,28.1943,0.2849,0.002,339.95
4,85,29.1832,28.6754,0.2908,0.0021,339.95
4,86,29.0119,28.5064,0.2815,0.0016,339.95
4,87,29.4588,28.939,0.2824,0.002,339.95
4,88,29.859,29.3248,0.3088,0.002,339.95
4,89,29.2907,28.7909,0.2741,0.0018,339.95
4,90,29.6405,29.121,0.2946,0.0021,339.95
4,91,29.1434,28.2773,0.2856,0.0019,339.95
4,92,28.9564,28.4472,0.2838,0.0019,339.95
4,93,28.9552,28.441,0.2989,0.002,339.95
4,94,29.1334,28.6299,0.2792,0.0014,339.95
4,95,29.5211,29.0083,0.2842,0.0023,339.95
4,96,29.1148,28.5777,0.3003,0.0018,339.95
4,97,29.6313,29.1358,0.2735,0.0017,339.95
4,98,28.8327,28.3326,0.282,0.0022,339.95
4,99,29.3808,28.8385,0.3081,0.0018,339.95
4,100,29.0304,28.5197,0.2841,0.0022,339.95
4,101,29.4752,28.6187,0.6376,0.0019,339.95
4,102,29.5389,29.0469,0.2746,0.0015,339.95
4,103,29.2366,28.7125,0.2894,0.0018,339.95
4,104,29.577,29.0519,0.2987,0.002,339.95
4,105,28.8843,28.3662,0.2855,0.0016,339.95
4,106,29.3468,28.845,0.2836,0.0021,339.95
4,107,28.8025,28.2636,0.3011,0.0019,339.95
4,108,29.4432,28.9067,0.2886,0.0019,339.95
4,109,29.2156,28.7078,0.2893,0.0023,339.95
4,110,29.1924,28.6663,0.2984,0.0016,339.95
4,111,29.471,28.9276,0.2866,0.0022,339.95
4,112,29.2977,28.4329,0.2896,0.0022,339.95
4,113,29.2802,28.7834,0.2741,0.0016,339.95
4,114,28.5088,28.01,0.28,0.0019,339.95
4,115,29.5756,28.806,0.4114,0.003,339.95
4,116,28.9368,28.4286,0.2775,0.0019,339.95
4,117,29.1874,28.681,0.2829,0.0018,339.95
4,118,29.6219,29.1065,0.2916,0.0024,339.95
4,119,29.2471,28.7231,0.2853,0.002,339.95
4,120,29.873,29.3331,0.3083,0.0024,339.95
4,121,29.088,28.5617,0.3049,0.0016,339.95
4,122,29.8145,28.9454,0.6325,0.0019,339.95
4,123,29.0871,28.5687,0.2902,0.0023,339.95
4,124,29.2631,28.767,0.2676,0.0018,339.95
4,125,29.6155,29.1093,0.2867,0.0022,339.95
4,126,29.1336,28.6027,0.295,0.002,339.95
4,127,29.3564,28.8365,0.2805,0.0019,339.95
4,128,28.6986,28.1695,0.3079,0.0021,339.95
4,129,29.356,28.8426,0.2773,0.0015,339.95
4,130,28.9149,28.4232,0.2779,0.002,339.95
4,131,29.2952,28.7518,0.3009,0.0021,339.95
4,132,29.2991,28.772,0.282,0.0017,339.95
4,133,29.508,28.6544,0.2774,0.002,339.95
4,134,29.6155,29.109,0.2853,0.002,339.95
4,135,28.8756,28.3648,0.275,0.0019,339.95
4,136,29.3641,28.8399,0.2954,0.0022,339.95
4,137,28.841,28.3405,0.277,0.0014,339.95
4,138,29.2636,28.7622,0.2851,0.0019,339.95
4,139,29.0174,28.4834,0.2987,0.0017,339.95
4,140,29.1499,28.6471,0.2756,0.0018,339.95
4,141,29.5789,29.0619,0.2791,0.0018,339.95
4,142,29.1671,28.6247,0.315,0.002,339.95
4,143,29.7983,28.9134,0.6418,0.0018,339.95
4,144,28.7203,28.2193,0.2869,0.002,339.95
4,145,29.3856,28.8797,0.2819,0.0014,339.95
4,146,28.941,28.4365,0.28,0.002,339.95
4,147,29.1672,28.6281,0.2994,0.002,339.95
4,148,28.9567,28.4556,0.2706,0.0081,339.95
4,149,29.275,28.7672,0.2777,0.0022,339.95
4,150,29.7604,29.2302,0.3051,0.0016,339.95
4,151,29.2992,28.7581,0.285,0.0018,339.95
4,152,29.8255,29.3107,0.2943,0.0019,339.95
4,153,28.9885,28.4548,0.2907,0.0019,339.95
4,154,29.6507,28.7827,0.2748,0.0019,339.95
4,155,28.9781,28.4613,0.2911,0.0019,339.95
4,156,29.2207,28.7082,0.2812,0.002,339.95
4,157,29.6172,29.1098,0.2778,0.0023,339.95
4,158,29.2334,28.7037,0.3037,0.0024,339.95
4,159,29.6585,29.1249,0.288,0.0021,339.95
4,160,28.8473,28.3381,0.2884,0.0022,339.95
4,161,29.434,28.9046,0.2915,0.0024,339.95
4,162,29.0185,28.4997,0.2899,0.0018,339.95
4,163,29.1821,28.625,0.3198,0.002,339.95
4,164,29.6169,28.7594,0.6287,0.0016,339.95
4,165,29.0838,28.5894,0.2777,0.0018,339.95
4,166,29.5876,29.0611,0.3028,0.0023,339.95
4,167,29.07,28.5475,0.2867,0.0017,339.95
4,168,29.4208,28.914,0.2858,0.002,339.95
4,169,28.9487,28.4276,0.2991,0.0018,339.95
4,170,29.1848,28.675,0.2816,0.002,339.95
4,171,29.1756,28.645,0.3026,0.0026,339.95
4,172,29.2083,28.6986,0.2786,0.0015,339.95
4,173,29.6519,29.1377,0.2852,0.0021,339.95
4,174,29.08,28.5241,0.3016,0.0022,339.95
4,175,29.4616,28.9618,0.2712,0.0021,339.95
4,176,28.9773,28.3893,0.3451,0.0046,339.95
4,177,29.4297,28.8987,0.2894,0.002,339.95
4,178,29.2692,28.7473,0.2803,0.0019,339.95
4,179,29.0088,28.4888,0.2895,0.0021,339.95
4,180,29.5496,29.0395,0.2839,0.0017,339.95
4,181,29.1266,28.6202,0.2892,0.0021,339.95
4,182,29.6885,29.1578,0.2994,0.0024,339.95
4,183,29.0862,28.5828,0.2699,0.0021,339.95
4,184,29.5329,29.0089,0.2904,0.0021,339.95
4,185,29.5112,28.6425,0.2839,0.0017,339.95
4,186,29.1297,28.6237,0.2798,0.0024,339.95
4,187,29.6312,29.1089,0.2985,0.0022,339.95
4,188,29.2333,28.7267,0.28,0.0015,339.95
4,189,29.6657,29.1768,0.2795,0.0019,339.95
4,190,29.0546,28.5201,0.3023,0.0013,339.95
4,191,29.3527,28.8487,0.2711,0.0018,339.95
4,192,28.9747,28.458,0.2956,0.002,339.95
4,193,29.1708,28.6597,0.2907,0.0019,339.95
4,194,29.4582,28.9366,0.2896,0.0014,339.95
4,195,29.3876,28.5291,0.628,0.0017,339.95
4,196,29.4766,28.974,0.285,0.0017,339.95
4,197,28.7399,28.2385,0.2783,0.0018,339.95
4,198,29.2499,28.7072,0.3129,0.0026,339.95
4,199,28.8386,28.3223,0.272,0.0017,339.95
0,0,268.5772,264.0284,4.2366,0.0033,195.787
0,1,18.5744,18.1597,0.2292,0.0019,195.787
0,2,18.6471,18.0883,0.3622,0.0022,195.787
0,3,18.5134,18.0804,0.2215,0.0016,195.787
0,4,18.523,18.1122,0.2264,0.0018,195.787
0,5,18.4729,18.0804,0.2177,0.0023,195.787
0,6,18.4598,18.0723,0.2116,0.0024,195.787
0,7,18.6375,18.0891,0.3442,0.0019,195.787
0,8,18.4712,18.0877,0.2133,0.0022,195.787
0,9,18.5032,18.1006,0.2193,0.0016,195.787
0,10,18.519,18.1005,0.2233,0.002,195.787
0,11,18.5291,18.0874,0.2323,0.0017,195.787
0,12,18.4824,18.0928,0.2139,0.0021,195.787
0,13,18.4819,18.0935,0.2166,0.002,195.787
0,14,18.6601,18.0907,0.3944,0.0027,195.787
0,15,18.5097,18.0959,0.215,0.0019,195.787
0,16,18.4968,18.0973,0.2228,0.0017,195.787
0,17,18.5079,18.0968,0.2289,0.0022,195.787
0,18,18.5122,18.0987,0.2238,0.002,195.787
0,19,18.5189,18.0863,0.2228,0.0018,195.787
0,20,18.5191,18.1019,0.2343,0.002,195.787
0,21,18.5814,18.1983,0.2119,0.0019,195.787
0,22,18.6008,18.2171,0.2115,0.0023,195.787
0,23,18.9591,18.3094,0.4521,0.0019,195.787
0,24,18.7057,18.2955,0.2198,0.002,195.787
0,25,18.6293,18.2291,0.2177,0.0017,195.787
0,26,18.6221,18.2206,0.2175,0.0018,195.787
0,27,18.5818,18.1398,0.2269,0.0019,195.787
0,28,18.5864,18.1527,0.2406,0.002,195.787
0,29,18.6035,18.1989,0.2193,0.002,195.787
0,30,18.6085,18.1953,0.2208,0.0018,195.787
0,31,18.6018,18.1913,0.209,0.0021,195.787
0,32,18.5284,18.1245,0.2223,0.0017,195.787
0,33,18.893,18.1984,0.5181,0.0019,195.787
0,34,18.5201,18.1331,0.2093,0.0018,195.787
0,35,18.5247,18.1194,0.2078,0.0021,195.787
0,36,18.5339,18.1084,0.2274,0.0018,195.787
0,37,18.5086,18.1073,0.2197,0.002,195.787
0,38,18.4878,18.0872,0.223,0.0019,195.787
0,39,18.522,18.0915,0.2176,0.0022,195.787
0,40,18.534,18.1231,0.2249,0.002,195.787
0,41,18.4967,18.0963,0.2192,0.0021,195.787
0,42,22.5522,18.1112,0.4916,0.0104,195.787
0,43,18.6473,18.2152,0.2157,0.0021,195.787
0,44,18.8271,18.103,0.2348,0.0019,195.787
0,45,18.481,18.0998,0.2084,0.0021,195.787
0,46,18.5244,18.1169,0.234,0.0018,195.787
0,47,18.4816,18.0889,0.218,0.0022,195.787
0,48,18.5446,18.09,0.2394,0.0019,195.787
0,49,18.527,18.1068,0.2247,0.0019,195.787
0,50,18.5068,18.0933,0.2265,0.0017,195.787
0,51,18.4958,18.0878,0.23,0.0019,195.787
0,52,18.535,18.1042,0.2267,0.0018,195.787
0,53,18.5255,18.1115,0.2242,0.0022,195.787
0,54,18.8118,18.1034,0.5317,0.0018,195.787
0,55,18.5278,18.1404,0.2135,0.0025,195.787
0,56,18.6213,18.2068,0.2218,0.0016,195.787
0,57,18.6862,18.2691,0.2269,0.0021,195.787
0,58,18.7687,18.3508,0.2295,0.002,195.787
0,59,18.7755,18.3588,0.2261,0.0026,195.787
0,60,18.8029,18.3738,0.2251,0.0019,195.787
0,61,18.7782,18.3622,0.2273,0.0019,195.787
0,62,18.7505,18.3509,0.2139,0.0022,195.787
0,63,18.697,18.2831,0.2286,0.0023,195.787
0,64,18.622,18.2045,0.2182,0.002,195.787
0,65,18.9317,18.2043,0.2229,0.0021,195.787
0,66,18.5896,18.2099,0.2076,0.0019,195.787
0,67,18.5456,18.1551,0.2136,0.0018,195.787
0,68,18.5131,18.0905,0.2275,0.0018,195.787
0,69,18.5308,18.1023,0.2367,0.0021,195.787
0,70,18.5271,18.1048,0.2262,0.0016,195.787
0,71,18.5392,18.1162,0.226,0.0021,195.787
0,72,18.512,18.0978,0.2212,0.0018,195.787
0,73,18.5302,18.1136,0.2204,0.0018,195.787
0,74,18.5214,18.1047,0.2325,0.0018,195.787
0,75,18.8184,18.11,0.5327,0.002,195.787
0,76,18.4928,18.094,0.2184,0.0018,195.787
0,77,18.4992,18.1012,0.2168,0.0017,195.787
0,78,18.4895,18.0852,0.2225,0.0019,195.787
0,79,18.5217,18.0966,0.2356,0.002,195.787
0,80,18.5267,18.1,0.2278,0.0021,195.787
0,81,18.5258,18.1014,0.236,0.0021,195.787
0,82,18.53,18.1179,0.2194,0.0018,195.787
0,83,18.5081,18.098,0.2239,0.002,195.787
0,84,18.534,18.0999,0.2277,0.0022,195.787
0,85,18.5032,18.0858,0.2261,0.0018,195.787
0,86,18.8322,18.108,0.2184,0.0019,195.787
0,87,18.4961,18.1082,0.2137,0.002,195.787
0,88,18.4866,18.0973,0.21,0.0023,195.787
0,89,18.6168,18.1894,0.2342,0.0019,195.787
0,90,18.7524,18.3348,0.2263,0.0019,195.787
0,91,18.776,18.366,0.2283,0.002,195.787
0,92,18.7436,18.3301,0.2278,0.0022,195.787
0,93,18.7696,18.346,0.2311,0.0016,195.787
0,94,18.6948,18.2694,0.2328,0.0019,195.787
0,95,18.6163,18.2021,0.2276,0.0018,195.787
0,96,18.892,18.1829,0.5397,0.0021,195.787
0,97,18.611,18.201,0.2208,0.0017,195.787
0,98,18.6289,18.2199,0.2279,0.0021,195.787
0,99,18.6156,18.2116,0.2254,0.0018,195.787
0,100,18.642,18.2212,0.2271,0.0024,195.787
0,101,18.6422,18.2102,0.2287,0.0019,195.787
0,102,18.6229,18.1977,0.2343,0.0023,195.787
0,103,18.5589,18.1407,0.2248,0.0021,195.787
0,104,18.5099,18.0969,0.2267,0.0024,195.787
0,105,18.5943,18.1527,0.2317,0.0018,195.787
0,106,18.5128,18.1069,0.2234,0.0018,195.787
0,107,18.4957,18.1007,0.2147,0.0018,195.787
0,108,18.5145,18.1193,0.2176,0.0022,195.787
0,109,18.5191,18.1005,0.2297,0.0021,195.787
0,110,18.5215,18.102,0.2282,0.0021,195.787
0,111,18.4998,18.1024,0.2189,0.0018,195.787
0,112,18.5232,18.1114,0.2303,0.002,195.787
0,113,18.5271,18.0983,0.2313,0.0019,195.787
0,114,18.5286,18.1042,0.2286,0.0022,195.787
0,115,18.5076,18.1053,0.2158,0.0017,195.787
0,116,18.4896,18.0852,0.2223,0.0019,195.787
0,117,18.8212,18.1017,0.2144,0.0022,195.787
0,118,18.5118,18.0997,0.2266,0.0019,195.787
0,119,18.5061,18.108,0.2196,0.0018,195.787
0,120,18.4979,18.0976,0.2259,0.0019,195.787
0,121,18.528,18.0982,0.2226,0.002,195.787
0,122,18.4861,18.0677,0.2282,0.0017,195.787
0,123,18.4537,18.0425,0.2275,0.0018,195.787
0,124,18.5002,18.0916,0.2245,0.0018,195.787
0,125,18.5252,18.0862,0.2269,0.0021,195.787
0,126,18.5172,18.0847,0.2383,0.0019,195.787
0,127,18.9784,18.2319,0.5536,0.0018,195.787
0,128,18.7242,18.3299,0.2157,0.0018,195.787
0,129,18.695,18.2761,0.2136,0.0022,195.787
0,130,18.7,18.2773,0.2333,0.0018,195.787
0,131,18.6163,18.2009,0.2228,0.0021,195.787
0,132,18.5559,18.1374,0.2365,0.0019,195.787
0,133,18.487,18.0592,0.2166,0.0018,195.787
0,134,18.4872,18.0666,0.2313,0.0019,195.787
0,135,18.5373,18.1191,0.2282,0.002,195.787
0,136,18.5776,18.1653,0.2332,0.0018,195.787
0,137,18.5139,18.0826,0.2269,0.002,195.787
0,138,18.8284,18.0876,0.219,0.0016,195.787
0,139,18.4854,18.0895,0.2171,0.0022,195.787
0,140,18.4841,18.087,0.2175,0.0017,195.787
0,141,18.5253,18.092,0.225,0.002,195.787
0,142,18.4933,18.0724,0.2303,0.0016,195.787
0,143,18.5164,18.0879,0.2397,0.0023,195.787
0,144,18.4949,18.0791,0.2266,0.0018,195.787
0,145,18.5309,18.0815,0.2405,0.0022,195.787
0,146,18.5076,18.0853,0.2372,0.0016,195.787
0,147,18.5026,18.0862,0.2211,0.0019,195.787
0,148,18.8216,18.0757,0.5522,0.0016,195.787
0,149,18.5042,18.0679,0.2187,0.0023,195.787
0,150,18.4695,18.0716,0.2188,0.0021,195.787
0,151,18.5186,18.0908,0.2374,0.0021,195.787
0,152,18.5009,18.0959,0.2227,0.0019,195.787
0,153,18.5033,18.0756,0.2219,0.0024,195.787
0,154,18.5057,18.0795,0.2347,0.002,195.787
0,155,18.488,18.0731,0.2227,0.0019,195.787
0,156,18.4826,18.0776,0.2196,0.0018,195.787
0,157,18.5336,18.0918,0.2373,0.0019,195.787
0,158,18.4891,18.0684,0.2311,0.0019,195.787
0,159,18.8384,18.0597,0.2292,0.0017,195.787
0,160,18.4871,18.0844,0.219,0.0018,195.787
0,161,18.4889,18.0705,0.2143,0.002,195.787
0,162,18.4804,18.0679,0.2238,0.0018,195.787
0,163,18.5341,18.1038,0.2306,0.0019,195.787
0,164,18.4982,18.0784,0.2232,0.0021,195.787
0,165,18.4954,18.0825,0.2237,0.002,195.787
0,166,18.4991,18.0896,0.2272,0.0021,195.787
0,167,18.5356,18.0951,0.2455,0.0018,195.787
0,168,18.5295,18.1082,0.2204,0.0019,195.787
0,169,18.8532,18.0933,0.576,0.0017,195.787
0,170,18.4709,18.0796,0.2093,0.002,195.787
0,171,18.4999,18.0838,0.2246,0.0017,195.787
0,172,18.4836,18.0834,0.2175,0.002,195.787
0,173,18.4883,18.0817,0.2265,0.0018,195.787
0,174,18.5709,18.1455,0.2418,0.0022,195.787
0,175,18.529,18.1137,0.2214,0.0017,195.787
0,176,18.5194,18.1027,0.2353,0.0019,195.787
0,177,18.5037,18.0892,0.2302,0.0019,195.787
0,178,18.5045,18.0861,0.2268,0.0022,195.787
0,179,18.5023,18.0803,0.23,0.0019,195.787
0,180,18.878,18.0891,0.2212,0.002,195.787
0,181,18.4776,18.0887,0.2128,0.0021,195.787
0,182,18.4925,18.0808,0.227,0.0024,195.787
0,183,18.499,18.0848,0.2236,0.0018,195.787
0,184,18.4991,18.0774,0.227,0.0024,195.787
0,185,18.4999,18.0841,0.2281,0.002,195.787
0,186,18.5004,18.0818,0.2336,0.0021,195.787
0,187,18.5018,18.0762,0.2339,0.0019,195.787
0,188,18.5101,18.0841,0.237,0.0017,195.787
0,189,18.5172,18.0839,0.2388,0.0016,195.787
0,190,18.8316,18.0871,0.5572,0.0018,195.787
0,191,18.5071,18.0967,0.2247,0.0018,195.787
0,192,18.4953,18.0757,0.2309,0.0024,195.787
0,193,18.4985,18.076,0.2335,0.0021,195.787
0,194,18.4845,18.0777,0.2261,0.0021,195.787
0,195,18.5,18.0731,0.2395,0.0017,195.787
0,196,18.5017,18.0809,0.2244,0.0018,195.787
0,197,18.4836,18.0754,0.2206,0.0018,195.787
0,198,18.5154,18.098,0.233,0.0018,195.787
0,199,18.4877,18.0725,0.2296,0.0023,195.787
1,0,275.1791,263.1842,4.184,0.0035,195.787
1,1,25.4974,18.3158,0.2296,0.0019,195.787
1,2,25.6351,18.3207,0.4059,0.0023,195.787
1,3,18.8559,18.3676,0.2397,0.0018,195.787
1,4,18.494,18.0692,0.2353,0.0015,195.787
1,5,18.4811,18.0917,0.2151,0.0018,195.787
1,6,18.4744,18.0838,0.22,0.0017,195.787
1,7,18.5907,18.0699,0.339,0.0012,195.787
1,8,18.4747,18.0798,0.2209,0.0015,195.787
1,9,18.4942,18.0913,0.2254,0.0019,195.787
1,10,18.481,18.0796,0.2162,0.0018,195.787
1,11,18.494,18.0825,0.2212,0.0014,195.787
1,12,18.5046,18.1036,0.2235,0.0019,195.787
1,13,18.5407,18.1352,0.2194,0.002,195.787
1,14,18.6381,18.0756,0.3872,0.0017,195.787
1,15,18.4542,18.071,0.2094,0.0014,195.787
1,16,18.4735,18.0618,0.2249,0.0018,195.787
1,17,18.493,18.0711,0.2285,0.0018,195.787
1,18,18.4971,18.0797,0.2317,0.0016,195.787
1,19,18.5003,18.0895,0.2206,0.0014,195.787
1,20,18.493,18.061,0.2231,0.0018,195.787
1,21,18.4811,18.0687,0.2298,0.0021,195.787
1,22,18.4738,18.0809,0.2005,0.0014,195.787
1,23,18.7061,18.0815,0.4511,0.0017,195.787
1,24,18.4594,18.061,0.2123,0.002,195.787
1,25,18.4797,18.079,0.2228,0.002,195.787
1,26,18.4663,18.0765,0.2087,0.0017,195.787
1,27,18.4887,18.077,0.2257,0.0018,195.787
1,28,18.5009,18.0622,0.2275,0.0018,195.787
1,29,18.5098,18.0849,0.2324,0.0017,195.787
1,30,18.4708,18.0774,0.2151,0.0016,195.787
1,31,18.4668,18.0767,0.2149,0.0018,195.787
1,32,18.4781,18.0801,0.2132,0.0015,195.787
1,33,18.4713,18.0682,0.2199,0.0019,195.787
1,34,18.4825,18.0993,0.2071,0.0015,195.787
1,35,18.501,18.0895,0.213,0.002,195.787
1,36,18.4696,18.0618,0.225,0.0014,195.787
1,37,18.4826,18.0662,0.2339,0.0016,195.787
1,38,18.6025,18.1801,0.2365,0.0017,195.787
1,39,18.6049,18.2033,0.2125,0.0021,195.787
1,40,20.0734,19.6207,0.2581,0.0046,195.787
1,41,18.63,18.2216,0.2253,0.002,195.787
1,42,18.5429,18.1417,0.2231,0.0016,195.787
1,43,18.5269,18.1364,0.2066,0.002,195.787
1,44,18.7975,18.0868,0.2162,0.0016,195.787
1,45,18.6003,18.2125,0.2172,0.0018,195.787
1,46,18.5415,18.1483,0.2153,0.0016,195.787
1,47,18.6142,18.2078,0.2206,0.0018,195.787
1,48,18.5637,18.1365,0.2394,0.0014,195.787
1,49,18.4891,18.0698,0.2292,0.0015,195.787
1,50,18.5463,18.1403,0.2238,0.0015,195.787
1,51,18.5386,18.1451,0.2119,0.0018,195.787
1,52,18.4355,18.0437,0.2181,0.0015,195.787
1,53,18.4596,18.0495,0.2266,0.0015,195.787
1,54,18.7699,18.0567,0.5347,0.0016,195.787
1,55,18.4497,18.0569,0.2186,0.0018,195.787
1,56,18.4428,18.0544,0.2176,0.0014,195.787
1,57,18.4884,18.0765,0.2268,0.0017,195.787
1,58,18.5102,18.0821,0.2391,0.0016,195.787
1,59,18.5058,18.0744,0.2261,0.0017,195.787
1,60,18.4698,18.0676,0.2193,0.0015,195.787
1,61,18.5122,18.0796,0.2446,0.0019,195.787
1,62,18.4672,18.0671,0.2194,0.0017,195.787
1,63,18.5014,18.0972,0.2152,0.0017,195.787
1,64,18.464,18.0736,0.2116,0.0016,195.787
1,65,18.7872,18.0552,0.2199,0.0018,195.787
1,66,18.487,18.0752,0.2237,0.0022,195.787
1,67,18.4602,18.0717,0.2069,0.0014,195.787
1,68,18.4924,18.0817,0.2283,0.0018,195.787
1,69,18.5028,18.0882,0.2219,0.0019,195.787
1,70,18.498,18.0729,0.2351,0.0016,195.787
1,71,18.4908,18.0859,0.2177,0.0017,195.787
1,72,18.4776,18.0675,0.2253,0.0018,195.787
1,73,18.4974,18.0936,0.2222,0.0021,195.787
1,74,18.4879,18.0691,0.2334,0.0018,195.787
1,75,18.8155,18.0746,0.5551,0.0018,195.787
1,76,18.4594,18.0729,0.2112,0.0019,195.787
1,77,18.461,18.0678,0.2161,0.0016,195.787
1,78,18.6089,18.1942,0.2255,0.0018,195.787
1,79,18.7546,18.3312,0.2246,0.0015,195.787
1,80,18.7756,18.3582,0.2289,0.0022,195.787
1,81,18.8133,18.385,0.2381,0.0016,195.787
1,82,18.7506,18.332,0.2297,0.0017,195.787
1,83,18.755,18.3412,0.2219,0.0015,195.787
1,84,18.748,18.3421,0.2154,0.002,195.787
1,85,18.7805,18.3486,0.2478,0.0013,195.787
1,86,19.0215,18.2881,0.2164,0.0014,195.787
1,87,18.6867,18.2904,0.2145,0.0018,195.787
1,88,18.601,18.2061,0.2134,0.0019,195.787
1,89,18.5491,18.1427,0.2262,0.0015,195.787
1,90,18.5632,18.1247,0.242,0.0017,195.787
1,91,18.582,18.1451,0.2348,0.0018,195.787
1,92,18.5518,18.1452,0.2198,0.0018,195.787
1,93,18.5564,18.1406,0.2333,0.0014,195.787
1,94,18.5521,18.1339,0.224,0.0019,195.787
1,95,18.5538,18.1253,0.2295,0.0017,195.787
1,96,18.8398,18.0928,0.5519,0.0018,195.787
1,97,18.5301,18.146,0.2091,0.0014,195.787
1,98,18.4881,18.0811,0.2244,0.0019,195.787
1,99,18.5047,18.0781,0.2347,0.0016,195.787
1,100,18.4835,18.0769,0.2207,0.0016,195.787
1,101,18.4885,18.0752,0.2226,0.0015,195.787
1,102,18.5145,18.0897,0.2265,0.002,195.787
1,103,18.5037,18.0793,0.2322,0.0019,195.787
1,104,18.4805,18.0798,0.2146,0.0014,195.787
1,105,18.4853,18.0743,0.2258,0.0015,195.787
1,106,18.4588,18.0575,0.2169,0.0019,195.787
1,107,18.4923,18.0848,0.2183,0.0018,195.787
1,108,18.4643,18.0776,0.2039,0.0014,195.787
1,109,18.485,18.0795,0.2214,0.0019,195.787
1,110,18.4727,18.048,0.2323,0.0017,195.787
1,111,18.525,18.0855,0.2428,0.0016,195.787
1,112,18.4832,18.0855,0.213,0.0018,195.787
1,113,18.4909,18.0954,0.2152,0.002,195.787
1,114,18.6414,18.2292,0.2239,0.0016,195.787
1,115,18.7225,18.2901,0.2351,0.0016,195.787
1,116,18.7907,18.3972,0.2136,0.0014,195.787
1,117,19.1087,18.3819,0.2148,0.0018,195.787
1,118,18.7627,18.3774,0.2124,0.0017,195.787
1,119,18.7,18.2904,0.2224,0.0018,195.787
1,120,18.6714,18.2822,0.2151,0.0016,195.787
1,121,18.6023,18.1936,0.2189,0.0019,195.787
1,122,18.5831,18.1761,0.2227,0.0015,195.787
1,123,18.6293,18.1839,0.2379,0.0017,195.787
1,124,18.5305,18.1237,0.2215,0.0017,195.787
1,125,18.6075,18.195,0.223,0.002,195.787
1,126,18.6675,18.2297,0.2369,0.0013,195.787
1,127,19.042,18.2725,0.5594,0.0018,195.787
1,128,18.6051,18.208,0.2131,0.0017,195.787
1,129,18.5493,18.1463,0.2161,0.0018,195.787
1,130,18.6044,18.1898,0.2279,0.0013,195.787
1,131,18.5795,18.1376,0.23,0.0018,195.787
1,132,18.4759,18.0657,0.228,0.0015,195.787
1,133,18.5035,18.0826,0.2294,0.0018,195.787
1,134,18.4844,18.077,0.2219,0.0012,195.787
1,135,18.5161,18.0723,0.2348,0.0014,195.787
1,136,18.506,18.0919,0.2316,0.0017,195.787
1,137,18.4905,18.0756,0.2281,0.0018,195.787
1,138,18.8084,18.0639,0.2159,0.0015,195.787
1,139,18.5121,18.0766,0.2178,0.0018,195.787
1,140,18.4688,18.0677,0.2224,0.0018,195.787
1,141,18.4822,18.0853,0.2146,0.0018,195.787
1,142,18.4778,18.0662,0.2283,0.0015,195.787
1,143,18.501,18.0703,0.2275,0.0019,195.787
1,144,18.5017,18.0727,0.2446,0.002,195.787
1,145,18.5163,18.1038,0.2209,0.0016,195.787
1,146,18.4789,18.0695,0.2253,0.0015,195.787
1,147,18.4971,18.0723,0.2236,0.0019,195.787
1,148,18.8671,18.0927,0.57,0.0017,195.787
1,149,18.4712,18.0787,0.2115,0.0015,195.787
1,150,18.4877,18.0829,0.2178,0.0016,195.787
1,151,18.5059,18.0664,0.2322,0.0019,195.787
1,152,18.4993,18.0743,0.236,0.0016,195.787
1,153,18.6557,18.2393,0.2311,0.0017,195.787
1,154,18.7399,18.3323,0.2234,0.0017,195.787
1,155,18.8624,18.4328,0.2237,0.0018,195.787
1,156,18.8291,18.3982,0.2389,0.0015,195.787
1,157,18.7786,18.3673,0.2232,0.0016,195.787
1,158,18.6673,18.2589,0.2249,0.0016,195.787
1,159,19.0338,18.2665,0.2142,0.0015,195.787
1,160,18.6045,18.2017,0.2228,0.0018,195.787
1,161,18.5445,18.154,0.2114,0.0016,195.787
1,162,18.5608,18.1462,0.229,0.0017,195.787
1,163,18.6369,18.195,0.2291,0.0017,195.787
1,164,18.6468,18.2108,0.2471,0.0018,195.787
1,165,18.5804,18.1584,0.2223,0.0015,195.787
1,166,18.4821,18.0772,0.2214,0.002,195.787
1,167,18.6334,18.2,0.2423,0.0015,195.787
1,168,18.6326,18.1952,0.2394,0.0017,195.787
1,169,18.9726,18.2043,0.5817,0.0016,195.787
1,170,18.5249,18.1311,0.214,0.0021,195.787
1,171,18.5385,18.1241,0.2268,0.0017,195.787
1,172,18.4925,18.0714,0.2287,0.0019,195.787
1,173,18.475,18.0702,0.2253,0.0017,195.787
1,174,18.4967,18.077,0.2313,0.0017,195.787
1,175,18.4762,18.0556,0.2263,0.0013,195.787
1,176,18.4719,18.0489,0.2307,0.0015,195.787
1,177,18.4832,18.0599,0.236,0.0017,195.787
1,178,18.4678,18.0515,0.2258,0.0019,195.787
1,179,18.5018,18.0805,0.2308,0.0012,195.787
1,180,18.8354,18.0767,0.2208,0.0018,195.787
1,181,18.4758,18.0858,0.2143,0.0017,195.787
1,182,18.4831,18.0792,0.2213,0.0017,195.787
1,183,18.5176,18.0855,0.2362,0.0014,195.787
1,184,18.5043,18.0759,0.2297,0.0018,195.787
1,185,18.5279,18.0843,0.2357,0.0017,195.787
1,186,18.4872,18.0753,0.2304,0.0017,195.787
1,187,18.4849,18.0735,0.2232,0.0013,195.787
1,188,18.4903,18.0701,0.2309,0.002,195.787
1,189,18.5231,18.0774,0.2372,0.0017,195.787
1,190,18.8322,18.0891,0.5585,0.0015,195.787
1,191,18.5527,18.1583,0.2139,0.0012,195.787
1,192,18.5076,18.1011,0.2247,0.0016,195.787
1,193,18.5113,18.0801,0.2325,0.0016,195.787
1,194,18.4824,18.0783,0.2204,0.0016,195.787
1,195,18.5157,18.0953,0.2239,0.0014,195.787
1,196,18.494,18.0807,0.2233,0.0018,195.787
1,197,18.5012,18.0808,0.2289,0.0015,195.787
1,198,18.4989,18.0839,0.2261,0.0016,195.787
1,199,18.4904,18.0747,0.2288,0.0015,195.787
2,0,275.5255,263.5656,4.1843,0.0038,195.787
2,1,24.5375,18.3322,0.2352,0.0023,195.787
2,2,18.7223,18.1266,0.3927,0.0022,195.787
2,3,18.4734,18.0829,0.2098,0.0022,195.787
2,4,18.4626,18.0689,0.2189,0.0015,195.787
2,5,18.4697,18.0637,0.2266,0.0017,195.787
2,6,18.4855,18.0817,0.2256,0.0019,195.787
2,7,18.5686,18.0729,0.3219,0.002,195.787
2,8,18.4739,18.0807,0.2167,0.0015,195.787
2,9,18.4728,18.0801,0.2143,0.0019,195.787
2,10,18.4804,18.0659,0.2238,0.0025,195.787
2,11,18.4946,18.0893,0.2159,0.002,195.787
2,12,18.4699,18.0866,0.2105,0.0021,195.787
2,13,18.5074,18.1047,0.2302,0.0015,195.787
2,14,18.6692,18.0864,0.394,0.0019,195.787
2,15,18.466,18.085,0.2047,0.0019,195.787
2,16,18.4616,18.0741,0.2164,0.0021,195.787
2,17,18.4884,18.0804,0.2272,0.0016,195.787
2,18,18.4858,18.075,0.2204,0.0015,195.787
2,19,18.4782,18.0759,0.2213,0.0019,195.787
2,20,18.4841,18.0783,0.2152,0.0017,195.787
2,21,18.4544,18.07,0.2165,0.0017,195.787
2,22,18.4633,18.0739,0.2171,0.0016,195.787
2,23,18.6985,18.0792,0.4493,0.0019,195.787
2,24,18.4556,18.0812,0.2052,0.0021,195.787
2,25,18.457,18.0599,0.2224,0.0018,195.787
2,26,18.4962,18.08,0.2246,0.0015,195.787
2,27,18.495,18.0761,0.2229,0.0019,195.787
2,28,18.4774,18.0782,0.2202,0.0021,195.787
2,29,18.4989,18.0941,0.2226,0.0017,195.787
2,30,18.477,18.0726,0.2225,0.0016,195.787
2,31,18.4789,18.0827,0.2163,0.0017,195.787
2,32,18.46,18.0796,0.2074,0.0022,195.787
2,33,18.4644,18.0775,0.2203,0.0017,195.787
2,34,18.9343,18.4987,0.253,0.0072,195.787
2,35,18.5368,18.1339,0.2212,0.0017,195.787
2,36,18.4978,18.0965,0.2214,0.0019,195.787
2,37,18.5234,18.1168,0.225,0.0015,195.787
2,38,18.5809,18.161,0.223,0.0015,195.787
2,39,18.7427,18.3187,0.2234,0.0017,195.787
2,40,18.6942,18.2815,0.2284,0.002,195.787
2,41,18.6391,18.2493,0.216,0.0017,195.787
2,42,18.7152,18.3132,0.2219,0.0015,195.787
2,43,18.6452,18.2283,0.2205,0.0019,195.787
2,44,18.8938,18.2111,0.2154,0.0021,195.787
2,45,18.6713,18.2929,0.2101,0.0017,195.787
2,46,18.6634,18.28,0.2081,0.0015,195.787
2,47,18.6161,18.2113,0.2232,0.0023,195.787
2,48,18.5607,18.153,0.2159,0.0021,195.787
2,49,18.554,18.1551,0.2202,0.0017,195.787
2,50,18.5836,18.1891,0.2171,0.0014,195.787
2,51,18.5661,18.1534,0.2304,0.0018,195.787
2,52,18.6827,18.2969,0.2119,0.002,195.787
2,53,18.6047,18.203,0.2176,0.0019,195.787
2,54,18.8116,18.1263,0.5119,0.0017,195.787
2,55,18.5333,18.1285,0.2277,0.0018,195.787
2,56,18.4922,18.1002,0.2136,0.003,195.787
2,57,18.561,18.151,0.2227,0.0016,195.787
2,58,18.5415,18.1309,0.2272,0.0018,195.787
2,59,18.4906,18.0801,0.2219,0.0018,195.787
2,60,18.5686,18.1594,0.2319,0.0019,195.787
2,61,18.536,18.1311,0.2191,0.0017,195.787
2,62,18.4562,18.0653,0.2173,0.0017,195.787
2,63,18.4615,18.0537,0.2247,0.0019,195.787
2,64,18.4605,18.0446,0.2269,0.0018,195.787
2,65,18.7934,18.0918,0.211,0.002,195.787
2,66,18.4335,18.0485,0.2136,0.0019,195.787
2,67,18.4788,18.0686,0.2232,0.0016,195.787
2,68,18.487,18.0801,0.2254,0.0016,195.787
2,69,18.5241,18.0915,0.2518,0.002,195.787
2,70,18.4839,18.0738,0.2226,0.0017,195.787
2,71,18.5193,18.0925,0.234,0.0017,195.787
2,72,18.5098,18.094,0.2216,0.0017,195.787
2,73,18.4846,18.0814,0.2255,0.0019,195.787
2,74,18.4787,18.0729,0.2281,0.0022,195.787
2,75,18.7825,18.0705,0.5287,0.0016,195.787
2,76,18.5003,18.0925,0.2192,0.0016,195.787
2,77,18.4811,18.0838,0.2195,0.002,195.787
2,78,18.4763,18.0835,0.2204,0.0016,195.787
2,79,18.4771,18.0672,0.2231,0.0016,195.787
2,80,18.5049,18.0654,0.236,0.0017,195.787
2,81,18.5027,18.0909,0.2275,0.0021,195.787
2,82,18.5301,18.132,0.2202,0.0018,195.787
2,83,18.5678,18.1773,0.2103,0.0016,195.787
2,84,18.7692,18.3475,0.2274,0.0018,195.787
2,85,18.8008,18.411,0.2076,0.0024,195.787
2,86,19.1022,18.3691,0.2278,0.0018,195.787
2,87,18.7801,18.3975,0.2095,0.0015,195.787
2,88,18.7646,18.3473,0.2287,0.0023,195.787
2,89,18.777,18.3746,0.2223,0.0021,195.787
2,90,18.8479,18.4225,0.2244,0.0018,195.787
2,91,18.7395,18.3354,0.2282,0.0016,195.787
2,92,18.7305,18.3172,0.2199,0.0019,195.787
2,93,18.7026,18.29,0.2218,0.0018,195.787
2,94,18.6257,18.2206,0.219,0.002,195.787
2,95,18.5293,18.1244,0.2146,0.0014,195.787
2,96,18.8639,18.1435,0.5464,0.0016,195.787
2,97,18.4795,18.0888,0.2178,0.0017,195.787
2,98,18.4864,18.0902,0.2151,0.002,195.787
2,99,18.4826,18.0845,0.2257,0.0016,195.787
2,100,18.5004,18.0698,0.2387,0.0019,195.787
2,101,18.5275,18.1102,0.2271,0.0017,195.787
2,102,18.5157,18.1187,0.2152,0.0022,195.787
2,103,18.4648,18.0646,0.2206,0.0017,195.787
2,104,18.5114,18.0835,0.2308,0.0016,195.787
2,105,18.4969,18.0932,0.2214,0.0019,195.787
2,106,18.519,18.1215,0.2171,0.0021,195.787
2,107,18.4436,18.0623,0.2084,0.0017,195.787
2,108,18.4552,18.0486,0.2221,0.0015,195.787
2,109,18.4897,18.0728,0.2321,0.0017,195.787
2,110,18.4995,18.1001,0.2169,0.002,195.787
2,111,18.4286,18.0381,0.2143,0.0017,195.787
2,112,18.4845,18.0725,0.2198,0.0015,195.787
2,113,18.5185,18.0997,0.235,0.0017,195.787
2,114,18.5209,18.122,0.2177,0.0022,195.787
2,115,18.5103,18.1038,0.2248,0.002,195.787
2,116,18.5595,18.1386,0.2262,0.0017,195.787
2,117,18.8568,18.1427,0.2236,0.0022,195.787
2,118,18.5115,18.1191,0.2162,0.0022,195.787
2,119,18.4847,18.095,0.2135,0.0017,195.787
2,120,18.4679,18.073,0.2108,0.0019,195.787
2,121,18.49,18.0799,0.2222,0.002,195.787
2,122,18.4666,18.0624,0.2167,0.0021,195.787
2,123,18.487,18.0706,0.2313,0.002,195.787
2,124,18.4395,18.0405,0.2133,0.0016,195.787
2,125,18.5439,18.1117,0.2441,0.0022,195.787
2,126,18.6612,18.2375,0.2328,0.0017,195.787
2,127,18.996,18.2521,0.556,0.0019,195.787
2,128,18.7885,18.3667,0.2332,0.0015,195.787
2,129,18.7508,18.3503,0.2184,0.0018,195.787
2,130,18.7516,18.335,0.2243,0.0017,195.787
2,131,18.7588,18.3544,0.2226,0.0019,195.787
2,132,18.7826,18.3649,0.2229,0.0017,195.787
2,133,18.7939,18.3707,0.2253,0.0017,195.787
2,134,18.6986,18.2931,0.2185,0.0015,195.787
2,135,18.6012,18.2012,0.218,0.0016,195.787
2,136,18.6101,18.1926,0.2365,0.0015,195.787
2,137,18.71,18.2885,0.2296,0.0017,195.787
2,138,19.0339,18.3018,0.2175,0.0022,195.787
2,139,18.5855,18.1912,0.2227,0.0018,195.787
2,140,18.5044,18.1126,0.2154,0.0018,195.787
2,141,18.5031,18.1054,0.2182,0.0018,195.787
2,142,18.5186,18.111,0.2234,0.0017,195.787
2,143,18.5201,18.1097,0.2225,0.0017,195.787
2,144,18.5218,18.1092,0.2314,0.0016,195.787
2,145,18.5236,18.1171,0.2243,0.002,195.787
2,146,18.4954,18.0785,0.224,0.0021,195.787
2,147,18.5074,18.0963,0.2234,0.0019,195.787
2,148,18.797,18.0689,0.5445,0.0016,195.787
2,149,18.4936,18.0874,0.2201,0.0017,195.787
2,150,18.5033,18.0933,0.2224,0.0017,195.787
2,151,18.4862,18.0805,0.2214,0.002,195.787
2,152,18.492,18.0942,0.2223,0.0017,195.787
2,153,18.5003,18.0728,0.2437,0.0017,195.787
2,154,18.5208,18.0992,0.2238,0.0016,195.787
2,155,18.4922,18.0837,0.2243,0.0021,195.787
2,156,18.4903,18.0751,0.2304,0.0016,195.787
2,157,18.4879,18.0645,0.2287,0.0019,195.787
2,158,18.506,18.0854,0.2301,0.0017,195.787
2,159,18.8189,18.0957,0.2145,0.0021,195.787
2,160,18.4716,18.0678,0.2217,0.0018,195.787
2,161,18.5334,18.1346,0.2181,0.0016,195.787
2,162,18.7273,18.2995,0.237,0.0021,195.787
2,163,18.7344,18.3024,0.217,0.0019,195.787
2,164,18.5288,18.1271,0.2209,0.0016,195.787
2,165,18.5896,18.1772,0.2203,0.0017,195.787
2,166,18.4653,18.0523,0.2269,0.0021,195.787
2,167,18.4783,18.0632,0.2241,0.0018,195.787
2,168,18.481,18.0556,0.2398,0.0021,195.787
2,169,18.7775,18.0582,0.537,0.0015,195.787
2,170,18.4955,18.0761,0.2325,0.0019,195.787
2,171,18.4811,18.0852,0.2112,0.0017,195.787
2,172,18.4698,18.0712,0.2177,0.002,195.787
2,173,18.4769,18.074,0.225,0.0015,195.787
2,174,18.5203,18.0807,0.2354,0.0016,195.787
2,175,18.4936,18.0849,0.2184,0.002,195.787
2,176,18.4762,18.0757,0.2218,0.0019,195.787
2,177,18.578,18.1678,0.224,0.0018,195.787
2,178,18.489,18.0681,0.231,0.0016,195.787
2,179,18.4946,18.0871,0.2191,0.0018,195.787
2,180,18.8132,18.0822,0.2229,0.0016,195.787
2,181,18.4675,18.0639,0.2169,0.0017,195.787
2,182,18.468,18.0651,0.2226,0.0019,195.787
2,183,18.5231,18.0967,0.2365,0.0017,195.787
2,184,18.4727,18.0759,0.2146,0.0017,195.787
2,185,18.4808,18.0734,0.2248,0.0017,195.787
2,186,18.5101,18.0821,0.2414,0.0016,195.787
2,187,18.497,18.076,0.2236,0.0017,195.787
2,188,18.5148,18.0977,0.2313,0.0018,195.787
2,189,18.5243,18.0771,0.2281,0.0021,195.787
2,190,18.803,18.0699,0.5463,0.0016,195.787
2,191,18.4859,18.0766,0.2167,0.0017,195.787
2,192,18.4734,18.0755,0.2159,0.0019,195.787
2,193,18.4822,18.0848,0.2197,0.0015,195.787
2,194,18.4816,18.0666,0.231,0.0016,195.787
2,195,18.5077,18.0883,0.2283,0.0017,195.787
2,196,18.5261,18.0921,0.2495,0.0021,195.787
2,197,18.4771,18.0741,0.2219,0.0014,195.787
2,198,18.4822,18.0624,0.2245,0.0019,195.787
2,199,18.5065,18.0727,0.238,0.0018,195.787
3,0,273.4346,268.9122,4.2025,0.0035,195.787
3,1,18.5762,18.1607,0.2247,0.0021,195.787
3,2,18.4663,18.0821,0.212,0.0016,195.787
3,3,18.4656,18.0805,0.2119,0.0016,195.787
3,4,18.4902,18.0796,0.2161,0.0017,195.787
3,5,18.6278,18.2214,0.221,0.0022,195.787
3,6,18.5947,18.0964,0.3295,0.0016,195.787
3,7,18.4498,18.0734,0.2071,0.0017,195.787
3,8,18.4884,18.0706,0.2154,0.0016,195.787
3,9,18.5061,18.0991,0.2203,0.002,195.787
3,10,18.5499,18.138,0.2236,0.0017,195.787
3,11,18.6035,18.1949,0.2203,0.0019,195.787
3,12,18.5798,18.1844,0.2163,0.0015,195.787
3,13,18.7786,18.2195,0.3878,0.0018,195.787
3,14,18.5893,18.1938,0.2096,0.002,195.787
3,15,18.5459,18.1606,0.2171,0.0018,195.787
3,16,18.5706,18.1397,0.2318,0.0014,195.787
3,17,18.5511,18.1427,0.2229,0.0017,195.787
3,18,18.5589,18.1496,0.2224,0.0021,195.787
3,19,18.4796,18.0877,0.2172,0.0016,195.787
3,20,18.4807,18.0772,0.2206,0.0014,195.787
3,21,18.4731,18.0966,0.2082,0.0022,195.787
3,22,18.6849,18.0634,0.4373,0.0022,195.787
3,23,18.5079,18.1253,0.2135,0.0016,195.787
3,24,18.5102,18.1212,0.2142,0.0016,195.787
3,25,18.5677,18.1547,0.2198,0.0018,195.787
3,26,18.4882,18.0684,0.2221,0.0023,195.787
3,27,18.5297,18.1213,0.2274,0.0021,195.787
3,28,18.5073,18.0796,0.2211,0.0016,195.787
3,29,18.4646,18.075,0.2172,0.0014,195.787
3,30,18.4957,18.1038,0.215,0.0024,195.787
3,31,18.4517,18.067,0.2104,0.0016,195.787
3,32,18.4589,18.0683,0.2126,0.0017,195.787
3,33,18.4582,18.0774,0.2101,0.0017,195.787
3,34,18.4824,18.092,0.2094,0.0026,195.787
3,35,18.4776,18.0741,0.221,0.0016,195.787
3,36,18.4888,18.0889,0.2225,0.0015,195.787
3,37,18.4951,18.0776,0.2237,0.0015,195.787
3,38,18.4885,18.0774,0.2165,0.0026,195.787
3,39,18.4619,18.072,0.2184,0.0017,195.787
3,40,18.5137,18.0986,0.225,0.0016,195.787
3,41,18.5308,18.1285,0.2204,0.0018,195.787
3,42,18.5864,18.1943,0.2092,0.0022,195.787
3,43,21.7596,20.7932,0.372,0.0058,195.787
3,44,18.7304,18.3307,0.2078,0.0018,195.787
3,45,18.5521,18.1549,0.2177,0.0013,195.787
3,46,18.4853,18.071,0.2286,0.0023,195.787
3,47,18.4683,18.0559,0.2213,0.0017,195.787
3,48,18.4737,18.0626,0.2222,0.0018,195.787
3,49,18.4795,18.0625,0.2239,0.0017,195.787
3,50,18.4822,18.0704,0.2139,0.0024,195.787
3,51,18.5938,18.1694,0.2259,0.0016,195.787
3,52,18.5413,18.125,0.2181,0.0017,195.787
3,53,18.8224,18.1225,0.5226,0.0015,195.787
3,54,18.5176,18.126,0.2135,0.0022,195.787
3,55,18.4963,18.108,0.214,0.0014,195.787
3,56,18.4849,18.0758,0.2209,0.0016,195.787
3,57,18.493,18.0718,0.2306,0.0018,195.787
3,58,18.5114,18.0969,0.2196,0.0024,195.787
3,59,18.4985,18.0891,0.2287,0.0016,195.787
3,60,18.4862,18.0904,0.214,0.0016,195.787
3,61,18.4915,18.0788,0.223,0.0016,195.787
3,62,18.4986,18.083,0.2139,0.0021,195.787
3,63,18.4619,18.0707,0.2128,0.0015,195.787
3,64,18.7927,18.0765,0.2164,0.0016,195.787
3,65,18.4764,18.0769,0.2152,0.0019,195.787
3,66,18.454,18.0639,0.2129,0.0021,195.787
3,67,18.5387,18.147,0.2188,0.0018,195.787
3,68,18.5384,18.1313,0.2175,0.0019,195.787
3,69,18.6698,18.2496,0.2274,0.0017,195.787
3,70,18.7148,18.2833,0.2305,0.0018,195.787
3,71,18.613,18.2144,0.2218,0.0019,195.787
3,72,18.6215,18.2229,0.2266,0.0017,195.787
3,73,18.6315,18.213,0.2289,0.0017,195.787
3,74,18.9357,18.2121,0.5352,0.0016,195.787
3,75,18.5965,18.2082,0.2154,0.0024,195.787
3,76,18.596,18.2113,0.2153,0.0017,195.787
3,77,18.6363,18.2244,0.2243,0.0015,195.787
3,78,18.6304,18.2138,0.2265,0.0021,195.787
3,79,18.6486,18.2252,0.2188,0.0022,195.787
3,80,18.6365,18.2089,0.2378,0.0017,195.787
3,81,18.6171,18.209,0.2204,0.0015,195.787
3,82,18.6169,18.2091,0.2274,0.0021,195.787
3,83,18.6139,18.2084,0.2173,0.0019,195.787
3,84,18.5524,18.1354,0.2295,0.0016,195.787
3,85,18.8315,18.1004,0.2229,0.0017,195.787
3,86,18.4851,18.0757,0.2189,0.0017,195.787
3,87,18.4884,18.0933,0.216,0.0022,195.787
3,88,18.4738,18.0653,0.2248,0.002,195.787
3,89,18.4861,18.0718,0.227,0.0016,195.787
3,90,18.505,18.0784,0.2298,0.0016,195.787
3,91,18.5008,18.0885,0.2272,0.0021,195.787
3,92,18.5117,18.1073,0.2158,0.0016,195.787
3,93,18.5227,18.0984,0.2347,0.0017,195.787
3,94,18.491,18.0741,0.2256,0.0015,195.787
3,95,18.7987,18.0834,0.5462,0.0026,195.787
3,96,18.4758,18.0771,0.2165,0.0016,195.787
3,97,18.4994,18.0853,0.2145,0.0017,195.787
3,98,18.5244,18.0908,0.2339,0.0016,195.787
3,99,18.4874,18.0746,0.2241,0.0028,195.787
3,100,18.4989,18.0886,0.2295,0.0017,195.787
3,101,18.49,18.0867,0.218,0.0017,195.787
3,102,18.5081,18.0671,0.239,0.002,195.787
3,103,18.5417,18.1339,0.2168,0.0025,195.787
3,104,18.6061,18.1889,0.2276,0.0016,195.787
3,105,18.7253,18.3374,0.2096,0.0018,195.787
3,106,18.8185,18.4036,0.2213,0.0019,195.787
3,107,18.785,18.375,0.2256,0.0024,195.787
3,108,18.7519,18.3566,0.2166,0.0017,195.787
3,109,18.6886,18.2875,0.2233,0.0016,195.787
3,110,18.7839,18.3455,0.2372,0.0019,195.787
3,111,18.6805,18.2853,0.2119,0.0023,195.787
3,112,18.6982,18.2859,0.2239,0.0017,195.787
3,113,18.594,18.1953,0.2174,0.0018,195.787
3,114,18.5659,18.15,0.2285,0.0021,195.787
3,115,18.5413,18.144,0.2158,0.0018,195.787
3,116,18.8119,18.1023,0.2148,0.0017,195.787
3,117,18.474,18.0866,0.2084,0.0015,195.787
3,118,18.4947,18.0769,0.2209,0.0021,195.787
3,119,18.47,18.0695,0.2231,0.0021,195.787
3,120,18.4502,18.0563,0.2196,0.0017,195.787
3,121,18.4607,18.0544,0.2291,0.0018,195.787
3,122,18.4664,18.0432,0.2248,0.0017,195.787
3,123,18.4655,18.0611,0.2184,0.0017,195.787
3,124,18.5111,18.0938,0.222,0.0022,195.787
3,125,18.5091,18.0924,0.2367,0.0019,195.787
3,126,18.818,18.1075,0.5215,0.0018,195.787
3,127,18.4855,18.0865,0.2152,0.0019,195.787
3,128,18.5088,18.0842,0.2249,0.0019,195.787
3,129,18.4681,18.0688,0.2203,0.0015,195.787
3,130,18.5018,18.078,0.2235,0.0014,195.787
3,131,18.4895,18.0763,0.2273,0.0021,195.787
3,132,18.478,18.0759,0.2184,0.0024,195.787
3,133,18.5019,18.0925,0.2279,0.0018,195.787
3,134,18.4725,18.0532,0.2208,0.0017,195.787
3,135,18.5082,18.0999,0.2295,0.0017,195.787
3,136,18.5192,18.1014,0.2245,0.0024,195.787
3,137,18.8057,18.0808,0.2309,0.0017,195.787
3,138,18.4615,18.0653,0.2148,0.0019,195.787
3,139,18.4846,18.089,0.2221,0.0015,195.787
3,140,18.524,18.1112,0.2138,0.0023,195.787
3,141,18.4907,18.0821,0.2298,0.0016,195.787
3,142,18.5973,18.1593,0.2292,0.0017,195.787
3,143,18.5752,18.1663,0.2319,0.0016,195.787
3,144,18.5636,18.1591,0.2201,0.0022,195.787
3,145,18.6145,18.2099,0.22,0.0016,195.787
3,146,18.589,18.1616,0.2328,0.0016,195.787
3,147,18.8085,18.0809,0.5429,0.0015,195.787
3,148,18.4967,18.0809,0.2164,0.0023,195.787
3,149,18.5076,18.0931,0.2261,0.0016,195.787
3,150,18.4955,18.0906,0.2181,0.0019,195.787
3,151,18.5144,18.0794,0.2484,0.0014,195.787
3,152,18.5116,18.0873,0.2223,0.0023,195.787
3,153,18.4971,18.074,0.2237,0.0018,195.787
3,154,18.5133,18.0881,0.2223,0.0016,195.787
3,155,18.5114,18.1014,0.2265,0.0017,195.787
3,156,18.5226,18.1032,0.2264,0.0024,195.787
3,157,18.4817,18.0736,0.2249,0.0015,195.787
3,158,18.802,18.0737,0.2141,0.0017,195.787
3,159,18.486,18.0784,0.2223,0.0017,195.787
3,160,18.5087,18.0928,0.2242,0.0023,195.787
3,161,18.4968,18.093,0.2204,0.002,195.787
3,162,18.4703,18.0649,0.2199,0.0016,195.787
3,163,18.5326,18.1091,0.2247,0.0017,195.787
3,164,18.5057,18.0843,0.2229,0.0022,195.787
3,165,18.4984,18.089,0.2286,0.0016,195.787
3,166,18.4814,18.0701,0.2184,0.0018,195.787
3,167,18.4961,18.07,0.2358,0.0021,195.787
3,168,18.8381,18.0889,0.5671,0.0019,195.787
3,169,18.5004,18.1016,0.2243,0.0017,195.787
3,170,18.4852,18.0691,0.2157,0.0015,195.787
3,171,18.4991,18.0771,0.2363,0.002,195.787
3,172,18.5176,18.0963,0.2218,0.0017,195.787
3,173,18.4922,18.0826,0.2238,0.0019,195.787
3,174,18.4812,18.0755,0.2281,0.0017,195.787
3,175,18.4958,18.0857,0.223,0.0018,195.787
3,176,18.5,18.0791,0.2273,0.0015,195.787
3,177,18.5029,18.083,0.2276,0.0021,195.787
3,178,18.491,18.0746,0.2241,0.0018,195.787
3,179,18.8203,18.0795,0.2149,0.0017,195.787
3,180,18.473,18.0883,0.2113,0.002,195.787
3,181,18.4831,18.0818,0.2143,0.0019,195.787
3,182,18.485,18.0785,0.2245,0.0016,195.787
3,183,18.4886,18.0772,0.2205,0.0017,195.787
3,184,18.5123,18.0751,0.2365,0.0016,195.787
3,185,18.4902,18.0836,0.2218,0.0025,195.787
3,186,18.4837,18.0752,0.2287,0.0017,195.787
3,187,18.5183,18.0876,0.2328,0.0014,195.787
3,188,18.5154,18.0839,0.2299,0.0014,195.787
3,189,18.8081,18.0834,0.5441,0.0021,195.787
3,190,18.4766,18.0731,0.2176,0.0016,195.787
3,191,18.4897,18.0818,0.2283,0.0016,195.787
3,192,18.511,18.0946,0.2267,0.0016,195.787
3,193,18.482,18.0773,0.2261,0.0022,195.787
3,194,18.4937,18.0785,0.2224,0.0016,195.787
3,195,18.483,18.0762,0.2186,0.0016,195.787
3,196,18.5154,18.0806,0.2274,0.0018,195.787
3,197,18.4925,18.0864,0.2222,0.0023,195.787
3,198,18.507,18.0855,0.236,0.0019,195.787
3,199,18.4768,18.0778,0.2142,0.0016,195.787
4,0,268.9515,264.2342,4.1974,0.0033,195.787
4,1,18.8848,18.4013,0.2438,0.0018,195.787
4,2,18.6112,18.0614,0.3712,0.0013,195.787
4,3,18.5128,18.0938,0.2179,0.0015,195.787
4,4,18.4784,18.0727,0.2292,0.0015,195.787
4,5,18.4901,18.0796,0.2168,0.0013,195.787
4,6,18.4601,18.0736,0.2131,0.0013,195.787
4,7,18.5942,18.0816,0.3325,0.0017,195.787
4,8,18.4468,18.0654,0.2117,0.0014,195.787
4,9,18.4859,18.081,0.225,0.0016,195.787
4,10,18.4911,18.0849,0.2213,0.0014,195.787
4,11,18.4921,18.0875,0.2217,0.0017,195.787
4,12,18.5056,18.113,0.2151,0.0016,195.787
4,13,18.5155,18.0809,0.2316,0.0013,195.787
4,14,18.6442,18.0805,0.3872,0.0013,195.787
4,15,18.4688,18.0883,0.2102,0.0016,195.787
4,16,18.4543,18.0563,0.2282,0.0014,195.787
4,17,18.4676,18.0491,0.2274,0.0015,195.787
4,18,18.4812,18.0657,0.2252,0.0013,195.787
4,19,18.4736,18.0623,0.2259,0.0015,195.787
4,20,18.4761,18.0674,0.2197,0.0014,195.787
4,21,18.4571,18.0737,0.2121,0.0015,195.787
4,22,18.4723,18.0711,0.2174,0.0013,195.787
4,23,18.7136,18.098,0.442,0.0015,195.787
4,24,18.4603,18.0794,0.2106,0.0017,195.787
4,25,18.457,18.0713,0.2103,0.0013,195.787
4,26,18.4816,18.0708,0.2187,0.0013,195.787
4,27,18.4777,18.0714,0.2205,0.0015,195.787
4,28,20.7747,20.3182,0.2594,0.0041,195.787
4,29,18.5448,18.1328,0.22,0.0015,195.787
4,30,18.5441,18.1248,0.2328,0.0013,195.787
4,31,18.5296,18.1423,0.2058,0.0015,195.787
4,32,18.591,18.2116,0.2128,0.0015,195.787
4,33,18.571,18.1854,0.21,0.0012,195.787
4,34,18.5978,18.1955,0.2201,0.0015,195.787
4,35,18.601,18.2119,0.214,0.0011,195.787
4,36,18.6094,18.2135,0.2202,0.0015,195.787
4,37,18.6199,18.2067,0.2242,0.0016,195.787
4,38,18.5619,18.1365,0.2307,0.0016,195.787
4,39,18.4937,18.1036,0.2117,0.0011,195.787
4,40,18.5518,18.148,0.2172,0.0016,195.787
4,41,18.4673,18.0716,0.2148,0.0017,195.787
4,42,18.4823,18.0705,0.2239,0.0014,195.787
4,43,18.458,18.0786,0.2033,0.0013,195.787
4,44,18.7975,18.1001,0.2128,0.0018,195.787
4,45,18.4508,18.0715,0.2124,0.0013,195.787
4,46,18.4789,18.0832,0.2211,0.0017,195.787
4,47,18.4875,18.1002,0.2147,0.0014,195.787
4,48,18.4895,18.0754,0.2225,0.0015,195.787
4,49,18.4842,18.0752,0.2274,0.0014,195.787
4,50,18.4799,18.0695,0.2272,0.0016,195.787
4,51,18.4804,18.0834,0.2206,0.0014,195.787
4,52,18.4782,18.0909,0.2104,0.0017,195.787
4,53,18.5,18.0891,0.2273,0.0016,195.787
4,54,18.7643,18.0618,0.5243,0.0015,195.787
4,55,18.4559,18.0717,0.2105,0.0013,195.787
4,56,18.4722,18.0858,0.2132,0.0015,195.787
4,57,18.4979,18.0995,0.2197,0.0016,195.787
4,58,18.4951,18.0689,0.2386,0.0021,195.787
4,59,18.4964,18.0739,0.2276,0.0013,195.787
4,60,18.498,18.0939,0.2217,0.0013,195.787
4,61,18.4777,18.0785,0.2148,0.0015,195.787
4,62,18.4835,18.0828,0.2253,0.0015,195.787
4,63,18.4818,18.0714,0.2248,0.0014,195.787
4,64,18.4691,18.0769,0.2102,0.0016,195.787
4,65,18.7893,18.0893,0.2144,0.0015,195.787
4,66,18.5106,18.1229,0.212,0.0017,195.787
4,67,18.5449,18.1427,0.2197,0.0016,195.787
4,68,18.6584,18.2531,0.2154,0.0014,195.787
4,69,18.652,18.2393,0.2267,0.0019,195.787
4,70,18.6101,18.205,0.2174,0.0013,195.787
4,71,18.609,18.1929,0.2247,0.0017,195.787
4,72,18.6322,18.231,0.2238,0.0013,195.787
4,73,18.7691,18.3651,0.2289,0.0017,195.787
4,74,18.6873,18.2738,0.2203,0.0016,195.787
4,75,18.9422,18.2185,0.5416,0.0014,195.787
4,76,18.5924,18.2161,0.2052,0.0012,195.787
4,77,18.5269,18.1338,0.2176,0.0021,195.787
4,78,18.5368,18.1298,0.2227,0.0015,195.787
4,79,18.6209,18.1943,0.2304,0.0013,195.787
4,80,18.6173,18.2137,0.217,0.0012,195.787
4,81,18.5684,18.1561,0.2231,0.0017,195.787
4,82,18.4685,18.0748,0.2183,0.0014,195.787
4,83,18.4983,18.0823,0.2247,0.0015,195.787
4,84,18.5451,18.1384,0.2183,0.0013,195.787
4,85,18.5256,18.1247,0.2119,0.002,195.787
4,86,18.795,18.0726,0.2146,0.0016,195.787
4,87,18.4799,18.0683,0.2369,0.0013,195.787
4,88,18.465,18.0664,0.2092,0.0013,195.787
4,89,18.4779,18.0641,0.2237,0.0016,195.787
4,90,18.4687,18.0505,0.2328,0.0014,195.787
4,91,18.4765,18.0585,0.2283,0.0016,195.787
4,92,18.4788,18.0534,0.2222,0.0014,195.787
4,93,18.4576,18.058,0.2206,0.0017,195.787
4,94,18.4954,18.082,0.2289,0.0017,195.787
4,95,18.4976,18.0717,0.2262,0.0016,195.787
4,96,18.8154,18.0812,0.5444,0.0012,195.787
4,97,18.471,18.0839,0.2153,0.0015,195.787
4,98,18.5269,18.0805,0.2319,0.0014,195.787
4,99,18.471,18.0684,0.2227,0.0016,195.787
4,100,18.4994,18.0545,0.2359,0.0013,195.787
4,101,18.4907,18.0861,0.2241,0.0017,195.787
4,102,18.5006,18.0884,0.2183,0.0014,195.787
4,103,18.496,18.0876,0.2227,0.0017,195.787
4,104,18.4944,18.0727,0.2236,0.0015,195.787
4,105,18.4849,18.0833,0.2188,0.0014,195.787
4,106,18.495,18.0929,0.2193,0.0015,195.787
4,107,18.471,18.0797,0.2093,0.0016,195.787
4,108,18.501,18.0691,0.2245,0.0015,195.787
4,109,18.4647,18.0702,0.2172,0.0016,195.787
4,110,18.5167,18.1099,0.2245,0.0018,195.787
4,111,18.666,18.2493,0.2225,0.0014,195.787
4,112,18.7924,18.3432,0.2404,0.0017,195.787
4,113,18.7632,18.3712,0.213,0.0012,195.787
4,114,18.6986,18.2899,0.2208,0.0016,195.787
4,115,18.6744,18.2717,0.2184,0.0013,195.787
4,116,18.7216,18.2847,0.2313,0.0016,195.787
4,117,18.9845,18.2771,0.2155,0.0014,195.787
4,118,18.6788,18.2957,0.2135,0.0019,195.787
4,119,18.6103,18.2144,0.2196,0.002,195.787
4,120,18.624,18.206,0.2262,0.0013,195.787
4,121,18.6141,18.2154,0.2176,0.0015,195.787
4,122,18.6924,18.2853,0.2181,0.0018,195.787
4,123,18.6168,18.2046,0.224,0.0015,195.787
4,124,18.6396,18.2116,0.2324,0.0014,195.787
4,125,18.5455,18.1453,0.2243,0.0013,195.787
4,126,18.6205,18.2004,0.2333,0.0016,195.787
4,127,18.9332,18.2026,0.544,0.0015,195.787
4,128,18.5498,18.1362,0.2193,0.0016,195.787
4,129,18.4801,18.0759,0.2171,0.0014,195.787
4,130,18.4628,18.0708,0.2178,0.0019,195.787
4,131,18.4661,18.0676,0.2152,0.0016,195.787
4,132,18.5292,18.1088,0.2225,0.0015,195.787
4,133,18.5391,18.1313,0.2219,0.0014,195.787
4,134,18.4602,18.0671,0.2176,0.0016,195.787
4,135,18.4959,18.0899,0.2201,0.0015,195.787
4,136,18.4756,18.0671,0.221,0.0017,195.787
4,137,18.5269,18.0987,0.23,0.0015,195.787
4,138,18.8165,18.104,0.2128,0.0017,195.787
4,139,18.5369,18.1368,0.2258,0.0017,195.787
4,140,18.5435,18.1373,0.2245,0.0017,195.787
4,141,18.4936,18.0851,0.2268,0.0017,195.787
4,142,18.4658,18.0711,0.2127,0.0021,195.787
4,143,18.4847,18.0843,0.2222,0.0017,195.787
4,144,18.4823,18.0751,0.2168,0.0015,195.787
4,145,18.5071,18.0923,0.2246,0.0018,195.787
4,146,18.4741,18.0674,0.2226,0.0016,195.787
4,147,18.5062,18.0863,0.2299,0.0018,195.787
4,148,18.803,18.0693,0.5463,0.0015,195.787
4,149,18.4872,18.0689,0.2336,0.0013,195.787
4,150,18.4911,18.094,0.213,0.0014,195.787
4,151,18.4854,18.0865,0.221,0.0019,195.787
4,152,18.4905,18.0791,0.226,0.0016,195.787
4,153,18.4849,18.0684,0.2192,0.0019,195.787
4,154,18.4596,18.0641,0.2155,0.0013,195.787
4,155,18.5058,18.0865,0.2277,0.0018,195.787
4,156,18.4956,18.0797,0.2211,0.0016,195.787
4,157,18.4988,18.0742,0.2352,0.0015,195.787
4,158,18.5173,18.1141,0.2208,0.0014,195.787
4,159,18.9884,18.2536,0.2144,0.0014,195.787
4,160,18.7638,18.3585,0.2206,0.0016,195.787
4,161,18.6249,18.22,0.2197,0.0019,195.787
4,162,18.5952,18.1797,0.2295,0.0014,195.787
4,163,18.5686,18.159,0.2284,0.0019,195.787
4,164,18.5265,18.1079,0.2293,0.0016,195.787
4,165,18.5102,18.0876,0.2291,0.0015,195.787
4,166,18.479,18.0677,0.227,0.0019,195.787
4,167,18.4823,18.0763,0.2223,0.0018,195.787
4,168,18.5085,18.0841,0.2312,0.0018,195.787
4,169,18.8214,18.0806,0.5587,0.0018,195.787
4,170,18.501,18.0924,0.2272,0.0012,195.787
4,171,18.4806,18.0855,0.2172,0.0013,195.787
4,172,18.4891,18.0807,0.2313,0.0014,195.787
4,173,18.4921,18.0784,0.2285,0.0015,195.787
4,174,18.5052,18.0803,0.2377,0.0014,195.787
4,175,18.4823,18.0836,0.2137,0.0014,195.787
4,176,18.4822,18.0761,0.2239,0.0016,195.787
4,177,18.4869,18.0759,0.2175,0.0015,195.787
4,178,18.5019,18.0788,0.2245,0.0015,195.787
4,179,18.4944,18.0904,0.2166,0.0015,195.787
4,180,18.8298,18.0986,0.2219,0.0019,195.787
4,181,18.5073,18.0852,0.2239,0.0015,195.787
4,182,18.4827,18.079,0.2199,0.0014,195.787
4,183,18.4859,18.0848,0.2236,0.0012,195.787
4,184,18.5249,18.1157,0.2267,0.0017,195.787
4,185,18.4764,18.0737,0.2224,0.0014,195.787
4,186,18.5085,18.0803,0.2366,0.0014,195.787
4,187,18.492,18.0889,0.2186,0.0014,195.787
4,188,18.5097,18.0845,0.2301,0.0018,195.787
4,189,18.4937,18.0782,0.2285,0.0015,195.787
4,190,18.81,18.0538,0.5743,0.0015,195.787
4,191,18.4722,18.0824,0.2142,0.0013,195.787
4,192,18.4854,18.0842,0.2217,0.0016,195.787
4,193,18.4837,18.0733,0.2303,0.0015,195.787
4,194,18.4994,18.0894,0.2244,0.0015,195.787
4,195,18.4985,18.0806,0.2379,0.0014,195.787
4,196,18.4866,18.0866,0.2199,0.0015,195.787
4,197,18.4813,18.0752,0.2245,0.0014,195.787
4,198,18.4974,18.0774,0.2356,0.0014,195.787
4,199,18.5408,18.1198,0.2286,0.0014,195.787
