task,condition,elapsed_sec,latency_ms
ecgclass,no_sharing,0.0001,288.835
ecgclass,no_sharing,0.0409,280.2055
ecgclass,no_sharing,0.0798,320.5695
ecgclass,no_sharing,0.1197,280.7217
ecgclass,no_sharing,0.1245,275.907
ecgclass,no_sharing,0.1252,275.9836
ecgclass,no_sharing,0.1498,251.4238
ecgclass,no_sharing,0.1738,311.764
ecgclass,no_sharing,0.2257,259.8355
ecgclass,no_sharing,0.2274,258.1487
ecgclass,no_sharing,0.2439,241.6735
ecgclass,no_sharing,0.2451,240.5143
ecgclass,no_sharing,0.263,273.6545
ecgclass,no_sharing,0.2921,244.549
ecgclass,no_sharing,0.2988,237.9329
ecgclass,no_sharing,0.3206,216.2497
ecgclass,no_sharing,0.3214,223.2866
ecgclass,no_sharing,0.3231,262.0981
ecgclass,no_sharing,0.3283,257.2069
ecgclass,no_sharing,0.3434,242.0843
ecgclass,no_sharing,0.35,235.6906
ecgclass,no_sharing,0.3715,214.3984
ecgclass,no_sharing,0.3754,259.0854
ecgclass,no_sharing,0.4055,230.0704
ecgclass,no_sharing,0.4263,209.2271
ecgclass,no_sharing,0.4369,198.6465
ecgclass,no_sharing,0.4438,191.802
ecgclass,no_sharing,0.452,231.576
ecgclass,no_sharing,0.4525,232.9521
ecgclass,no_sharing,0.4556,229.8245
ecgclass,no_sharing,0.4667,218.724
ecgclass,no_sharing,0.4739,211.5822
ecgclass,no_sharing,0.4959,238.373
ecgclass,no_sharing,0.5066,227.7074
ecgclass,no_sharing,0.5107,224.3664
ecgclass,no_sharing,0.5182,216.8977
ecgclass,no_sharing,0.5286,206.4497
ecgclass,no_sharing,0.535,247.5212
ecgclass,no_sharing,0.5443,238.6754
ecgclass,no_sharing,0.5556,227.4334
ecgclass,no_sharing,0.5598,223.1967
ecgclass,no_sharing,0.5828,200.2101
ecgclass,no_sharing,0.6048,228.0655
ecgclass,no_sharing,0.6245,208.4537
ecgclass,no_sharing,0.6245,209.1217
ecgclass,no_sharing,0.6437,189.9648
ecgclass,no_sharing,0.6671,166.5502
ecgclass,no_sharing,0.6843,197.0522
ecgclass,no_sharing,0.6888,192.6963
ecgclass,no_sharing,0.6946,186.9099
ecgclass,no_sharing,0.6971,184.5603
ecgclass,no_sharing,0.7027,178.9989
ecgclass,no_sharing,0.7031,229.1875
ecgclass,no_sharing,0.7059,226.439
ecgclass,no_sharing,0.7285,203.8703
ecgclass,no_sharing,0.7944,137.9383
ecgclass,no_sharing,0.8041,128.2957
ecgclass,no_sharing,0.8087,163.089
ecgclass,no_sharing,0.8154,157.3572
ecgclass,no_sharing,0.8213,151.4506
ecgclass,no_sharing,0.8239,148.876
ecgclass,no_sharing,0.8416,131.1901
ecgclass,no_sharing,0.865,139.936
ecgclass,no_sharing,0.8899,115.0515
ecgclass,no_sharing,0.978,52.7685
ecgclass,no_sharing,1.0134,49.6054
ecgclass,no_sharing,1.0414,44.4031
ecgclass,no_sharing,1.0582,59.2248
ecgclass,no_sharing,1.0684,71.5356
ecgclass,no_sharing,1.0685,71.5206
ecgclass,no_sharing,1.0852,79.1142
ecgclass,no_sharing,1.0949,69.4964
ecgclass,no_sharing,1.1207,67.1914
ecgclass,no_sharing,1.1542,55.8076
ecgclass,no_sharing,1.16,49.9799
ecgclass,no_sharing,1.1601,50.3111
ecgclass,no_sharing,1.1763,54.9617
ecgclass,no_sharing,1.2186,30.7322
ecgclass,no_sharing,1.2324,36.1855
ecgclass,no_sharing,1.2681,23.1078
ecgclass,no_sharing,1.2805,44.6253
ecgclass,no_sharing,1.3024,51.7731
ecgclass,no_sharing,1.3069,76.1671
ecgclass,no_sharing,1.3093,73.849
ecgclass,no_sharing,1.3117,72.0923
ecgclass,no_sharing,1.3131,70.6904
ecgclass,no_sharing,1.3145,69.2987
ecgclass,no_sharing,1.3427,66.2849
ecgclass,no_sharing,1.35,59.0663
ecgclass,no_sharing,1.3573,85.4216
ecgclass,no_sharing,1.3724,70.3504
ecgclass,no_sharing,1.376,66.7539
ecgclass,no_sharing,1.4072,58.5682
ecgclass,no_sharing,1.4291,61.7523
ecgclass,no_sharing,1.4347,56.1056
ecgclass,no_sharing,1.4383,52.5079
ecgclass,no_sharing,1.4469,77.3549
ecgclass,no_sharing,1.4516,72.7146
ecgclass,no_sharing,1.4532,71.1074
ecgclass,no_sharing,1.4617,62.6607
ecgclass,no_sharing,1.499,46.87
ecgclass,no_sharing,1.5159,51.2083
ecgclass,no_sharing,1.5668,26.655
ecgclass,no_sharing,1.6009,33.9198
ecgclass,no_sharing,1.6202,46.2713
ecgclass,no_sharing,1.6506,37.7917
ecgclass,no_sharing,1.6631,57.3807
ecgclass,no_sharing,1.6803,64.2695
ecgclass,no_sharing,1.6871,57.6062
ecgclass,no_sharing,1.6906,75.7737
ecgclass,no_sharing,1.7261,65.8598
ecgclass,no_sharing,1.7284,63.6458
ecgclass,no_sharing,1.7319,60.106
ecgclass,no_sharing,1.7374,54.6191
ecgclass,no_sharing,1.7529,62.7778
ecgclass,no_sharing,1.7602,55.6982
ecgclass,no_sharing,1.7715,66.8449
ecgclass,no_sharing,1.8072,54.6062
ecgclass,no_sharing,1.8329,50.9005
ecgclass,no_sharing,1.8527,62.2573
ecgclass,no_sharing,1.8561,58.923
ecgclass,no_sharing,1.876,66.3316
ecgclass,no_sharing,1.8833,83.384
ecgclass,no_sharing,1.8852,81.4238
ecgclass,no_sharing,1.8921,74.5795
ecgclass,no_sharing,1.8927,74.0318
ecgclass,no_sharing,1.9085,58.8884
ecgclass,no_sharing,1.9248,64.481
ecgclass,no_sharing,1.9293,60.5378
ecgclass,no_sharing,1.9298,60.0934
ecgclass,no_sharing,1.9755,36.0019
ecgclass,no_sharing,1.9888,46.8674
ecgclass,no_sharing,2.0137,45.6455
ecgclass,no_sharing,2.0194,61.1107
ecgclass,no_sharing,2.0476,53.7469
ecgclass,no_sharing,2.0746,48.6376
ecgclass,no_sharing,2.0763,47.6539
ecgclass,no_sharing,2.1671,24.8981
ecgclass,no_sharing,2.1788,43.5638
ecgclass,no_sharing,2.2012,46.6213
ecgclass,no_sharing,2.2057,69.8106
ecgclass,no_sharing,2.2217,75.0289
ecgclass,no_sharing,2.2271,69.6373
ecgclass,no_sharing,2.254,66.6449
ecgclass,no_sharing,2.2617,58.9786
ecgclass,no_sharing,2.275,65.9823
ecgclass,no_sharing,2.2829,58.1419
ecgclass,no_sharing,2.2955,77.3592
ecgclass,no_sharing,2.3039,69.5877
ecgclass,no_sharing,2.3144,59.1283
ecgclass,no_sharing,2.3144,59.1042
ecgclass,no_sharing,2.3404,65.824
ecgclass,no_sharing,2.3837,42.8867
ecgclass,no_sharing,2.3926,57.035
ecgclass,no_sharing,2.4488,31.805
ecgclass,no_sharing,2.452,49.7153
ecgclass,no_sharing,2.4983,26.819
ecgclass,no_sharing,2.5039,42.6471
ecgclass,no_sharing,2.5156,63.6914
ecgclass,no_sharing,2.5577,43.4227
ecgclass,no_sharing,2.5577,65.433
ecgclass,no_sharing,2.5618,61.9719
ecgclass,no_sharing,2.5841,70.5338
ecgclass,no_sharing,2.6004,86.5262
ecgclass,no_sharing,2.6048,82.1047
ecgclass,no_sharing,2.6126,74.3065
ecgclass,no_sharing,2.6249,83.5366
ecgclass,no_sharing,2.6568,89.6428
ecgclass,no_sharing,2.6625,83.9403
ecgclass,no_sharing,2.6751,71.8274
ecgclass,no_sharing,2.6811,65.8662
ecgclass,no_sharing,2.6861,85.2854
ecgclass,no_sharing,2.7223,80.3878
ecgclass,no_sharing,2.7311,71.6171
ecgclass,no_sharing,2.7538,73.2243
ecgclass,no_sharing,2.7584,69.0341
ecgclass,no_sharing,2.761,66.4308
ecgclass,no_sharing,2.78,70.2655
ecgclass,no_sharing,2.8039,70.4699
ecgclass,no_sharing,2.8204,53.9632
ecgclass,no_sharing,2.8397,59.103
ecgclass,no_sharing,2.857,73.1785
ecgclass,no_sharing,2.8744,75.4771
ecgclass,no_sharing,2.9125,60.1153
ecgclass,no_sharing,2.9598,32.557
ecgclass,no_sharing,2.971,42.5231
ecgclass,no_sharing,2.9717,71.804
ecgclass,no_sharing,2.9957,71.4982
ecgclass,no_sharing,3.0092,57.9998
ecgclass,no_sharing,3.0508,38.6186
ecgclass,no_sharing,3.0673,51.1613
ecgclass,no_sharing,3.0699,78.9592
ecgclass,no_sharing,3.0884,97.1241
ecgclass,no_sharing,3.0966,88.8679
ecgclass,no_sharing,3.0993,86.7927
ecgclass,no_sharing,3.1032,83.3261
ecgclass,no_sharing,3.1615,46.1707
ecgclass,no_sharing,3.1682,68.9816
ecgclass,no_sharing,3.1729,64.4233
ecgclass,no_sharing,3.1804,57.0443
ecgclass,no_sharing,3.2139,47.8137
ecgclass,no_sharing,3.2321,54.6756
ecgclass,no_sharing,3.2358,51.1875
ecgclass,no_sharing,3.2358,86.2181
ecgclass,no_sharing,3.2432,79.0029
ecgclass,no_sharing,3.2459,76.268
ecgclass,no_sharing,3.2811,66.2868
ecgclass,no_sharing,3.2817,66.1116
ecgclass,no_sharing,3.2931,78.0869
ecgclass,no_sharing,3.3098,61.4974
ecgclass,no_sharing,3.358,34.142
ecgclass,no_sharing,3.3629,49.675
ecgclass,no_sharing,3.3916,47.8117
ecgclass,no_sharing,3.4045,67.2724
ecgclass,no_sharing,3.434,60.7703
ecgclass,no_sharing,3.4391,87.1928
ecgclass,no_sharing,3.4444,82.5043
ecgclass,no_sharing,3.4489,78.0597
ecgclass,no_sharing,3.4665,60.4966
ecgclass,no_sharing,3.4771,81.2294
ecgclass,no_sharing,3.4915,66.8666
ecgclass,no_sharing,3.514,69.6738
ecgclass,no_sharing,3.5321,75.3562
ecgclass,no_sharing,3.5497,57.7815
ecgclass,no_sharing,3.5734,63.7381
ecgclass,no_sharing,3.5734,63.8559
ecgclass,no_sharing,3.5986,71.1818
ecgclass,no_sharing,3.6217,77.8463
ecgclass,no_sharing,3.6276,72.0069
ecgclass,no_sharing,3.6324,67.2035
ecgclass,no_sharing,3.6438,81.1164
ecgclass,no_sharing,3.678,67.7674
ecgclass,no_sharing,3.6835,62.3333
ecgclass,no_sharing,3.7068,61.4064
ecgclass,no_sharing,3.7568,29.4805
ecgclass,no_sharing,3.763,41.1155
ecgclass,no_sharing,3.8353,25.2807
ecgclass,no_sharing,3.8354,53.8673
ecgclass,no_sharing,3.8363,52.9404
ecgclass,no_sharing,3.8668,45.3193
ecgclass,no_sharing,3.8777,66.1545
ecgclass,no_sharing,3.8883,85.7787
ecgclass,no_sharing,3.9213,76.2868
ecgclass,no_sharing,3.9627,63.4217
ecgclass,no_sharing,3.9753,81.666
ecgclass,no_sharing,4.0105,73.0882
ecgclass,no_sharing,4.0273,92.6299
ecgclass,no_sharing,4.0359,84.0182
ecgclass,no_sharing,4.0403,79.6697
ecgclass,no_sharing,4.0631,85.7811
ecgclass,no_sharing,4.0991,79.0441
ecgclass,no_sharing,4.1436,54.4198
ecgclass,no_sharing,4.1483,78.6555
ecgclass,no_sharing,4.165,61.9488
ecgclass,no_sharing,4.1737,53.2501
ecgclass,no_sharing,4.2024,56.5064
ecgclass,no_sharing,4.2062,95.8135
ecgclass,no_sharing,4.2072,95.1295
ecgclass,no_sharing,4.2127,89.6153
ecgclass,no_sharing,4.2143,87.9998
ecgclass,no_sharing,4.2219,80.4076
ecgclass,no_sharing,4.2302,113.0807
ecgclass,no_sharing,4.2318,111.4178
ecgclass,no_sharing,4.2832,86.7331
ecgclass,no_sharing,4.2884,81.5887
ecgclass,no_sharing,4.3085,98.8069
ecgclass,no_sharing,4.3122,95.5064
ecgclass,no_sharing,4.3208,87.1716
ecgclass,no_sharing,4.3224,85.6292
ecgclass,no_sharing,4.3239,84.1577
ecgclass,no_sharing,4.3239,122.6835
ecgclass,no_sharing,4.3515,95.1121
ecgclass,no_sharing,4.3568,89.8178
ecgclass,no_sharing,4.368,78.7315
ecgclass,no_sharing,4.383,90.6565
ecgclass,no_sharing,4.3858,87.8966
ecgclass,no_sharing,4.4345,64.6269
ecgclass,no_sharing,4.4438,94.1911
ecgclass,no_sharing,4.4453,93.0414
ecgclass,no_sharing,4.4468,91.6028
ecgclass,no_sharing,4.4555,82.9666
ecgclass,no_sharing,4.4571,81.3811
ecgclass,no_sharing,4.4627,111.4116
ecgclass,no_sharing,4.4752,99.3173
ecgclass,no_sharing,4.4757,98.7484
ecgclass,no_sharing,4.4815,93.0037
ecgclass,no_sharing,4.5081,103.2503
ecgclass,no_sharing,4.5097,101.5964
ecgclass,no_sharing,4.5251,86.5011
ecgclass,no_sharing,4.5267,84.8441
ecgclass,no_sharing,4.5718,67.1721
ecgclass,no_sharing,4.5758,91.3653
ecgclass,no_sharing,4.5797,87.8141
ecgclass,no_sharing,4.5972,70.3101
ecgclass,no_sharing,4.6353,57.2164
ecgclass,no_sharing,4.6885,35.4404
ecgclass,no_sharing,4.712,38.0292
ecgclass,no_sharing,4.741,31.7111
ecgclass,no_sharing,4.7582,37.4796
ecgclass,no_sharing,4.762,57.7419
ecgclass,no_sharing,4.7807,62.8836
ecgclass,no_sharing,4.7835,60.4978
ecgclass,no_sharing,4.7999,80.3361
ecgclass,no_sharing,4.8134,66.7698
ecgclass,no_sharing,4.8192,87.0235
ecgclass,no_sharing,4.8318,74.7185
ecgclass,no_sharing,4.8461,109.6039
ecgclass,no_sharing,4.8496,106.1206
ecgclass,no_sharing,4.8571,98.5875
ecgclass,no_sharing,4.8638,92.9084
ecgclass,no_sharing,4.8655,91.171
ecgclass,no_sharing,4.8701,116.8568
ecgclass,no_sharing,4.8874,99.6077
ecgclass,no_sharing,4.907,120.7542
ecgclass,no_sharing,4.9169,110.8057
ecgclass,no_sharing,4.9268,100.8992
ecgclass,no_sharing,4.9341,96.3092
ecgclass,no_sharing,4.954,104.2423
ecgclass,no_sharing,4.9599,98.376
ecgclass,no_sharing,4.9758,82.4525
ecgclass,no_sharing,4.9862,97.0843
ecgclass,no_sharing,4.9969,86.3461
ecgclass,no_sharing,5.0451,65.763
ecgclass,no_sharing,5.0797,62.6988
ecgclass,no_sharing,5.0975,69.4532
ecgclass,no_sharing,5.116,76.8464
ecgclass,no_sharing,5.1188,74.327
ecgclass,no_sharing,5.1264,66.721
ecgclass,no_sharing,5.1476,72.6404
ecgclass,no_sharing,5.1655,86.6516
ecgclass,no_sharing,5.1691,83.0736
ecgclass,no_sharing,5.2201,52.4209
ecgclass,no_sharing,5.2207,82.7825
ecgclass,no_sharing,5.241,63.3116
ecgclass,no_sharing,5.241,63.2918
ecgclass,no_sharing,5.2827,43.9253
ecgclass,no_sharing,5.2834,66.807
ecgclass,no_sharing,5.3095,75.2892
ecgclass,no_sharing,5.3123,72.4437
ecgclass,no_sharing,5.3878,22.644
ecgclass,no_sharing,5.3985,32.8445
ecgclass,no_sharing,5.4177,39.6912
ecgclass,no_sharing,5.4341,46.0846
ecgclass,no_sharing,5.4453,56.7608
ecgclass,no_sharing,5.4695,51.6107
ecgclass,no_sharing,5.4814,67.8942
ecgclass,no_sharing,5.5273,49.5815
ecgclass,no_sharing,5.5279,69.4344
ecgclass,no_sharing,5.617,26.2902
ecgclass,no_sharing,5.6324,31.7919
ecgclass,no_sharing,5.6358,57.416
ecgclass,no_sharing,5.6455,67.4968
ecgclass,no_sharing,5.6664,70.5645
ecgclass,no_sharing,5.6829,54.4672
ecgclass,no_sharing,5.7183,50.2374
ecgclass,no_sharing,5.7562,45.4583
ecgclass,no_sharing,5.7717,65.5212
ecgclass,no_sharing,5.7982,71.785
ecgclass,no_sharing,5.8089,104.9247
ecgclass,no_sharing,5.8107,103.142
ecgclass,no_sharing,5.8199,93.9221
ecgclass,no_sharing,5.825,88.8252
ecgclass,no_sharing,5.8576,88.4221
ecgclass,no_sharing,5.8621,83.9665
ecgclass,no_sharing,5.8833,83.6031
ecgclass,no_sharing,5.9213,71.9917
ecgclass,no_sharing,5.9232,70.0843
ecgclass,no_sharing,5.9389,54.4045
ecgclass,no_sharing,5.9819,32.233
ecgclass,no_sharing,5.991,46.0525
ecgclass,no_sharing,5.9995,60.7026
ecgclass,no_sharing,6.0105,49.8092
ecgclass,no_sharing,6.0138,69.9873
ecgclass,no_sharing,6.0161,67.7116
ecgclass,no_sharing,6.0682,35.2757
ecgclass,no_sharing,6.1087,28.1444
ecgclass,no_sharing,6.1181,40.7658
ecgclass,no_sharing,6.1239,54.9777
ecgclass,no_sharing,6.1467,51.0375
ecgclass,no_sharing,6.2192,29.1142
ecgclass,no_sharing,6.2542,34.9815
ecgclass,no_sharing,6.263,51.61
ecgclass,no_sharing,6.2737,64.8556
ecgclass,no_sharing,6.2924,69.2596
ecgclass,no_sharing,6.3048,56.8759
ecgclass,no_sharing,6.3098,51.8088
ecgclass,no_sharing,6.3151,72.7551
ecgclass,no_sharing,6.3344,53.5047
ecgclass,no_sharing,6.3913,37.797
ecgclass,no_sharing,6.3944,63.0474
ecgclass,no_sharing,6.4148,73.6151
ecgclass,no_sharing,6.4586,60.9596
ecgclass,no_sharing,6.4586,94.2099
ecgclass,no_sharing,6.4673,85.5596
ecgclass,no_sharing,6.4906,94.1374
ecgclass,no_sharing,6.5278,90.498
ecgclass,no_sharing,6.5748,77.8129
ecgclass,no_sharing,6.5807,71.9092
ecgclass,no_sharing,6.5814,72.0799
ecgclass,no_sharing,6.5879,102.5887
ecgclass,no_sharing,6.6013,90.4586
ecgclass,no_sharing,6.6058,85.9342
ecgclass,no_sharing,6.6124,79.4623
ecgclass,no_sharing,6.6363,89.9429
ecgclass,no_sharing,6.6363,90.0276
ecgclass,no_sharing,6.6662,100.997
ecgclass,no_sharing,6.6662,100.9748
ecgclass,no_sharing,6.6828,85.6314
ecgclass,no_sharing,6.6828,85.6056
ecgclass,no_sharing,6.6891,79.3464
ecgclass,no_sharing,6.6991,99.8123
ecgclass,no_sharing,6.7344,96.0765
ecgclass,no_sharing,6.7385,91.9142
ecgclass,no_sharing,6.8031,59.6843
ecgclass,no_sharing,6.8406,48.9011
ecgclass,no_sharing,6.8407,84.6834
ecgclass,no_sharing,6.8407,84.6846
ecgclass,no_sharing,6.844,81.3572
ecgclass,no_sharing,6.8597,66.0722
ecgclass,no_sharing,6.9629,38.6066
ecgclass,no_sharing,6.9688,67.1823
ecgclass,no_sharing,6.9922,83.904
ecgclass,no_sharing,6.9937,82.8755
ecgclass,no_sharing,7.0194,89.1595
ecgclass,no_sharing,7.0522,82.3231
ecgclass,no_sharing,7.089,77.7776
ecgclass,no_sharing,7.1275,71.99
ecgclass,no_sharing,7.1541,81.9604
ecgclass,no_sharing,7.156,80.045
ecgclass,no_sharing,7.17,100.5023
ecgclass,no_sharing,7.1766,94.4669
ecgclass,no_sharing,7.1846,86.4542
ecgclass,no_sharing,7.2214,82.4151
ecgclass,no_sharing,7.2577,73.0541
ecgclass,no_sharing,7.2773,89.8666
ecgclass,no_sharing,7.2819,85.2144
ecgclass,no_sharing,7.2996,68.5472
ecgclass,no_sharing,7.305,94.7409
ecgclass,no_sharing,7.3293,102.1023
ecgclass,no_sharing,7.3329,98.5532
ecgclass,no_sharing,7.3518,80.1268
ecgclass,no_sharing,7.3606,71.2574
ecgclass,no_sharing,7.3615,71.135
ecgclass,no_sharing,7.3845,81.3375
ecgclass,no_sharing,7.3866,79.2994
ecgclass,no_sharing,7.4579,43.7973
ecgclass,no_sharing,7.4691,69.0105
ecgclass,no_sharing,7.4747,103.9822
ecgclass,no_sharing,7.4787,100.0412
ecgclass,no_sharing,7.4901,88.644
ecgclass,no_sharing,7.5139,96.8466
ecgclass,no_sharing,7.5433,105.2566
ecgclass,no_sharing,7.5576,90.997
ecgclass,no_sharing,7.6143,60.5035
ecgclass,no_sharing,7.6404,57.5659
ecgclass,no_sharing,7.6435,54.5118
ecgclass,no_sharing,7.6971,28.9094
ecgclass,no_sharing,7.7042,51.1551
ecgclass,no_sharing,7.7605,29.4018
ecgclass,no_sharing,7.766,51.1374
ecgclass,no_sharing,7.7744,69.1392
ecgclass,no_sharing,7.7933,81.265
ecgclass,no_sharing,7.7949,79.7665
ecgclass,no_sharing,7.8385,64.7745
ecgclass,no_sharing,7.8467,87.4839
ecgclass,no_sharing,7.8505,83.766
ecgclass,no_sharing,7.851,83.2024
ecgclass,no_sharing,7.8515,82.7954
ecgclass,no_sharing,7.853,81.2635
ecgclass,no_sharing,7.8592,104.4827
ecgclass,no_sharing,7.8679,95.7665
ecgclass,no_sharing,7.8819,81.7416
ecgclass,no_sharing,7.9204,68.1012
ecgclass,no_sharing,7.9395,77.4815
ecgclass,no_sharing,7.9588,58.6169
ecgclass,no_sharing,7.9668,74.6477
ecgclass,no_sharing,7.9835,58.6393
ecgclass,no_sharing,7.9966,79.5887
ecgclass,no_sharing,7.9973,78.9738
ecgclass,no_sharing,8.002,74.2733
ecgclass,no_sharing,8.0063,70.9357
ecgclass,no_sharing,8.0078,70.2691
ecgclass,no_sharing,8.0146,91.8138
ecgclass,no_sharing,8.0165,89.9789
ecgclass,no_sharing,8.041,95.6528
ecgclass,no_sharing,8.0684,68.8386
ecgclass,no_sharing,8.0684,68.8059
ecgclass,no_sharing,8.0697,67.5473
ecgclass,no_sharing,8.1219,37.6666
ecgclass,no_sharing,8.1272,56.6139
ecgclass,no_sharing,8.1394,68.7063
ecgclass,no_sharing,8.15,58.0914
ecgclass,no_sharing,8.1708,59.6457
ecgclass,no_sharing,8.188,69.9103
ecgclass,no_sharing,8.2266,56.7515
ecgclass,no_sharing,8.2294,80.9474
ecgclass,no_sharing,8.2466,63.7159
ecgclass,no_sharing,8.2532,57.1845
ecgclass,no_sharing,8.2659,65.9068
ecgclass,no_sharing,8.3344,25.3096
ecgclass,no_sharing,8.3449,43.8244
ecgclass,no_sharing,8.3627,51.0204
ecgclass,no_sharing,8.3739,72.8254
ecgclass,no_sharing,8.3776,69.1392
ecgclass,no_sharing,8.3776,69.1226
ecgclass,no_sharing,8.4031,74.9731
ecgclass,no_sharing,8.4056,73.226
ecgclass,no_sharing,8.4084,70.509
ecgclass,no_sharing,8.4239,95.588
ecgclass,no_sharing,8.43,89.8683
ecgclass,no_sharing,8.4414,78.5658
ecgclass,no_sharing,8.4509,101.6808
ecgclass,no_sharing,8.451,101.9795
ecgclass,no_sharing,8.4873,104.5728
ecgclass,no_sharing,8.5551,69.6301
ecgclass,no_sharing,8.5665,92.0124
ecgclass,no_sharing,8.5732,85.2847
ecgclass,no_sharing,8.6112,79.2744
ecgclass,no_sharing,8.6206,70.2369
ecgclass,no_sharing,8.6366,83.8027
ecgclass,no_sharing,8.6707,82.4611
ecgclass,no_sharing,8.6777,76.4954
ecgclass,no_sharing,8.7106,77.6837
ecgclass,no_sharing,8.729,94.8222
ecgclass,no_sharing,8.7469,76.9644
ecgclass,no_sharing,8.7762,85.8431
ecgclass,no_sharing,8.7762,86.1285
ecgclass,no_sharing,8.7821,80.3988
ecgclass,no_sharing,8.7857,77.8341
ecgclass,no_sharing,8.7915,113.5767
ecgclass,no_sharing,8.799,106.0982
ecgclass,no_sharing,8.8029,102.1621
ecgclass,no_sharing,8.8133,93.1804
ecgclass,no_sharing,8.8187,87.7516
ecgclass,no_sharing,8.8283,114.5265
ecgclass,no_sharing,8.8397,103.5051
ecgclass,no_sharing,8.8434,100.1031
ecgclass,no_sharing,8.8596,84.2516
ecgclass,no_sharing,8.8791,94.8145
ecgclass,no_sharing,8.9049,99.9618
ecgclass,no_sharing,8.9086,96.2527
ecgclass,no_sharing,8.9253,79.7031
ecgclass,no_sharing,8.948,88.5849
ecgclass,no_sharing,8.9486,88.3942
ecgclass,no_sharing,8.9589,78.4287
ecgclass,no_sharing,8.974,99.2389
ecgclass,no_sharing,8.9798,93.5967
ecgclass,no_sharing,9.0102,100.3389
ecgclass,no_sharing,9.0323,78.2259
ecgclass,no_sharing,9.0352,75.3624
ecgclass,no_sharing,9.0452,85.3434
ecgclass,no_sharing,9.1019,52.3627
ecgclass,no_sharing,9.1138,62.8817
ecgclass,no_sharing,9.1374,62.1767
ecgclass,no_sharing,9.1788,51.7378
ecgclass,no_sharing,9.1896,68.6128
ecgclass,no_sharing,9.1903,67.8554
ecgclass,no_sharing,9.195,63.1623
ecgclass,no_sharing,9.2058,75.8791
ecgclass,no_sharing,9.2222,60.2953
ecgclass,no_sharing,9.229,53.4999
ecgclass,no_sharing,9.2503,53.885
ecgclass,no_sharing,9.2762,48.7359
ecgclass,no_sharing,9.2937,52.1095
ecgclass,no_sharing,9.3422,23.9899
ecgclass,no_sharing,9.4023,22.3329
ecgclass,no_sharing,9.4238,22.5325
ecgclass,no_sharing,9.4565,25.2547
ecgclass,no_sharing,9.4651,37.8203
ecgclass,no_sharing,9.4675,60.0808
ecgclass,no_sharing,9.4809,46.7184
ecgclass,no_sharing,9.5258,23.7231
ecgclass,no_sharing,9.5264,47.8029
ecgclass,no_sharing,9.5345,63.9629
ecgclass,no_sharing,9.5509,81.4564
ecgclass,no_sharing,9.5609,71.4653
ecgclass,no_sharing,9.5609,71.8064
ecgclass,no_sharing,9.631,35.3749
ecgclass,no_sharing,9.6432,54.0621
ecgclass,no_sharing,9.6488,74.2826
ecgclass,no_sharing,9.6565,66.896
ecgclass,no_sharing,9.6571,66.2262
ecgclass,no_sharing,9.6705,75.5589
ecgclass,no_sharing,9.6999,70.1616
ecgclass,no_sharing,9.7112,58.9557
ecgclass,no_sharing,9.7363,63.6089
ecgclass,no_sharing,9.7472,72.0174
ecgclass,no_sharing,9.7724,70.0855
ecgclass,no_sharing,9.7841,58.3436
ecgclass,no_sharing,9.8011,60.4153
ecgclass,no_sharing,9.8335,51.7504
ecgclass,no_sharing,9.9062,38.0533
ecgclass,no_sharing,9.9149,54.6956
ecgclass,no_sharing,9.9728,44.3754
ecgclass,no_sharing,9.9745,75.7914
ecgclass,no_sharing,9.9891,98.186
ecgclass,no_sharing,10.001,86.6833
ecgclass,no_sharing,10.0163,102.4342
ecgclass,no_sharing,10.046,72.8998
ecgclass,no_sharing,10.054,99.1569
ecgclass,no_sharing,10.1249,65.1095
ecgclass,no_sharing,10.1376,87.4813
ecgclass,no_sharing,10.1633,91.5956
ecgclass,no_sharing,10.177,78.6476
ecgclass,no_sharing,10.1895,101.5618
ecgclass,no_sharing,10.1983,94.3844
ecgclass,no_sharing,10.199,93.7018
ecgclass,no_sharing,10.2648,57.9565
ecgclass,no_sharing,10.2815,64.6863
ecgclass,no_sharing,10.3281,38.7766
ecgclass,no_sharing,10.3958,26.8304
ecgclass,no_sharing,10.4217,33.9894
ecgclass,no_sharing,10.4288,57.1575
ecgclass,no_sharing,10.4392,79.0854
ecgclass,no_sharing,10.442,76.3693
ecgclass,no_sharing,10.4808,58.8746
ecgclass,no_sharing,10.5008,68.6195
ecgclass,no_sharing,10.5468,46.8199
ecgclass,no_sharing,10.5872,30.2279
ecgclass,no_sharing,10.5872,53.8657
ecgclass,no_sharing,10.6167,53.7422
ecgclass,no_sharing,10.6191,83.7011
ecgclass,no_sharing,10.6202,82.8457
ecgclass,no_sharing,10.64,85.1593
ecgclass,no_sharing,10.6495,76.5057
ecgclass,no_sharing,10.6755,71.7905
ecgclass,no_sharing,10.7303,40.6027
ecgclass,no_sharing,10.741,55.835
ecgclass,no_sharing,10.7545,71.3553
ecgclass,no_sharing,10.7545,71.3518
ecgclass,no_sharing,10.7587,67.2071
ecgclass,no_sharing,10.7771,78.9464
ecgclass,no_sharing,10.7772,78.9216
ecgclass,no_sharing,10.7952,60.8585
ecgclass,no_sharing,10.8116,75.0697
ecgclass,no_sharing,10.8133,73.3919
ecgclass,no_sharing,10.8561,52.6733
ecgclass,no_sharing,10.8808,51.9605
ecgclass,no_sharing,10.921,33.7887
ecgclass,no_sharing,10.9239,53.7777
ecgclass,no_sharing,10.9474,51.0035
ecgclass,no_sharing,10.9543,68.9204
ecgclass,no_sharing,11.0044,42.0096
ecgclass,no_sharing,11.0159,52.7575
ecgclass,no_sharing,11.0317,66.8678
ecgclass,no_sharing,11.0374,61.2137
ecgclass,no_sharing,11.0485,74.9002
ecgclass,no_sharing,11.0708,90.7552
ecgclass,no_sharing,11.0892,72.3488
ecgclass,no_sharing,11.0893,72.3047
ecgclass,no_sharing,11.0893,72.3057
ecgclass,no_sharing,11.0998,84.8045
ecgclass,no_sharing,11.1257,90.1456
ecgclass,no_sharing,11.1406,75.2747
ecgclass,no_sharing,11.1443,71.5737
ecgclass,no_sharing,11.1718,71.893
ecgclass,no_sharing,11.2283,48.4366
ecgclass,no_sharing,11.2344,65.4206
ecgclass,no_sharing,11.2453,91.6929
ecgclass,no_sharing,11.2559,81.3501
ecgclass,no_sharing,11.2609,76.3273
ecgclass,no_sharing,11.2678,69.5114
ecgclass,no_sharing,11.2732,64.0697
ecgclass,no_sharing,11.2766,93.1418
ecgclass,no_sharing,11.2781,91.917
ecgclass,no_sharing,11.2839,86.2427
ecgclass,no_sharing,11.3197,76.9351
ecgclass,no_sharing,11.3262,70.5538
ecgclass,no_sharing,11.3308,65.9711
ecgclass,no_sharing,11.3563,63.077
ecgclass,no_sharing,11.365,54.5096
ecgclass,no_sharing,11.3891,61.8784
ecgclass,no_sharing,11.4087,62.8023
ecgclass,no_sharing,11.4281,76.5822
ecgclass,no_sharing,11.4336,71.3892
ecgclass,no_sharing,11.4486,56.4651
ecgclass,no_sharing,11.4964,32.1276
ecgclass,no_sharing,11.5191,34.1072
ecgclass,no_sharing,11.5393,44.6177
ecgclass,no_sharing,11.55,66.3071
ecgclass,no_sharing,11.5692,81.9182
ecgclass,no_sharing,11.5812,70.7195
ecgclass,no_sharing,11.5839,101.316
ecgclass,no_sharing,11.5906,94.6085
ecgclass,no_sharing,11.5931,92.978
ecgclass,no_sharing,11.6116,74.631
ecgclass,no_sharing,11.6132,73.1921
ecgclass,no_sharing,11.6146,108.7077
ecgclass,no_sharing,11.6184,104.8856
ecgclass,no_sharing,11.6259,97.8568
ecgclass,no_sharing,11.6296,95.1083
ecgclass,no_sharing,11.6511,73.6117
ecgclass,no_sharing,11.6638,87.1015
ecgclass,no_sharing,11.7494,27.7946
ecgclass,no_sharing,11.8067,26.5443
ecgclass,no_sharing,11.8184,35.337
ecgclass,no_sharing,11.8287,48.275
ecgclass,no_sharing,11.8302,48.4552
ecgclass,no_sharing,11.8578,40.5862
ecgclass,no_sharing,11.9162,23.6702
ecgclass,no_sharing,11.9275,34.1361
ecgclass,no_sharing,11.9537,27.0882
ecgclass,no_sharing,11.9538,47.2591
ecgclass,no_sharing,12.077,32.9108
ecgclass,no_sharing,12.0795,51.9187
ecgclass,no_sharing,12.1051,49.5546
ecgclass,no_sharing,12.1051,49.7036
ecgclass,no_sharing,12.111,66.2689
ecgclass,no_sharing,12.1176,59.8023
ecgclass,no_sharing,12.1356,76.3605
ecgclass,no_sharing,12.1361,76.18
ecgclass,no_sharing,12.1438,68.5616
ecgclass,no_sharing,12.1484,64.8787
ecgclass,no_sharing,12.15,63.3094
ecgclass,no_sharing,12.1786,61.4169
ecgclass,no_sharing,12.1861,89.9916
ecgclass,no_sharing,12.1877,88.6159
ecgclass,no_sharing,12.1983,78.0482
ecgclass,no_sharing,12.2009,75.7899
ecgclass,no_sharing,12.201,76.5262
ecgclass,no_sharing,12.2021,105.2034
ecgclass,no_sharing,12.2235,84.137
ecgclass,no_sharing,12.2235,84.1217
ecgclass,no_sharing,12.2303,77.3704
ecgclass,no_sharing,12.2422,96.9701
ecgclass,no_sharing,12.2468,92.3181
ecgclass,no_sharing,12.2608,78.3885
ecgclass,no_sharing,12.2913,70.1232
ecgclass,no_sharing,12.3012,60.251
ecgclass,no_sharing,12.311,81.3005
ecgclass,no_sharing,12.3141,78.275
ecgclass,no_sharing,12.3245,67.8422
ecgclass,no_sharing,12.3627,54.3218
ecgclass,no_sharing,12.3736,66.1287
ecgclass,no_sharing,12.3844,55.3372
ecgclass,no_sharing,12.4332,27.3604
ecgclass,no_sharing,12.4394,53.5874
ecgclass,no_sharing,12.4399,79.7429
ecgclass,no_sharing,12.4752,77.1458
ecgclass,no_sharing,12.4867,65.6557
ecgclass,no_sharing,12.4893,63.0538
ecgclass,no_sharing,12.4906,61.8656
ecgclass,no_sharing,12.5011,72.1021
ecgclass,no_sharing,12.5278,82.9549
ecgclass,no_sharing,12.5278,82.9325
ecgclass,no_sharing,12.5299,81.0521
ecgclass,no_sharing,12.5316,79.4539
ecgclass,no_sharing,12.5339,77.0881
ecgclass,no_sharing,12.5512,84.5954
ecgclass,no_sharing,12.5512,84.6789
ecgclass,no_sharing,12.5834,73.9162
ecgclass,no_sharing,12.6252,51.4793
ecgclass,no_sharing,12.7089,25.66
ecgclass,no_sharing,12.709,46.6726
ecgclass,no_sharing,12.7122,71.0838
ecgclass,no_sharing,12.725,58.2981
ecgclass,no_sharing,12.7256,57.7059
ecgclass,no_sharing,12.795,29.1522
ecgclass,no_sharing,12.8504,21.5237
ecgclass,no_sharing,12.862,28.6145
ecgclass,no_sharing,12.895,22.6729
ecgclass,no_sharing,12.9293,24.478
ecgclass,no_sharing,12.9422,32.8321
ecgclass,no_sharing,12.9509,46.3078
ecgclass,no_sharing,12.9837,32.3303
ecgclass,no_sharing,12.9941,51.873
ecgclass,no_sharing,13.0353,43.0486
ecgclass,no_sharing,13.0521,57.2278
ecgclass,no_sharing,13.0637,78.8817
ecgclass,no_sharing,13.0723,70.5423
ecgclass,no_sharing,13.0772,65.67
ecgclass,no_sharing,13.0815,94.8303
ecgclass,no_sharing,13.0815,95.1266
ecgclass,no_sharing,13.0862,90.7915
ecgclass,no_sharing,13.0866,90.6208
ecgclass,no_sharing,13.0912,86.5777
ecgclass,no_sharing,13.146,63.941
ecgclass,no_sharing,13.1868,55.6471
ecgclass,no_sharing,13.2277,39.7377
ecgclass,no_sharing,13.2339,61.8923
ecgclass,no_sharing,13.2846,39.0985
ecgclass,no_sharing,13.3031,52.6254
ecgclass,no_sharing,13.3032,79.0172
ecgclass,no_sharing,13.3086,73.5538
ecgclass,no_sharing,13.3258,90.3025
ecgclass,no_sharing,13.3295,86.6084
ecgclass,no_sharing,13.3316,84.9602
ecgclass,no_sharing,13.3545,89.1128
ecgclass,no_sharing,13.3546,89.2725
ecgclass,no_sharing,13.3552,88.8317
ecgclass,no_sharing,13.3886,88.4254
ecgclass,no_sharing,13.3941,83.003
ecgclass,no_sharing,13.439,62.928
ecgclass,no_sharing,13.4648,58.5189
ecgclass,no_sharing,13.4833,72.7682
ecgclass,no_sharing,13.4904,65.7043
ecgclass,no_sharing,13.4931,63.2367
ecgclass,no_sharing,13.4947,61.7378
ecgclass,no_sharing,13.5188,67.9977
ecgclass,no_sharing,13.5205,66.3574
ecgclass,no_sharing,13.5235,89.4721
ecgclass,no_sharing,13.5368,76.6871
ecgclass,no_sharing,13.5369,76.6563
ecgclass,no_sharing,13.5553,87.3241
ecgclass,no_sharing,13.5564,86.4611
ecgclass,no_sharing,13.5599,83.4548
ecgclass,no_sharing,13.5615,81.8479
ecgclass,no_sharing,13.6011,64.9741
ecgclass,no_sharing,13.6595,38.4147
ecgclass,no_sharing,13.6819,47.7376
ecgclass,no_sharing,13.7011,49.9172
ecgclass,no_sharing,13.7068,70.8966
ecgclass,no_sharing,13.7248,52.9182
ecgclass,no_sharing,13.7447,64.9009
ecgclass,no_sharing,13.7683,68.6696
ecgclass,no_sharing,13.7953,65.495
ecgclass,no_sharing,13.8229,69.7103
ecgclass,no_sharing,13.8229,69.9046
ecgclass,no_sharing,13.8429,78.7318
ecgclass,no_sharing,13.8592,97.24
ecgclass,no_sharing,13.894,91.0161
ecgclass,no_sharing,13.8956,89.601
ecgclass,no_sharing,13.9142,71.022
ecgclass,no_sharing,13.9248,88.7101
ecgclass,no_sharing,13.9362,77.3895
ecgclass,no_sharing,13.9382,75.325
ecgclass,no_sharing,13.9626,85.043
ecgclass,no_sharing,13.9751,72.6147
ecgclass,no_sharing,13.9767,71.3465
ecgclass,no_sharing,14.1014,20.9198
ecgclass,no_sharing,14.117,25.3737
ecgclass,no_sharing,14.1255,38.6691
ecgclass,no_sharing,14.179,30.0453
ecgclass,no_sharing,14.2103,27.298
ecgclass,no_sharing,14.2363,33.2432
ecgclass,no_sharing,14.237,63.5526
ecgclass,no_sharing,14.2559,71.0576
ecgclass,no_sharing,14.2924,63.4608
ecgclass,no_sharing,14.3037,74.1999
ecgclass,no_sharing,14.3281,79.9222
ecgclass,no_sharing,14.3337,74.4965
ecgclass,no_sharing,14.3365,71.8071
ecgclass,no_sharing,14.3721,68.4845
ecgclass,no_sharing,14.382,94.1942
ecgclass,no_sharing,14.3936,82.6762
ecgclass,no_sharing,14.3993,76.9532
ecgclass,no_sharing,14.4115,99.5562
ecgclass,no_sharing,14.4163,94.6956
ecgclass,no_sharing,14.4177,93.3588
ecgclass,no_sharing,14.4506,88.5348
ecgclass,no_sharing,14.4544,85.0358
ecgclass,no_sharing,14.4606,78.9025
ecgclass,no_sharing,14.4929,80.0848
ecgclass,no_sharing,14.511,87.8448
ecgclass,no_sharing,14.5259,73.9248
ecgclass,no_sharing,14.5621,63.4983
ecgclass,no_sharing,14.5646,61.157
ecgclass,no_sharing,14.5761,83.287
ecgclass,no_sharing,14.5866,72.8867
ecgclass,no_sharing,14.6462,39.7201
ecgclass,no_sharing,14.6738,37.9488
ecgclass,no_sharing,14.677,61.0006
ecgclass,no_sharing,14.6805,57.4439
ecgclass,no_sharing,14.6875,87.6076
ecgclass,no_sharing,14.6916,84.224
ecgclass,no_sharing,14.6996,76.1769
ecgclass,no_sharing,14.7013,74.5234
ecgclass,no_sharing,14.7156,90.215
ecgclass,no_sharing,14.7202,85.6345
ecgclass,no_sharing,14.7238,82.0696
ecgclass,no_sharing,14.7903,34.6038
ecgclass,no_sharing,14.8201,27.0793
ecgclass,no_sharing,14.8548,22.8508
ecgclass,no_sharing,14.8553,43.0427
ecgclass,no_sharing,14.8608,63.6332
ecgclass,no_sharing,14.8684,56.211
ecgclass,no_sharing,14.8976,58.2433
ecgclass,no_sharing,14.9135,69.5615
ecgclass,no_sharing,14.9138,69.3197
ecgclass,no_sharing,14.9188,64.7709
ecgclass,no_sharing,14.947,57.5039
ecgclass,no_sharing,15.0416,29.6261
ecgclass,no_sharing,15.0487,43.7109
ecgclass,no_sharing,15.0599,63.0896
ecgclass,no_sharing,15.0754,68.9168
ecgclass,no_sharing,15.086,58.2659
ecgclass,no_sharing,15.1126,53.298
ecgclass,no_sharing,15.1505,45.5925
ecgclass,no_sharing,15.1533,64.5673
ecgclass,no_sharing,15.1671,79.1707
ecgclass,no_sharing,15.1688,78.2259
ecgclass,no_sharing,15.1713,75.6829
ecgclass,no_sharing,15.1823,64.6698
ecgclass,no_sharing,15.188,59.088
ecgclass,no_sharing,15.1897,84.2426
ecgclass,no_sharing,15.2023,71.6512
ecgclass,no_sharing,15.2251,81.969
ecgclass,no_sharing,15.2458,61.3225
ecgclass,no_sharing,15.2523,84.2307
ecgclass,no_sharing,15.2653,71.8896
ecgclass,no_sharing,15.2692,67.9984
ecgclass,no_sharing,15.2735,86.6547
ecgclass,no_sharing,15.2802,79.9038
ecgclass,no_sharing,15.3271,54.4221
ecgclass,no_sharing,15.3363,71.6765
ecgclass,no_sharing,15.3514,56.5913
ecgclass,no_sharing,15.3642,66.1047
ecgclass,no_sharing,15.3873,65.2587
ecgclass,no_sharing,15.4351,37.1108
ecgclass,no_sharing,15.4429,51.2655
ecgclass,no_sharing,15.4648,52.9892
ecgclass,no_sharing,15.4715,72.4902
ecgclass,no_sharing,15.5053,77.003
ecgclass,no_sharing,15.5079,74.4646
ecgclass,no_sharing,15.5105,71.866
ecgclass,no_sharing,15.523,88.2721
ecgclass,no_sharing,15.5246,86.7057
ecgclass,no_sharing,15.5297,81.6488
ecgclass,no_sharing,15.5432,98.031
ecgclass,no_sharing,15.5482,93.0874
ecgclass,no_sharing,15.5925,82.8085
ecgclass,no_sharing,15.6051,70.1876
ecgclass,no_sharing,15.6155,82.0327
ecgclass,no_sharing,15.6288,68.9132
ecgclass,no_sharing,15.6495,71.1637
ecgclass,no_sharing,15.655,65.6829
ecgclass,no_sharing,15.6791,67.1387
ecgclass,no_sharing,15.7219,49.5477
ecgclass,no_sharing,15.756,40.154
ecgclass,no_sharing,15.7678,50.4408
ecgclass,no_sharing,15.7714,69.6824
ecgclass,no_sharing,15.7767,65.1217
ecgclass,no_sharing,15.8036,69.4394
ecgclass,no_sharing,15.8194,79.7496
ecgclass,no_sharing,15.8262,72.9976
ecgclass,no_sharing,15.8262,72.9897
ecgclass,no_sharing,15.859,72.9256
ecgclass,no_sharing,15.862,70.1652
ecgclass,no_sharing,15.8724,120.8086
ecgclass,no_sharing,15.8772,115.9935
ecgclass,no_sharing,15.8848,108.3972
ecgclass,no_sharing,15.8853,107.909
ecgclass,no_sharing,15.8915,101.6867
ecgclass,no_sharing,15.9333,84.4281
ecgclass,no_sharing,15.9433,115.5288
ecgclass,no_sharing,15.954,105.2547
ecgclass,no_sharing,15.9677,91.5809
ecgclass,no_sharing,15.9743,84.9025
ecgclass,no_sharing,15.9818,77.4412
ecgclass,no_sharing,15.9818,102.3681
ecgclass,no_sharing,16.0074,76.9069
ecgclass,no_sharing,16.0288,81.4531
ecgclass,no_sharing,16.0366,73.8161
ecgclass,no_sharing,16.053,57.7986
ecgclass,no_sharing,16.0614,81.7003
ecgclass,no_sharing,16.063,80.1082
ecgclass,no_sharing,16.0656,77.9891
ecgclass,no_sharing,16.1219,44.6885
ecgclass,no_sharing,16.1425,50.4653
ecgclass,no_sharing,16.1504,72.3612
ecgclass,no_sharing,16.1743,74.9063
ecgclass,no_sharing,16.1858,63.4222
ecgclass,no_sharing,16.2112,66.179
ecgclass,no_sharing,16.2299,70.0378
ecgclass,no_sharing,16.2533,65.8243
ecgclass,no_sharing,16.2533,65.8064
ecgclass,no_sharing,16.3253,21.1291
ecgclass,no_sharing,16.3258,40.494
ecgclass,no_sharing,16.3343,55.2571
ecgclass,no_sharing,16.3367,53.0238
ecgclass,no_sharing,16.3401,49.706
ecgclass,no_sharing,16.3486,62.9485
ecgclass,no_sharing,16.3561,55.4481
ecgclass,no_sharing,16.404,27.8182
ecgclass,no_sharing,16.4127,38.8227
ecgclass,no_sharing,16.4624,28.3494
ecgclass,no_sharing,16.4772,46.813
ecgclass,no_sharing,16.4858,60.0486
ecgclass,no_sharing,16.5016,80.1599
ecgclass,no_sharing,16.515,66.7534
ecgclass,no_sharing,16.5197,62.0513
ecgclass,no_sharing,16.5252,76.9682
ecgclass,no_sharing,16.5629,74.6555
ecgclass,no_sharing,16.5645,73.0755
ecgclass,no_sharing,16.5763,61.2316
ecgclass,no_sharing,16.6275,29.526
ecgclass,no_sharing,16.6341,49.3267
ecgclass,no_sharing,16.6624,41.5845
ecgclass,no_sharing,16.6677,58.5349
ecgclass,no_sharing,16.7216,25.0294
ecgclass,no_sharing,16.7222,44.9753
ecgclass,no_sharing,16.7314,61.7149
ecgclass,no_sharing,16.7431,50.0393
ecgclass,no_sharing,16.7665,48.6951
ecgclass,no_sharing,16.7811,53.2022
ecgclass,no_sharing,16.8074,48.3944
ecgclass,no_sharing,16.8086,47.3132
ecgclass,no_sharing,16.8354,49.7596
ecgclass,no_sharing,16.8768,35.219
ecgclass,no_sharing,16.9001,44.5843
ecgclass,no_sharing,16.9063,70.8725
ecgclass,no_sharing,16.9102,66.9699
ecgclass,no_sharing,16.9165,91.7678
ecgclass,no_sharing,16.9176,90.6549
ecgclass,no_sharing,16.9363,72.2215
ecgclass,no_sharing,16.9489,94.1546
ecgclass,no_sharing,16.9641,79.0248
ecgclass,no_sharing,16.9793,85.6438
ecgclass,no_sharing,17.0168,78.0849
ecgclass,no_sharing,17.0187,76.1976
ecgclass,no_sharing,17.0267,68.6316
ecgclass,no_sharing,17.0312,64.1677
ecgclass,no_sharing,17.052,73.2493
ecgclass,no_sharing,17.0867,64.0957
ecgclass,no_sharing,17.0921,58.7499
ecgclass,no_sharing,17.1025,82.3116
ecgclass,no_sharing,17.104,81.7189
ecgclass,no_sharing,17.1144,71.3196
ecgclass,no_sharing,17.1209,64.8155
ecgclass,no_sharing,17.1364,83.7488
ecgclass,no_sharing,17.1481,72.1493
ecgclass,no_sharing,17.1751,69.0155
ecgclass,no_sharing,17.1835,85.7437
ecgclass,no_sharing,17.1958,73.4134
ecgclass,no_sharing,17.226,65.4993
ecgclass,no_sharing,17.2366,54.8859
ecgclass,no_sharing,17.2516,64.7717
ecgclass,no_sharing,17.2562,60.3721
ecgclass,no_sharing,17.2796,58.5554
ecgclass,no_sharing,17.2975,67.3769
ecgclass,no_sharing,17.3147,76.5769
ecgclass,no_sharing,17.3336,57.709
ecgclass,no_sharing,17.3495,79.3908
ecgclass,no_sharing,17.3502,78.7711
ecgclass,no_sharing,17.3569,72.1641
ecgclass,no_sharing,17.3913,69.6495
ecgclass,no_sharing,17.421,69.4144
ecgclass,no_sharing,17.4503,61.8584
ecgclass,no_sharing,17.4989,44.7006
ecgclass,no_sharing,17.5121,51.1589
ecgclass,no_sharing,17.5268,63.8154
ecgclass,no_sharing,17.5373,54.1236
ecgclass,no_sharing,17.5377,53.7748
ecgclass,no_sharing,17.5508,59.2163
ecgclass,no_sharing,17.5728,63.1335
ecgclass,no_sharing,17.5782,57.7865
ecgclass,no_sharing,17.6152,51.5184
ecgclass,no_sharing,17.6326,53.7856
ecgclass,no_sharing,17.6524,53.2243
ecgclass,no_sharing,17.6679,63.3669
ecgclass,no_sharing,17.6966,56.9265
ecgclass,no_sharing,17.7068,70.3721
ecgclass,no_sharing,17.719,58.6729
ecgclass,no_sharing,17.7246,53.1294
ecgclass,no_sharing,17.7365,65.9957
ecgclass,no_sharing,17.7403,62.3217
ecgclass,no_sharing,17.7703,54.7009
ecgclass,no_sharing,17.7845,66.8201
ecgclass,no_sharing,17.7985,52.9346
ecgclass,no_sharing,17.825,47.431
ecgclass,no_sharing,17.8296,65.7153
ecgclass,no_sharing,17.8343,61.3205
ecgclass,no_sharing,17.8866,38.9588
ecgclass,no_sharing,17.9009,45.5353
ecgclass,no_sharing,17.9148,60.5514
ecgclass,no_sharing,17.9148,60.5299
ecgclass,no_sharing,17.9238,51.569
ecgclass,no_sharing,17.9616,34.018
ecgclass,no_sharing,17.9896,27.5471
ecgclass,no_sharing,17.9978,41.4078
ecgclass,no_sharing,18.0159,47.8644
ecgclass,no_sharing,18.0234,62.0849
ecgclass,no_sharing,18.0341,51.409
ecgclass,no_sharing,18.0415,63.7412
ecgclass,no_sharing,18.0452,59.9694
ecgclass,no_sharing,18.0585,46.7143
ecgclass,no_sharing,18.0699,56.6258
ecgclass,no_sharing,18.1203,28.501
ecgclass,no_sharing,18.1228,48.5463
ecgclass,no_sharing,18.1322,59.792
ecgclass,no_sharing,18.1569,55.1283
ecgclass,no_sharing,18.1687,43.4203
ecgclass,no_sharing,18.2132,24.4908
ecgclass,no_sharing,18.2208,47.3907
ecgclass,no_sharing,18.2239,68.5079
ecgclass,no_sharing,18.2596,66.4988
ecgclass,no_sharing,18.2613,64.8525
ecgclass,no_sharing,18.2703,87.6319
ecgclass,no_sharing,18.2768,81.1126
ecgclass,no_sharing,18.2923,91.7764
ecgclass,no_sharing,18.314,70.1039
ecgclass,no_sharing,18.3246,83.56
ecgclass,no_sharing,18.3561,84.0285
ecgclass,no_sharing,18.3566,84.1169
ecgclass,no_sharing,18.3636,77.1019
ecgclass,no_sharing,18.3784,62.3178
ecgclass,no_sharing,18.3863,85.0055
ecgclass,no_sharing,18.3889,83.0214
ecgclass,no_sharing,18.393,78.9247
ecgclass,no_sharing,18.4005,71.3739
ecgclass,no_sharing,18.4078,88.4151
ecgclass,no_sharing,18.4295,66.9148
ecgclass,no_sharing,18.4509,67.9624
ecgclass,no_sharing,18.4684,50.7343
ecgclass,no_sharing,18.4848,53.5851
ecgclass,no_sharing,18.5072,60.2391
ecgclass,no_sharing,18.5572,33.6299
ecgclass,no_sharing,18.5628,53.8776
ecgclass,no_sharing,18.5989,45.2869
ecgclass,no_sharing,18.5989,71.3961
ecgclass,no_sharing,18.6496,40.5836
ecgclass,no_sharing,18.6514,76.4623
ecgclass,no_sharing,18.6535,74.3601
ecgclass,no_sharing,18.6628,65.0909
ecgclass,no_sharing,18.6654,62.4819
ecgclass,no_sharing,18.6654,62.4645
ecgclass,no_sharing,18.6654,86.3435
ecgclass,no_sharing,18.6715,80.3208
ecgclass,no_sharing,18.7004,83.2508
ecgclass,no_sharing,18.7031,80.7452
ecgclass,no_sharing,18.7175,66.395
ecgclass,no_sharing,18.7469,58.7208
ecgclass,no_sharing,18.7506,83.1249
ecgclass,no_sharing,18.756,77.7979
ecgclass,no_sharing,18.8408,21.3971
ecgclass,no_sharing,18.8614,31.5185
ecgclass,no_sharing,18.8726,43.0961
ecgclass,no_sharing,18.9032,35.5706
ecgclass,no_sharing,18.9054,56.4837
ecgclass,no_sharing,18.9316,53.3919
ecgclass,no_sharing,18.9536,61.5377
ecgclass,no_sharing,18.9615,79.4647
ecgclass,no_sharing,18.9673,73.642
ecgclass,no_sharing,18.9816,59.3476
ecgclass,no_sharing,19.0058,64.6195
ecgclass,no_sharing,19.0328,60.2224
ecgclass,no_sharing,19.0701,44.7502
ecgclass,no_sharing,19.0737,64.1246
ecgclass,no_sharing,19.0783,59.5803
ecgclass,no_sharing,19.1002,71.2833
ecgclass,no_sharing,19.1039,67.5392
ecgclass,no_sharing,19.104,67.5201
ecgclass,no_sharing,19.1078,63.6787
ecgclass,no_sharing,19.1135,81.2168
ecgclass,no_sharing,19.12,75.1324
ecgclass,no_sharing,19.1391,81.7335
ecgclass,no_sharing,19.1553,65.9039
ecgclass,no_sharing,19.1657,55.4523
ecgclass,no_sharing,19.1877,54.7903
ecgclass,no_sharing,19.1984,66.7984
ecgclass,no_sharing,19.2157,49.5474
ecgclass,no_sharing,19.2683,22.8651
ecgclass,no_sharing,19.2923,28.826
ecgclass,no_sharing,19.2968,47.2045
ecgclass,no_sharing,19.3002,75.6402
ecgclass,no_sharing,19.3468,51.1489
ecgclass,no_sharing,19.3657,55.2301
ecgclass,no_sharing,19.3951,46.756
ecgclass,no_sharing,19.4094,56.5131
ecgclass,no_sharing,19.4238,63.0395
ecgclass,no_sharing,19.5437,21.1337
ecgclass,no_sharing,19.5858,24.3015
ecgclass,no_sharing,19.5863,45.5284
ecgclass,no_sharing,19.5898,69.9813
ecgclass,no_sharing,19.5973,62.9299
ecgclass,no_sharing,19.6042,56.0088
ecgclass,no_sharing,19.6078,52.3896
ecgclass,no_sharing,19.6258,54.3957
ecgclass,no_sharing,19.6356,77.9867
ecgclass,no_sharing,19.6714,65.7973
ecgclass,no_sharing,19.6792,58.1622
ecgclass,no_sharing,19.6914,73.339
ecgclass,no_sharing,19.7007,64.0543
ecgclass,no_sharing,19.718,79.1149
ecgclass,no_sharing,19.7225,74.9948
ecgclass,no_sharing,19.7527,74.4462
ecgclass,no_sharing,19.8095,51.1141
ecgclass,no_sharing,19.8102,82.303
ecgclass,no_sharing,19.8102,82.2916
ecgclass,no_sharing,19.821,71.5151
ecgclass,no_sharing,19.8324,83.926
ecgclass,no_sharing,19.8541,62.2306
ecgclass,no_sharing,19.8631,77.888
ecgclass,no_sharing,19.8734,67.7967
ecgclass,no_sharing,19.8891,52.109
ecgclass,no_sharing,19.8973,65.5987
ecgclass,no_sharing,19.9555,29.8405
ecgclass,no_sharing,19.9555,60.2367
ecgclass,no_sharing,19.9574,58.723
ecgclass,no_sharing,19.9701,69.7119
ecgclass,no_sharing,19.9747,65.0773
gestureclass,no_sharing,0.0001,286.7861
gestureclass,no_sharing,0.0039,313.7352
gestureclass,no_sharing,0.0043,396.1086
gestureclass,no_sharing,0.0061,394.3658
gestureclass,no_sharing,0.0259,374.8462
gestureclass,no_sharing,0.052,349.1025
gestureclass,no_sharing,0.0579,343.143
gestureclass,no_sharing,0.0804,405.0798
gestureclass,no_sharing,0.0825,403.0173
gestureclass,no_sharing,0.1002,385.3216
gestureclass,no_sharing,0.109,376.5044
gestureclass,no_sharing,0.127,358.5167
gestureclass,no_sharing,0.1848,351.6228
gestureclass,no_sharing,0.1958,340.6508
gestureclass,no_sharing,0.2168,319.6473
gestureclass,no_sharing,0.2351,301.5079
gestureclass,no_sharing,0.2352,301.5883
gestureclass,no_sharing,0.2382,346.9112
gestureclass,no_sharing,0.2447,340.3862
gestureclass,no_sharing,0.2601,325.0115
gestureclass,no_sharing,0.2717,313.4713
gestureclass,no_sharing,0.3257,259.4957
gestureclass,no_sharing,0.3408,293.5746
gestureclass,no_sharing,0.3676,266.876
gestureclass,no_sharing,0.3714,264.1497
gestureclass,no_sharing,0.4055,230.0322
gestureclass,no_sharing,0.4069,228.626
gestureclass,no_sharing,0.416,266.4559
gestureclass,no_sharing,0.4217,260.7419
gestureclass,no_sharing,0.4474,235.0135
gestureclass,no_sharing,0.4525,229.964
gestureclass,no_sharing,0.4622,220.315
gestureclass,no_sharing,0.4713,262.3665
gestureclass,no_sharing,0.4739,259.7699
gestureclass,no_sharing,0.5092,224.5395
gestureclass,no_sharing,0.5323,201.4632
gestureclass,no_sharing,0.5323,201.4394
gestureclass,no_sharing,0.5449,238.3485
gestureclass,no_sharing,0.5557,227.7446
gestureclass,no_sharing,0.5614,221.9992
gestureclass,no_sharing,0.572,211.5035
gestureclass,no_sharing,0.572,211.4809
gestureclass,no_sharing,0.5871,246.4771
gestureclass,no_sharing,0.5873,246.268
gestureclass,no_sharing,0.6031,230.5634
gestureclass,no_sharing,0.6418,191.8218
gestureclass,no_sharing,0.6437,189.9338
gestureclass,no_sharing,0.6458,235.1139
gestureclass,no_sharing,0.6525,228.5097
gestureclass,no_sharing,0.6748,206.2123
gestureclass,no_sharing,0.6971,183.9232
gestureclass,no_sharing,0.6998,181.5803
gestureclass,no_sharing,0.6998,232.5518
gestureclass,no_sharing,0.7633,169.0845
gestureclass,no_sharing,0.7867,145.7202
gestureclass,no_sharing,0.8022,130.1808
gestureclass,no_sharing,0.8154,117.0468
gestureclass,no_sharing,0.8369,129.5872
gestureclass,no_sharing,0.8523,114.1922
gestureclass,no_sharing,0.8797,128.4306
gestureclass,no_sharing,0.8916,116.5311
gestureclass,no_sharing,0.8921,116.0445
gestureclass,no_sharing,0.9223,85.9065
gestureclass,no_sharing,0.8937,114.454
gestureclass,no_sharing,0.9387,93.8694
gestureclass,no_sharing,0.9636,69.0377
gestureclass,no_sharing,0.9697,95.5555
gestureclass,no_sharing,0.9976,67.6489
gestureclass,no_sharing,1.0003,64.9116
gestureclass,no_sharing,1.0337,52.3624
gestureclass,no_sharing,1.0414,76.1144
gestureclass,no_sharing,1.0892,49.3233
gestureclass,no_sharing,1.0952,68.4378
gestureclass,no_sharing,1.1108,52.8097
gestureclass,no_sharing,1.1746,29.4511
gestureclass,no_sharing,1.187,39.8381
gestureclass,no_sharing,1.2595,22.119
gestureclass,no_sharing,1.2718,36.1431
gestureclass,no_sharing,1.2888,49.7975
gestureclass,no_sharing,1.3169,50.9899
gestureclass,no_sharing,1.3493,45.6157
gestureclass,no_sharing,1.3678,50.2684
gestureclass,no_sharing,1.387,55.687
gestureclass,no_sharing,1.3937,49.0141
gestureclass,no_sharing,1.4223,42.7165
gestureclass,no_sharing,1.4318,56.3064
gestureclass,no_sharing,1.4589,61.6009
gestureclass,no_sharing,1.4622,58.3072
gestureclass,no_sharing,1.481,62.0246
gestureclass,no_sharing,1.4995,69.5913
gestureclass,no_sharing,1.5123,56.7667
gestureclass,no_sharing,1.5176,52.3546
gestureclass,no_sharing,1.5244,72.0336
gestureclass,no_sharing,1.531,65.5935
gestureclass,no_sharing,1.5366,60.0927
gestureclass,no_sharing,1.5711,52.1531
gestureclass,no_sharing,1.6175,36.7365
gestureclass,no_sharing,1.642,37.1861
gestureclass,no_sharing,1.6584,43.5979
gestureclass,no_sharing,1.6631,63.5681
gestureclass,no_sharing,1.6736,53.575
gestureclass,no_sharing,1.7566,29.1307
gestureclass,no_sharing,1.7793,31.11
gestureclass,no_sharing,1.788,44.9901
gestureclass,no_sharing,1.8092,44.735
gestureclass,no_sharing,1.8261,50.9756
gestureclass,no_sharing,1.8528,48.5413
gestureclass,no_sharing,1.8853,44.399
gestureclass,no_sharing,1.9212,34.1742
gestureclass,no_sharing,1.9862,24.828
gestureclass,no_sharing,1.9888,43.6599
gestureclass,no_sharing,1.9981,56.4988
gestureclass,no_sharing,2.0028,51.9016
gestureclass,no_sharing,2.0211,58.3518
gestureclass,no_sharing,2.0289,50.7894
gestureclass,no_sharing,2.0409,61.5475
gestureclass,no_sharing,2.0503,52.2263
gestureclass,no_sharing,2.1148,22.7389
gestureclass,no_sharing,2.1235,32.4483
gestureclass,no_sharing,2.1303,45.3944
gestureclass,no_sharing,2.1708,25.2342
gestureclass,no_sharing,2.1769,47.0009
gestureclass,no_sharing,2.2347,31.9507
gestureclass,no_sharing,2.2653,23.0601
gestureclass,no_sharing,2.3077,23.9282
gestureclass,no_sharing,2.341,29.4936
gestureclass,no_sharing,2.3578,42.8274
gestureclass,no_sharing,2.3616,66.0324
gestureclass,no_sharing,2.3672,60.3683
gestureclass,no_sharing,2.3852,67.8735
gestureclass,no_sharing,2.3852,67.858
gestureclass,no_sharing,2.3879,65.1665
gestureclass,no_sharing,2.4057,77.1227
gestureclass,no_sharing,2.4075,75.4547
gestureclass,no_sharing,2.4152,67.9228
gestureclass,no_sharing,2.4703,32.4035
gestureclass,no_sharing,2.4732,53.8478
gestureclass,no_sharing,2.4799,47.6584
gestureclass,no_sharing,2.5018,45.603
gestureclass,no_sharing,2.5263,52.9749
gestureclass,no_sharing,2.5577,43.8695
gestureclass,no_sharing,2.5693,53.4358
gestureclass,no_sharing,2.5814,73.1854
gestureclass,no_sharing,2.5888,65.8569
gestureclass,no_sharing,2.6316,51.3778
gestureclass,no_sharing,2.642,68.9874
gestureclass,no_sharing,2.6486,62.4235
gestureclass,no_sharing,2.6492,61.8184
gestureclass,no_sharing,2.6639,80.2002
gestureclass,no_sharing,2.6726,72.0835
gestureclass,no_sharing,2.6755,69.2005
gestureclass,no_sharing,2.6921,74.1808
gestureclass,no_sharing,2.7368,60.2231
gestureclass,no_sharing,2.7481,74.4197
gestureclass,no_sharing,2.7765,67.6589
gestureclass,no_sharing,2.8166,55.3238
gestureclass,no_sharing,2.8502,47.0417
gestureclass,no_sharing,2.8821,47.5059
gestureclass,no_sharing,2.8858,63.6201
gestureclass,no_sharing,2.8964,76.87
gestureclass,no_sharing,2.902,71.4958
gestureclass,no_sharing,2.9454,47.1678
gestureclass,no_sharing,2.951,64.4915
gestureclass,no_sharing,2.9599,55.9411
gestureclass,no_sharing,3.0065,37.1311
gestureclass,no_sharing,3.022,43.4031
gestureclass,no_sharing,3.0256,63.6868
gestureclass,no_sharing,3.0372,52.1264
gestureclass,no_sharing,3.0525,68.5372
gestureclass,no_sharing,3.0541,67.0199
gestureclass,no_sharing,3.0596,61.4684
gestureclass,no_sharing,3.0622,58.9752
gestureclass,no_sharing,3.0775,73.869
gestureclass,no_sharing,3.1029,81.8081
gestureclass,no_sharing,3.1151,69.6065
gestureclass,no_sharing,3.1414,66.1843
gestureclass,no_sharing,3.1842,50.4341
gestureclass,no_sharing,3.2109,47.2622
gestureclass,no_sharing,3.2109,73.9923
gestureclass,no_sharing,3.2245,60.4069
gestureclass,no_sharing,3.2406,79.6103
gestureclass,no_sharing,3.2459,74.574
gestureclass,no_sharing,3.2498,70.7684
gestureclass,no_sharing,3.2603,86.8785
gestureclass,no_sharing,3.2614,85.8841
gestureclass,no_sharing,3.3097,58.759
gestureclass,no_sharing,3.3815,23.8116
gestureclass,no_sharing,3.4125,31.8484
gestureclass,no_sharing,3.4301,41.6703
gestureclass,no_sharing,3.4347,59.972
gestureclass,no_sharing,3.4366,58.2371
gestureclass,no_sharing,3.4713,46.0794
gestureclass,no_sharing,3.4898,61.3036
gestureclass,no_sharing,3.5256,48.3766
gestureclass,no_sharing,3.5696,30.9546
gestureclass,no_sharing,3.5696,58.9728
gestureclass,no_sharing,3.5979,61.6064
gestureclass,no_sharing,3.6297,56.2203
gestureclass,no_sharing,3.636,76.4971
gestureclass,no_sharing,3.6404,72.2368
gestureclass,no_sharing,3.6583,80.3173
gestureclass,no_sharing,3.6799,58.8226
gestureclass,no_sharing,3.6981,65.3608
gestureclass,no_sharing,3.6982,65.3393
gestureclass,no_sharing,3.754,30.0689
gestureclass,no_sharing,3.8035,21.4808
gestureclass,no_sharing,3.8083,37.6823
gestureclass,no_sharing,3.8118,55.8853
gestureclass,no_sharing,3.8244,65.9778
gestureclass,no_sharing,3.8364,54.1301
gestureclass,no_sharing,3.8373,53.7655
gestureclass,no_sharing,3.8492,67.2779
gestureclass,no_sharing,3.8559,60.529
gestureclass,no_sharing,3.8759,72.6323
gestureclass,no_sharing,3.9012,78.9278
gestureclass,no_sharing,3.905,75.1252
gestureclass,no_sharing,3.9088,71.4102
gestureclass,no_sharing,3.9196,83.3166
gestureclass,no_sharing,3.9471,90.0111
gestureclass,no_sharing,3.9705,66.602
gestureclass,no_sharing,3.9844,76.4337
gestureclass,no_sharing,3.9851,75.753
gestureclass,no_sharing,3.9962,64.6684
gestureclass,no_sharing,4.0101,75.1157
gestureclass,no_sharing,4.0157,69.6907
gestureclass,no_sharing,4.0449,75.0852
gestureclass,no_sharing,4.0564,63.6067
gestureclass,no_sharing,4.0657,83.549
gestureclass,no_sharing,4.0657,83.5266
gestureclass,no_sharing,4.0905,89.613
gestureclass,no_sharing,4.0931,87.0461
gestureclass,no_sharing,4.0946,85.5634
gestureclass,no_sharing,4.12,78.2208
gestureclass,no_sharing,4.1544,70.7872
gestureclass,no_sharing,4.1689,56.3359
gestureclass,no_sharing,4.2063,53.7515
gestureclass,no_sharing,4.2318,53.386
gestureclass,no_sharing,4.2407,73.0557
gestureclass,no_sharing,4.2407,73.1559
gestureclass,no_sharing,4.2445,70.1406
gestureclass,no_sharing,4.2461,68.5892
gestureclass,no_sharing,4.2595,83.946
gestureclass,no_sharing,4.2744,69.2048
gestureclass,no_sharing,4.2951,74.0514
gestureclass,no_sharing,4.3105,60.0047
gestureclass,no_sharing,4.3296,71.8195
gestureclass,no_sharing,4.3401,61.2867
gestureclass,no_sharing,4.3468,95.3662
gestureclass,no_sharing,4.3541,88.0318
gestureclass,no_sharing,4.3634,78.8093
gestureclass,no_sharing,4.3757,96.7352
gestureclass,no_sharing,4.3813,91.0614
gestureclass,no_sharing,4.4122,90.0104
gestureclass,no_sharing,4.4301,72.2017
gestureclass,no_sharing,4.4328,69.4151
gestureclass,no_sharing,4.4416,88.2218
gestureclass,no_sharing,4.4731,99.3545
gestureclass,no_sharing,4.4872,85.3405
gestureclass,no_sharing,4.4899,82.6447
gestureclass,no_sharing,4.4975,75.0067
gestureclass,no_sharing,4.5034,105.6626
gestureclass,no_sharing,4.5173,91.7754
gestureclass,no_sharing,4.5351,105.1247
gestureclass,no_sharing,4.5497,90.5306
gestureclass,no_sharing,4.5584,82.4883
gestureclass,no_sharing,4.5735,93.9457
gestureclass,no_sharing,4.5759,91.6312
gestureclass,no_sharing,4.6218,70.9713
gestureclass,no_sharing,4.6305,62.2556
gestureclass,no_sharing,4.6471,80.1661
gestureclass,no_sharing,4.653,74.3163
gestureclass,no_sharing,4.6578,69.5333
gestureclass,no_sharing,4.6707,81.1026
gestureclass,no_sharing,4.7304,42.0749
gestureclass,no_sharing,4.7513,44.3501
gestureclass,no_sharing,4.7739,43.4623
gestureclass,no_sharing,4.8027,39.6223
gestureclass,no_sharing,4.8211,54.6021
gestureclass,no_sharing,4.8326,73.9505
gestureclass,no_sharing,4.8352,72.9091
gestureclass,no_sharing,4.8378,70.3189
gestureclass,no_sharing,4.8576,98.14
gestureclass,no_sharing,4.8622,93.5011
gestureclass,no_sharing,4.8638,92.0472
gestureclass,no_sharing,4.8655,90.3933
gestureclass,no_sharing,4.8672,88.6452
gestureclass,no_sharing,4.8687,117.4893
gestureclass,no_sharing,4.9043,81.9707
gestureclass,no_sharing,4.9064,124.4259
gestureclass,no_sharing,4.9133,117.5158
gestureclass,no_sharing,4.9246,106.1645
gestureclass,no_sharing,4.9315,99.308
gestureclass,no_sharing,4.9367,94.0852
gestureclass,no_sharing,4.9393,115.092
gestureclass,no_sharing,4.9912,88.429
gestureclass,no_sharing,5.0266,82.3581
gestureclass,no_sharing,5.0499,59.1009
gestureclass,no_sharing,5.0576,81.6765
gestureclass,no_sharing,5.1101,56.0262
gestureclass,no_sharing,5.1505,39.9466
gestureclass,no_sharing,5.1554,64.0044
gestureclass,no_sharing,5.1716,79.9785
gestureclass,no_sharing,5.172,79.6092
gestureclass,no_sharing,5.2263,46.6332
gestureclass,no_sharing,5.2544,46.5627
gestureclass,no_sharing,5.2571,66.5317
gestureclass,no_sharing,5.2741,81.4819
gestureclass,no_sharing,5.2831,72.4854
gestureclass,no_sharing,5.284,71.6136
gestureclass,no_sharing,5.2986,57.0343
gestureclass,no_sharing,5.3035,84.0759
gestureclass,no_sharing,5.3123,75.3422
gestureclass,no_sharing,5.3212,66.6018
gestureclass,no_sharing,5.3408,67.6713
gestureclass,no_sharing,5.3598,68.733
gestureclass,no_sharing,5.4325,25.1665
gestureclass,no_sharing,5.4367,43.4487
gestureclass,no_sharing,5.4599,40.796
gestureclass,no_sharing,5.4677,52.8843
gestureclass,no_sharing,5.4832,65.6435
gestureclass,no_sharing,5.4978,51.5082
gestureclass,no_sharing,5.5295,47.3783
gestureclass,no_sharing,5.5685,27.509
gestureclass,no_sharing,5.5931,22.7139
gestureclass,no_sharing,5.6005,37.72
gestureclass,no_sharing,5.6216,37.8399
gestureclass,no_sharing,5.6331,55.4764
gestureclass,no_sharing,5.6404,72.5427
gestureclass,no_sharing,5.6404,72.5372
gestureclass,no_sharing,5.6682,70.9171
gestureclass,no_sharing,5.6974,76.5917
gestureclass,no_sharing,5.7184,86.2494
gestureclass,no_sharing,5.7453,96.8351
gestureclass,no_sharing,5.7481,94.3322
gestureclass,no_sharing,5.7481,94.4996
gestureclass,no_sharing,5.7489,94.0697
gestureclass,no_sharing,5.7545,88.8886
gestureclass,no_sharing,5.7952,82.4301
gestureclass,no_sharing,5.8002,77.9114
gestureclass,no_sharing,5.8088,105.8359
gestureclass,no_sharing,5.81,104.6281
gestureclass,no_sharing,5.8133,101.444
gestureclass,no_sharing,5.8181,97.0814
gestureclass,no_sharing,5.8487,101.6438
gestureclass,no_sharing,5.8593,91.32
gestureclass,no_sharing,5.934,51.7557
gestureclass,no_sharing,5.9658,50.2899
gestureclass,no_sharing,5.9665,85.8471
gestureclass,no_sharing,5.9742,78.4812
gestureclass,no_sharing,6.0473,36.5684
gestureclass,no_sharing,6.0477,65.2578
gestureclass,no_sharing,6.0665,80.7452
gestureclass,no_sharing,6.1151,63.7345
gestureclass,no_sharing,6.122,86.7348
gestureclass,no_sharing,6.1242,84.5296
gestureclass,no_sharing,6.1584,74.8591
gestureclass,no_sharing,6.1678,65.3877
gestureclass,no_sharing,6.1911,63.5369
gestureclass,no_sharing,6.208,80.0169
gestureclass,no_sharing,6.2231,64.9998
gestureclass,no_sharing,6.23,58.064
gestureclass,no_sharing,6.2474,73.9949
gestureclass,no_sharing,6.2785,76.5109
gestureclass,no_sharing,6.3035,88.5143
gestureclass,no_sharing,6.3142,77.7709
gestureclass,no_sharing,6.3152,76.9908
gestureclass,no_sharing,6.3173,74.8956
gestureclass,no_sharing,6.3236,105.4287
gestureclass,no_sharing,6.3408,88.2494
gestureclass,no_sharing,6.3446,84.4209
gestureclass,no_sharing,6.3699,84.6839
gestureclass,no_sharing,6.3869,67.6866
gestureclass,no_sharing,6.3878,66.7899
gestureclass,no_sharing,6.4004,77.4686
gestureclass,no_sharing,6.4061,71.7871
gestureclass,no_sharing,6.5082,24.4081
gestureclass,no_sharing,6.5149,39.3226
gestureclass,no_sharing,6.5358,39.5265
gestureclass,no_sharing,6.5515,46.6521
gestureclass,no_sharing,6.614,24.7145
gestureclass,no_sharing,6.614,43.9839
gestureclass,no_sharing,6.6204,62.9838
gestureclass,no_sharing,6.6364,71.3623
gestureclass,no_sharing,6.6674,64.6129
gestureclass,no_sharing,6.6683,63.6914
gestureclass,no_sharing,6.6873,73.0617
gestureclass,no_sharing,6.7229,58.8984
gestureclass,no_sharing,6.7348,73.9861
gestureclass,no_sharing,6.7425,66.3645
gestureclass,no_sharing,6.7425,66.3433
gestureclass,no_sharing,6.7577,51.1537
gestureclass,no_sharing,6.7736,54.6892
gestureclass,no_sharing,6.7971,55.3637
gestureclass,no_sharing,6.8481,33.9861
gestureclass,no_sharing,6.9088,22.783
gestureclass,no_sharing,6.9314,27.1935
gestureclass,no_sharing,6.9315,50.5326
gestureclass,no_sharing,6.9383,70.1654
gestureclass,no_sharing,6.9469,61.5311
gestureclass,no_sharing,6.9507,57.7049
gestureclass,no_sharing,6.9649,71.0483
gestureclass,no_sharing,6.9726,63.3442
gestureclass,no_sharing,6.9944,61.0833
gestureclass,no_sharing,7.0072,78.5193
gestureclass,no_sharing,7.0073,78.4984
gestureclass,no_sharing,7.0111,74.6319
gestureclass,no_sharing,7.0112,74.6164
gestureclass,no_sharing,7.0148,71.0135
gestureclass,no_sharing,7.0181,91.0397
gestureclass,no_sharing,7.0549,89.6013
gestureclass,no_sharing,7.0661,78.4914
gestureclass,no_sharing,7.0701,74.4562
gestureclass,no_sharing,7.091,81.5334
gestureclass,no_sharing,7.1059,66.658
gestureclass,no_sharing,7.1113,87.5981
gestureclass,no_sharing,7.1201,78.8362
gestureclass,no_sharing,7.1213,78.0458
gestureclass,no_sharing,7.1438,77.584
gestureclass,no_sharing,7.1491,72.3484
gestureclass,no_sharing,7.1737,71.6896
gestureclass,no_sharing,7.1847,60.7641
gestureclass,no_sharing,7.2412,25.7883
gestureclass,no_sharing,7.3108,37.0646
gestureclass,no_sharing,7.3145,65.896
gestureclass,no_sharing,7.3145,111.2721
gestureclass,no_sharing,7.3243,101.7182
gestureclass,no_sharing,7.3367,89.417
gestureclass,no_sharing,7.351,114.8665
gestureclass,no_sharing,7.3559,110.0178
gestureclass,no_sharing,7.3693,96.6506
gestureclass,no_sharing,7.3769,89.045
gestureclass,no_sharing,7.3934,102.7505
gestureclass,no_sharing,7.419,77.1577
gestureclass,no_sharing,7.4549,63.8356
gestureclass,no_sharing,7.471,73.8842
gestureclass,no_sharing,7.4754,69.4597
gestureclass,no_sharing,7.4895,55.8622
gestureclass,no_sharing,7.4926,52.7291
gestureclass,no_sharing,7.496,82.8886
gestureclass,no_sharing,7.5049,74.2474
gestureclass,no_sharing,7.5147,65.3741
gestureclass,no_sharing,7.5199,91.4745
gestureclass,no_sharing,7.5246,87.1444
gestureclass,no_sharing,7.5355,76.6621
gestureclass,no_sharing,7.5495,99.0062
gestureclass,no_sharing,7.5496,99.0074
gestureclass,no_sharing,7.5534,95.1574
gestureclass,no_sharing,7.556,92.5927
gestureclass,no_sharing,7.6323,48.8212
gestureclass,no_sharing,7.6568,57.4276
gestureclass,no_sharing,7.6678,73.3602
gestureclass,no_sharing,7.6893,79.2155
gestureclass,no_sharing,7.6921,77.1048
gestureclass,no_sharing,7.6921,77.0884
gestureclass,no_sharing,7.7423,48.7795
gestureclass,no_sharing,7.7633,48.8605
gestureclass,no_sharing,7.7872,47.0853
gestureclass,no_sharing,7.8283,40.5028
gestureclass,no_sharing,7.8555,36.2113
gestureclass,no_sharing,7.8572,68.3961
gestureclass,no_sharing,7.8576,68.0013
gestureclass,no_sharing,7.8878,72.5129
gestureclass,no_sharing,7.8979,93.6112
gestureclass,no_sharing,7.9268,99.2246
gestureclass,no_sharing,7.9452,80.8883
gestureclass,no_sharing,7.9481,78.7807
gestureclass,no_sharing,7.9737,95.8881
gestureclass,no_sharing,7.9763,93.4618
gestureclass,no_sharing,7.9764,93.446
gestureclass,no_sharing,7.9947,111.764
gestureclass,no_sharing,8.0099,96.5593
gestureclass,no_sharing,8.0534,81.2855
gestureclass,no_sharing,8.0759,92.6011
gestureclass,no_sharing,8.0792,89.3972
gestureclass,no_sharing,8.1029,108.0296
gestureclass,no_sharing,8.1055,105.6471
gestureclass,no_sharing,8.1267,84.5919
gestureclass,no_sharing,8.1306,80.792
gestureclass,no_sharing,8.1587,90.5805
gestureclass,no_sharing,8.1587,91.4001
gestureclass,no_sharing,8.1612,89.6349
gestureclass,no_sharing,8.1755,113.1275
gestureclass,no_sharing,8.1781,110.5587
gestureclass,no_sharing,8.203,85.6612
gestureclass,no_sharing,8.2065,82.119
gestureclass,no_sharing,8.2325,91.8295
gestureclass,no_sharing,8.235,89.4713
gestureclass,no_sharing,8.2531,108.4249
gestureclass,no_sharing,8.2551,107.542
gestureclass,no_sharing,8.2631,99.5524
gestureclass,no_sharing,8.2697,92.9186
gestureclass,no_sharing,8.2909,105.1469
gestureclass,no_sharing,8.2966,99.386
gestureclass,no_sharing,8.3186,77.4257
gestureclass,no_sharing,8.3329,93.1337
gestureclass,no_sharing,8.3653,97.1932
gestureclass,no_sharing,8.3899,72.566
gestureclass,no_sharing,8.3904,72.068
gestureclass,no_sharing,8.3972,87.6999
gestureclass,no_sharing,8.4032,81.8789
gestureclass,no_sharing,8.4282,87.7011
gestureclass,no_sharing,8.4305,85.4502
gestureclass,no_sharing,8.4414,74.4729
gestureclass,no_sharing,8.4573,93.1964
gestureclass,no_sharing,8.4618,88.6712
gestureclass,no_sharing,8.4635,86.9954
gestureclass,no_sharing,8.4891,85.4316
gestureclass,no_sharing,8.5189,78.0799
gestureclass,no_sharing,8.5231,73.8959
gestureclass,no_sharing,8.5308,66.2291
gestureclass,no_sharing,8.5588,65.9261
gestureclass,no_sharing,8.5702,54.5459
gestureclass,no_sharing,8.5728,51.9352
gestureclass,no_sharing,8.6161,30.4496
gestureclass,no_sharing,8.6166,55.6872
gestureclass,no_sharing,8.6181,54.4865
gestureclass,no_sharing,8.6259,66.6192
gestureclass,no_sharing,8.6947,27.1773
gestureclass,no_sharing,8.6982,44.5218
gestureclass,no_sharing,8.7008,68.7423
gestureclass,no_sharing,8.7024,67.5299
gestureclass,no_sharing,8.707,63.9975
gestureclass,no_sharing,8.7473,46.4394
gestureclass,no_sharing,8.7553,65.0604
gestureclass,no_sharing,8.7609,59.54
gestureclass,no_sharing,8.7685,51.8694
gestureclass,no_sharing,8.8059,39.8335
gestureclass,no_sharing,8.8075,61.4352
gestureclass,no_sharing,8.8282,71.8868
gestureclass,no_sharing,8.8446,55.6202
gestureclass,no_sharing,8.8509,84.4781
gestureclass,no_sharing,8.8635,73.168
gestureclass,no_sharing,8.8941,63.6299
gestureclass,no_sharing,8.9034,81.0392
gestureclass,no_sharing,8.9054,79.047
gestureclass,no_sharing,8.9564,47.3428
gestureclass,no_sharing,8.9698,63.0546
gestureclass,no_sharing,8.9728,60.1048
gestureclass,no_sharing,8.9947,62.3529
gestureclass,no_sharing,9.0192,63.4258
gestureclass,no_sharing,9.0212,61.439
gestureclass,no_sharing,9.0357,74.8398
gestureclass,no_sharing,9.0386,71.9564
gestureclass,no_sharing,9.0713,71.0306
gestureclass,no_sharing,9.0783,63.9858
gestureclass,no_sharing,9.1051,69.8197
gestureclass,no_sharing,9.1145,92.1948
gestureclass,no_sharing,9.1367,70.7417
gestureclass,no_sharing,9.1392,68.4717
gestureclass,no_sharing,9.1574,92.8192
gestureclass,no_sharing,9.1631,87.1277
gestureclass,no_sharing,9.1648,85.501
gestureclass,no_sharing,9.1693,81.6782
gestureclass,no_sharing,9.2327,48.4657
gestureclass,no_sharing,9.2485,60.4565
gestureclass,no_sharing,9.2581,84.713
gestureclass,no_sharing,9.2762,66.6361
gestureclass,no_sharing,9.2995,74.2662
gestureclass,no_sharing,9.3074,66.4148
gestureclass,no_sharing,9.3242,79.3388
gestureclass,no_sharing,9.3789,56.114
gestureclass,no_sharing,9.3985,67.3544
gestureclass,no_sharing,9.4023,96.8349
gestureclass,no_sharing,9.4117,87.393
gestureclass,no_sharing,9.4258,73.3917
gestureclass,no_sharing,9.4781,51.1668
gestureclass,no_sharing,9.5151,44.5879
gestureclass,no_sharing,9.549,43.1404
gestureclass,no_sharing,9.561,63.7794
gestureclass,no_sharing,9.5682,92.1025
gestureclass,no_sharing,9.5794,80.9042
gestureclass,no_sharing,9.6127,82.6211
gestureclass,no_sharing,9.6238,71.6457
gestureclass,no_sharing,9.6339,98.1078
gestureclass,no_sharing,9.6416,90.4608
gestureclass,no_sharing,9.6598,110.3308
gestureclass,no_sharing,9.6733,96.839
gestureclass,no_sharing,9.6781,92.0861
gestureclass,no_sharing,9.6968,109.58
gestureclass,no_sharing,9.7074,99.0157
gestureclass,no_sharing,9.7094,97.0552
gestureclass,no_sharing,9.717,89.5097
gestureclass,no_sharing,9.7364,101.5973
gestureclass,no_sharing,9.7429,95.289
gestureclass,no_sharing,9.792,75.5229
gestureclass,no_sharing,9.8057,88.505
gestureclass,no_sharing,9.8335,60.7867
gestureclass,no_sharing,9.8627,52.8061
gestureclass,no_sharing,9.8664,77.8258
gestureclass,no_sharing,9.8776,66.5607
gestureclass,no_sharing,9.8782,66.0157
gestureclass,no_sharing,9.8934,71.4779
gestureclass,no_sharing,9.9045,60.8642
gestureclass,no_sharing,9.9097,85.9306
gestureclass,no_sharing,9.9124,83.3406
gestureclass,no_sharing,9.9237,72.036
gestureclass,no_sharing,9.9415,79.5124
gestureclass,no_sharing,9.9416,79.8662
gestureclass,no_sharing,9.9416,80.0867
gestureclass,no_sharing,9.9514,70.358
gestureclass,no_sharing,9.9763,77.7733
gestureclass,no_sharing,9.9801,74.5256
gestureclass,no_sharing,9.9883,67.1344
gestureclass,no_sharing,9.9923,63.8592
gestureclass,no_sharing,10.0009,76.7908
gestureclass,no_sharing,10.0515,60.0586
gestureclass,no_sharing,10.0583,76.0512
gestureclass,no_sharing,10.0819,85.6185
gestureclass,no_sharing,10.0938,73.6885
gestureclass,no_sharing,10.0996,67.9755
gestureclass,no_sharing,10.1012,66.293
gestureclass,no_sharing,10.1037,63.8635
gestureclass,no_sharing,10.1167,83.4134
gestureclass,no_sharing,10.1201,80.9813
gestureclass,no_sharing,10.1737,59.5312
gestureclass,no_sharing,10.1754,87.2157
gestureclass,no_sharing,10.2203,74.882
gestureclass,no_sharing,10.2245,70.6887
gestureclass,no_sharing,10.2252,69.9744
gestureclass,no_sharing,10.2535,70.4787
gestureclass,no_sharing,10.2736,75.1796
gestureclass,no_sharing,10.283,65.8977
gestureclass,no_sharing,10.3303,37.6124
gestureclass,no_sharing,10.3449,46.5579
gestureclass,no_sharing,10.345,67.1794
gestureclass,no_sharing,10.369,74.1551
gestureclass,no_sharing,10.3756,67.7519
gestureclass,no_sharing,10.3782,65.1577
gestureclass,no_sharing,10.3958,77.6253
gestureclass,no_sharing,10.4115,94.6493
gestureclass,no_sharing,10.4143,91.7971
gestureclass,no_sharing,10.4181,89.7927
gestureclass,no_sharing,10.4313,76.6397
gestureclass,no_sharing,10.4352,72.6898
gestureclass,no_sharing,10.4388,100.8611
gestureclass,no_sharing,10.4445,95.8948
gestureclass,no_sharing,10.45,90.4005
gestureclass,no_sharing,10.4699,70.4999
gestureclass,no_sharing,10.473,97.9316
gestureclass,no_sharing,10.4941,77.1153
gestureclass,no_sharing,10.5044,66.783
gestureclass,no_sharing,10.5079,85.778
gestureclass,no_sharing,10.5155,78.8996
gestureclass,no_sharing,10.5397,80.0102
gestureclass,no_sharing,10.5623,57.8027
gestureclass,no_sharing,10.5661,54.2161
gestureclass,no_sharing,10.5814,62.0902
gestureclass,no_sharing,10.5922,51.502
gestureclass,no_sharing,10.6399,33.37
gestureclass,no_sharing,10.6468,56.282
gestureclass,no_sharing,10.67,54.7142
gestureclass,no_sharing,10.7173,29.0842
gestureclass,no_sharing,10.7255,45.44
gestureclass,no_sharing,10.7514,45.0315
gestureclass,no_sharing,10.7515,74.4252
gestureclass,no_sharing,10.7545,71.9752
gestureclass,no_sharing,10.7612,65.2008
gestureclass,no_sharing,10.803,49.7279
gestureclass,no_sharing,10.8088,73.5781
gestureclass,no_sharing,10.8306,78.1653
gestureclass,no_sharing,10.8312,77.6072
gestureclass,no_sharing,10.8578,77.1594
gestureclass,no_sharing,10.8653,69.8659
gestureclass,no_sharing,10.8814,53.7555
gestureclass,no_sharing,10.9009,58.9793
gestureclass,no_sharing,10.9591,21.6126
gestureclass,no_sharing,10.9671,34.1749
gestureclass,no_sharing,10.9839,39.8703
gestureclass,no_sharing,11.0005,45.444
gestureclass,no_sharing,11.0071,64.5301
gestureclass,no_sharing,11.0158,55.7814
gestureclass,no_sharing,11.0189,52.716
gestureclass,no_sharing,11.0229,75.7234
gestureclass,no_sharing,11.029,69.5891
gestureclass,no_sharing,11.0613,65.5422
gestureclass,no_sharing,11.0634,63.5068
gestureclass,no_sharing,11.066,60.8969
gestureclass,no_sharing,11.0818,79.34
gestureclass,no_sharing,11.0865,74.6205
gestureclass,no_sharing,11.1156,69.0532
gestureclass,no_sharing,11.1163,68.3551
gestureclass,no_sharing,11.1269,91.0733
gestureclass,no_sharing,11.1326,85.4459
gestureclass,no_sharing,11.1351,82.9704
gestureclass,no_sharing,11.1478,70.256
gestureclass,no_sharing,11.1928,51.3291
gestureclass,no_sharing,11.2037,71.8784
gestureclass,no_sharing,11.2283,71.1031
gestureclass,no_sharing,11.2383,61.1584
gestureclass,no_sharing,11.2584,73.3325
gestureclass,no_sharing,11.2623,69.6285
gestureclass,no_sharing,11.2747,93.5469
gestureclass,no_sharing,11.2781,90.0984
gestureclass,no_sharing,11.2944,73.7817
gestureclass,no_sharing,11.311,81.6691
gestureclass,no_sharing,11.3475,70.0669
gestureclass,no_sharing,11.3843,65.1979
gestureclass,no_sharing,11.405,65.191
gestureclass,no_sharing,11.4164,89.1249
gestureclass,no_sharing,11.4256,80.2386
gestureclass,no_sharing,11.4371,69.0854
gestureclass,no_sharing,11.4509,80.194
gestureclass,no_sharing,11.4565,74.6698
gestureclass,no_sharing,11.4691,96.6651
gestureclass,no_sharing,11.4857,80.2007
gestureclass,no_sharing,11.4877,78.2125
gestureclass,no_sharing,11.5009,65.1784
gestureclass,no_sharing,11.5033,62.7537
gestureclass,no_sharing,11.5164,82.9663
gestureclass,no_sharing,11.5201,79.2873
gestureclass,no_sharing,11.5696,60.3735
gestureclass,no_sharing,11.5955,64.5449
gestureclass,no_sharing,11.6345,58.1367
gestureclass,no_sharing,11.65,73.8006
gestureclass,no_sharing,11.6622,88.517
gestureclass,no_sharing,11.6921,85.0842
gestureclass,no_sharing,11.6949,82.4568
gestureclass,no_sharing,11.7329,63.6835
gestureclass,no_sharing,11.7415,55.0332
gestureclass,no_sharing,11.7495,71.059
gestureclass,no_sharing,11.7531,67.4865
gestureclass,no_sharing,11.8364,22.7492
gestureclass,no_sharing,11.837,42.2447
gestureclass,no_sharing,11.8604,38.5847
gestureclass,no_sharing,11.875,41.1513
gestureclass,no_sharing,11.8824,54.9467
gestureclass,no_sharing,11.9218,35.6588
gestureclass,no_sharing,11.946,33.9704
gestureclass,no_sharing,11.9596,41.2264
gestureclass,no_sharing,11.9658,52.8624
gestureclass,no_sharing,11.984,54.8916
gestureclass,no_sharing,12.0032,53.2515
gestureclass,no_sharing,12.0198,56.9348
gestureclass,no_sharing,12.0255,51.2259
gestureclass,no_sharing,12.0332,43.7279
gestureclass,no_sharing,12.0676,39.1676
gestureclass,no_sharing,12.076,52.5317
gestureclass,no_sharing,12.0871,67.2002
gestureclass,no_sharing,12.0945,59.7591
gestureclass,no_sharing,12.1089,66.9518
gestureclass,no_sharing,12.179,27.612
gestureclass,no_sharing,12.1835,50.1535
gestureclass,no_sharing,12.2016,57.0045
gestureclass,no_sharing,12.2087,85.8116
gestureclass,no_sharing,12.2122,82.4242
gestureclass,no_sharing,12.2797,46.3073
gestureclass,no_sharing,12.2947,58.1307
gestureclass,no_sharing,12.311,67.7047
gestureclass,no_sharing,12.3282,79.6492
gestureclass,no_sharing,12.3319,75.9735
gestureclass,no_sharing,12.3356,72.3901
gestureclass,no_sharing,12.3433,64.7976
gestureclass,no_sharing,12.3627,75.3551
gestureclass,no_sharing,12.3773,61.167
gestureclass,no_sharing,12.3829,76.1378
gestureclass,no_sharing,12.4143,76.6542
gestureclass,no_sharing,12.4677,49.2311
gestureclass,no_sharing,12.4677,76.8113
gestureclass,no_sharing,12.4725,72.0618
gestureclass,no_sharing,12.5316,36.7544
gestureclass,no_sharing,12.5393,59.4528
gestureclass,no_sharing,12.5467,81.4896
gestureclass,no_sharing,12.5921,59.4897
gestureclass,no_sharing,12.6019,71.9857
gestureclass,no_sharing,12.637,55.5749
gestureclass,no_sharing,12.6547,57.9188
gestureclass,no_sharing,12.6909,43.556
gestureclass,no_sharing,12.6909,43.5283
gestureclass,no_sharing,12.6909,65.9835
gestureclass,no_sharing,12.709,47.9238
gestureclass,no_sharing,12.7418,39.0139
gestureclass,no_sharing,12.7672,35.4102
gestureclass,no_sharing,12.78,49.6504
gestureclass,no_sharing,12.7935,55.815
gestureclass,no_sharing,12.7951,54.2285
gestureclass,no_sharing,12.7951,54.2295
gestureclass,no_sharing,12.8218,49.7043
gestureclass,no_sharing,12.8273,44.2631
gestureclass,no_sharing,12.8668,24.075
gestureclass,no_sharing,12.8965,21.2791
gestureclass,no_sharing,12.9021,38.9137
gestureclass,no_sharing,12.9168,45.1322
gestureclass,no_sharing,12.92,64.126
gestureclass,no_sharing,12.9246,59.737
gestureclass,no_sharing,12.9925,23.3951
gestureclass,no_sharing,13.0014,43.3037
gestureclass,no_sharing,13.0371,37.817
gestureclass,no_sharing,13.0445,58.305
gestureclass,no_sharing,13.0957,38.4693
gestureclass,no_sharing,13.1286,36.7832
gestureclass,no_sharing,13.1383,60.1847
gestureclass,no_sharing,13.1525,76.1971
gestureclass,no_sharing,13.1665,93.2899
gestureclass,no_sharing,13.168,92.6745
gestureclass,no_sharing,13.1715,89.1414
gestureclass,no_sharing,13.1809,79.7329
gestureclass,no_sharing,13.1864,75.063
gestureclass,no_sharing,13.1895,108.2323
gestureclass,no_sharing,13.2006,97.3434
gestureclass,no_sharing,13.2091,88.8758
gestureclass,no_sharing,13.2171,80.9054
gestureclass,no_sharing,13.2466,77.873
gestureclass,no_sharing,13.2583,66.2794
gestureclass,no_sharing,13.2686,89.4988
gestureclass,no_sharing,13.2701,88.1081
gestureclass,no_sharing,13.3059,76.6609
gestureclass,no_sharing,13.3123,70.57
gestureclass,no_sharing,13.3296,86.9622
gestureclass,no_sharing,13.343,73.5285
gestureclass,no_sharing,13.3794,58.46
gestureclass,no_sharing,13.3871,86.0758
gestureclass,no_sharing,13.3995,73.6406
gestureclass,no_sharing,13.402,71.2118
gestureclass,no_sharing,13.4338,63.935
gestureclass,no_sharing,13.4355,62.4423
gestureclass,no_sharing,13.4371,87.4989
gestureclass,no_sharing,13.4632,61.3968
gestureclass,no_sharing,13.49,59.5741
gestureclass,no_sharing,13.4973,83.4341
gestureclass,no_sharing,13.5061,74.5966
gestureclass,no_sharing,13.5229,87.496
gestureclass,no_sharing,13.5422,68.2302
gestureclass,no_sharing,13.5721,63.0891
gestureclass,no_sharing,13.6307,29.8638
gestureclass,no_sharing,13.6384,53.2799
gestureclass,no_sharing,13.6605,63.0603
gestureclass,no_sharing,13.6743,74.7776
gestureclass,no_sharing,13.6885,60.76
gestureclass,no_sharing,13.7047,74.1723
gestureclass,no_sharing,13.7051,73.9517
gestureclass,no_sharing,13.7102,68.8486
gestureclass,no_sharing,13.7439,67.8222
gestureclass,no_sharing,13.7448,66.9401
gestureclass,no_sharing,13.7486,90.097
gestureclass,no_sharing,13.7989,63.6358
gestureclass,no_sharing,13.799,63.6206
gestureclass,no_sharing,13.8129,84.4564
gestureclass,no_sharing,13.8176,79.921
gestureclass,no_sharing,13.8214,77.2014
gestureclass,no_sharing,13.8219,76.987
gestureclass,no_sharing,13.8288,70.1475
gestureclass,no_sharing,13.8295,107.0738
gestureclass,no_sharing,13.83,106.6172
gestureclass,no_sharing,13.8456,91.2378
gestureclass,no_sharing,13.8545,82.3224
gestureclass,no_sharing,13.8598,77.0388
gestureclass,no_sharing,13.8678,115.0866
gestureclass,no_sharing,13.8784,104.4517
gestureclass,no_sharing,13.8784,104.4259
gestureclass,no_sharing,13.8854,97.465
gestureclass,no_sharing,13.8911,92.5381
gestureclass,no_sharing,13.9382,69.906
gestureclass,no_sharing,13.9714,71.2411
gestureclass,no_sharing,13.9814,61.3506
gestureclass,no_sharing,13.9964,65.9401
gestureclass,no_sharing,14.0308,50.9808
gestureclass,no_sharing,14.0324,49.5832
gestureclass,no_sharing,14.034,48.064
gestureclass,no_sharing,14.0645,34.7793
gestureclass,no_sharing,14.1259,24.2052
gestureclass,no_sharing,14.1284,43.4456
gestureclass,no_sharing,14.1446,54.4634
gestureclass,no_sharing,14.1452,53.9348
gestureclass,no_sharing,14.1603,68.6188
gestureclass,no_sharing,14.1642,64.8766
gestureclass,no_sharing,14.1687,60.406
gestureclass,no_sharing,14.1945,62.9525
gestureclass,no_sharing,14.2013,87.8251
gestureclass,no_sharing,14.2085,80.7347
gestureclass,no_sharing,14.2428,77.4908
gestureclass,no_sharing,14.2453,75.0828
gestureclass,no_sharing,14.2559,92.6263
gestureclass,no_sharing,14.3339,35.4292
gestureclass,no_sharing,14.342,54.1728
gestureclass,no_sharing,14.3571,65.0241
gestureclass,no_sharing,14.3705,85.9964
gestureclass,no_sharing,14.3737,82.8357
gestureclass,no_sharing,14.4139,72.6433
gestureclass,no_sharing,14.4272,85.9594
gestureclass,no_sharing,14.4437,69.5879
gestureclass,no_sharing,14.4503,63.4086
gestureclass,no_sharing,14.4651,71.3909
gestureclass,no_sharing,14.4928,76.5851
gestureclass,no_sharing,14.4928,76.5655
gestureclass,no_sharing,14.5275,71.1234
gestureclass,no_sharing,14.5311,67.554
gestureclass,no_sharing,14.5417,86.3707
gestureclass,no_sharing,14.5421,86.1742
gestureclass,no_sharing,14.5476,80.6773
gestureclass,no_sharing,14.5787,84.7061
gestureclass,no_sharing,14.5822,81.6009
gestureclass,no_sharing,14.5822,81.5771
gestureclass,no_sharing,14.583,80.8039
gestureclass,no_sharing,14.5936,70.2875
gestureclass,no_sharing,14.621,66.6299
gestureclass,no_sharing,14.621,66.9312
gestureclass,no_sharing,14.6315,80.4646
gestureclass,no_sharing,14.672,65.9297
gestureclass,no_sharing,14.6754,62.5935
gestureclass,no_sharing,14.6916,81.9168
gestureclass,no_sharing,14.7039,69.6294
gestureclass,no_sharing,14.7065,67.0362
gestureclass,no_sharing,14.7131,90.3814
gestureclass,no_sharing,14.7347,68.799
gestureclass,no_sharing,14.7692,55.388
gestureclass,no_sharing,14.784,64.503
gestureclass,no_sharing,14.7857,62.9017
gestureclass,no_sharing,14.8261,43.359
gestureclass,no_sharing,14.8848,23.4718
gestureclass,no_sharing,14.9015,30.755
gestureclass,no_sharing,14.9258,34.8282
gestureclass,no_sharing,14.9404,39.7074
gestureclass,no_sharing,14.9525,52.8641
gestureclass,no_sharing,14.9525,52.8319
gestureclass,no_sharing,14.9618,62.9821
gestureclass,no_sharing,14.9764,48.4049
gestureclass,no_sharing,14.9897,52.7923
gestureclass,no_sharing,15.0105,59.0069
gestureclass,no_sharing,15.035,54.8677
gestureclass,no_sharing,15.0564,63.9906
gestureclass,no_sharing,15.1006,42.2964
gestureclass,no_sharing,15.1071,58.0571
gestureclass,no_sharing,15.1226,68.9487
gestureclass,no_sharing,15.1788,32.7942
gestureclass,no_sharing,15.1824,52.886
gestureclass,no_sharing,15.2414,29.8553
gestureclass,no_sharing,15.2451,56.5324
gestureclass,no_sharing,15.2649,69.7224
gestureclass,no_sharing,15.2691,65.541
gestureclass,no_sharing,15.3008,56.5863
gestureclass,no_sharing,15.3244,58.6863
gestureclass,no_sharing,15.3308,52.4025
gestureclass,no_sharing,15.3586,49.3584
gestureclass,no_sharing,15.3586,49.3376
gestureclass,no_sharing,15.3601,71.7947
gestureclass,no_sharing,15.3627,69.2818
gestureclass,no_sharing,15.4222,30.3702
gestureclass,no_sharing,15.4824,24.0204
gestureclass,no_sharing,15.4829,52.1781
gestureclass,no_sharing,15.4831,51.9447
gestureclass,no_sharing,15.4907,75.3081
gestureclass,no_sharing,15.5076,102.7133
gestureclass,no_sharing,15.5161,94.4927
gestureclass,no_sharing,15.5168,93.8039
gestureclass,no_sharing,15.5251,85.4933
gestureclass,no_sharing,15.5311,79.5033
gestureclass,no_sharing,15.5537,86.3199
gestureclass,no_sharing,15.5562,83.9944
gestureclass,no_sharing,15.5702,101.0659
gestureclass,no_sharing,15.6272,70.1206
gestureclass,no_sharing,15.6408,78.3839
gestureclass,no_sharing,15.6705,78.588
gestureclass,no_sharing,15.6748,75.0132
gestureclass,no_sharing,15.6766,73.2126
gestureclass,no_sharing,15.6837,66.1335
gestureclass,no_sharing,15.7039,71.4676
gestureclass,no_sharing,15.7087,66.8547
gestureclass,no_sharing,15.7136,61.9404
gestureclass,no_sharing,15.7345,61.8656
gestureclass,no_sharing,15.7782,39.4366
gestureclass,no_sharing,15.8065,34.2569
gestureclass,no_sharing,15.8141,57.0982
gestureclass,no_sharing,15.8382,57.7993
gestureclass,no_sharing,15.8399,95.9449
gestureclass,no_sharing,15.8449,90.8916
gestureclass,no_sharing,15.8484,87.5385
gestureclass,no_sharing,15.859,76.9815
gestureclass,no_sharing,15.8619,74.218
gestureclass,no_sharing,15.9003,61.1715
gestureclass,no_sharing,15.9008,97.7054
gestureclass,no_sharing,15.9113,87.1644
gestureclass,no_sharing,15.913,85.5153
gestureclass,no_sharing,15.9166,81.9497
gestureclass,no_sharing,15.9292,69.3901
gestureclass,no_sharing,15.9743,44.2851
gestureclass,no_sharing,15.9761,77.6968
gestureclass,no_sharing,15.9898,64.2128
gestureclass,no_sharing,16.0057,75.0518
gestureclass,no_sharing,16.0452,61.1773
gestureclass,no_sharing,16.0762,60.95
gestureclass,no_sharing,16.1036,56.8545
gestureclass,no_sharing,16.1467,40.858
gestureclass,no_sharing,16.158,59.7167
gestureclass,no_sharing,16.1728,65.9952
gestureclass,no_sharing,16.1991,74.3589
gestureclass,no_sharing,16.2057,68.0068
gestureclass,no_sharing,16.2061,67.733
gestureclass,no_sharing,16.2077,66.2482
gestureclass,no_sharing,16.2651,34.4696
gestureclass,no_sharing,16.3616,24.9031
gestureclass,no_sharing,16.3764,32.8565
gestureclass,no_sharing,16.4192,21.8475
gestureclass,no_sharing,16.4442,22.7034
gestureclass,no_sharing,16.4499,41.4152
gestureclass,no_sharing,16.4557,68.3019
gestureclass,no_sharing,16.4771,69.9079
gestureclass,no_sharing,16.4841,63.0276
gestureclass,no_sharing,16.5121,68.1508
gestureclass,no_sharing,16.5122,68.2192
gestureclass,no_sharing,16.5195,62.2239
gestureclass,no_sharing,16.5256,76.5526
gestureclass,no_sharing,16.5503,86.066
gestureclass,no_sharing,16.5538,82.5088
gestureclass,no_sharing,16.5614,75.0082
gestureclass,no_sharing,16.5959,61.2602
gestureclass,no_sharing,16.6123,70.538
gestureclass,no_sharing,16.6249,57.9326
gestureclass,no_sharing,16.6498,54.9412
gestureclass,no_sharing,16.6672,56.7684
gestureclass,no_sharing,16.6845,63.9217
gestureclass,no_sharing,16.6901,58.5284
gestureclass,no_sharing,16.7109,57.4162
gestureclass,no_sharing,16.7598,30.6284
gestureclass,no_sharing,16.7695,40.0748
gestureclass,no_sharing,16.7868,44.2193
gestureclass,no_sharing,16.8075,48.6016
gestureclass,no_sharing,16.8118,73.4606
gestureclass,no_sharing,16.812,73.2107
gestureclass,no_sharing,16.8381,79.0076
gestureclass,no_sharing,16.8417,75.4347
gestureclass,no_sharing,16.8493,67.8372
gestureclass,no_sharing,16.854,63.5343
gestureclass,no_sharing,16.8613,86.4594
gestureclass,no_sharing,16.8884,91.7468
gestureclass,no_sharing,16.9028,77.594
gestureclass,no_sharing,16.9062,74.1253
gestureclass,no_sharing,16.9203,85.0141
gestureclass,no_sharing,16.9258,79.5689
gestureclass,no_sharing,16.9536,85.6409
gestureclass,no_sharing,16.9667,72.5756
gestureclass,no_sharing,17.0006,61.2533
gestureclass,no_sharing,17.0252,59.3445
gestureclass,no_sharing,17.0443,74.0466
gestureclass,no_sharing,17.0607,80.2767
gestureclass,no_sharing,17.0893,94.3034
gestureclass,no_sharing,17.0907,93.092
gestureclass,no_sharing,17.0925,91.9857
gestureclass,no_sharing,17.1054,79.4222
gestureclass,no_sharing,17.1069,78.7683
gestureclass,no_sharing,17.116,107.5017
gestureclass,no_sharing,17.1184,105.1564
gestureclass,no_sharing,17.1237,99.8175
gestureclass,no_sharing,17.1237,99.8051
gestureclass,no_sharing,17.2134,30.7064
gestureclass,no_sharing,17.2228,44.7443
gestureclass,no_sharing,17.2463,43.9143
gestureclass,no_sharing,17.247,67.7645
gestureclass,no_sharing,17.2686,71.811
gestureclass,no_sharing,17.2873,53.1881
gestureclass,no_sharing,17.2948,71.3904
gestureclass,no_sharing,17.3143,78.2092
gestureclass,no_sharing,17.3308,61.8267
gestureclass,no_sharing,17.3362,56.4125
gestureclass,no_sharing,17.3399,91.6181
gestureclass,no_sharing,17.3406,91.1951
gestureclass,no_sharing,17.3494,82.5074
gestureclass,no_sharing,17.3645,68.1331
gestureclass,no_sharing,17.3927,70.189
gestureclass,no_sharing,17.4173,74.6777
gestureclass,no_sharing,17.4237,68.2936
gestureclass,no_sharing,17.4398,72.3376
gestureclass,no_sharing,17.482,61.1217
gestureclass,no_sharing,17.4951,68.5768
gestureclass,no_sharing,17.5344,55.0864
gestureclass,no_sharing,17.5359,53.7663
gestureclass,no_sharing,17.5509,58.9294
gestureclass,no_sharing,17.5709,65.2785
gestureclass,no_sharing,17.5709,65.7377
gestureclass,no_sharing,17.622,44.7514
gestureclass,no_sharing,17.6468,39.3963
gestureclass,no_sharing,17.7145,28.332
gestureclass,no_sharing,17.7638,29.5255
gestureclass,no_sharing,17.7675,46.4861
gestureclass,no_sharing,17.7839,54.6427
gestureclass,no_sharing,17.7911,47.4102
gestureclass,no_sharing,17.8128,47.1368
gestureclass,no_sharing,17.8359,51.5945
gestureclass,no_sharing,17.8417,73.8664
gestureclass,no_sharing,17.8493,66.747
gestureclass,no_sharing,17.8586,57.4582
gestureclass,no_sharing,17.8641,79.0336
gestureclass,no_sharing,17.8658,77.3952
gestureclass,no_sharing,17.8703,72.8393
gestureclass,no_sharing,17.8917,81.0163
gestureclass,no_sharing,17.9009,71.7883
gestureclass,no_sharing,17.9192,74.3773
gestureclass,no_sharing,17.9978,23.4468
gestureclass,no_sharing,18.0005,42.5394
gestureclass,no_sharing,18.0081,55.5718
gestureclass,no_sharing,18.0499,34.4942
gestureclass,no_sharing,18.1095,23.2656
gestureclass,no_sharing,18.1202,34.5287
gestureclass,no_sharing,18.1381,37.1346
gestureclass,no_sharing,18.1407,52.8653
gestureclass,no_sharing,18.2224,26.0353
gestureclass,no_sharing,18.2366,41.2405
gestureclass,no_sharing,18.2376,62.6576
gestureclass,no_sharing,18.2919,38.3298
gestureclass,no_sharing,18.3065,54.0922
gestureclass,no_sharing,18.3474,34.2221
gestureclass,no_sharing,18.3605,43.5221
gestureclass,no_sharing,18.3621,74.4359
gestureclass,no_sharing,18.3787,58.0654
gestureclass,no_sharing,18.3904,72.0596
gestureclass,no_sharing,18.4311,61.3639
gestureclass,no_sharing,18.4656,52.2995
gestureclass,no_sharing,18.4801,57.9755
gestureclass,no_sharing,18.4964,74.23
gestureclass,no_sharing,18.507,63.5738
gestureclass,no_sharing,18.5172,75.3787
gestureclass,no_sharing,18.5313,61.4731
gestureclass,no_sharing,18.5446,73.4723
gestureclass,no_sharing,18.5674,50.7412
gestureclass,no_sharing,18.569,75.4192
gestureclass,no_sharing,18.6047,63.0016
gestureclass,no_sharing,18.6518,36.4079
gestureclass,no_sharing,18.6534,68.7668
gestureclass,no_sharing,18.6572,64.981
gestureclass,no_sharing,18.6894,60.0121
gestureclass,no_sharing,18.7097,72.9237
gestureclass,no_sharing,18.7174,65.582
gestureclass,no_sharing,18.7234,83.688
gestureclass,no_sharing,18.7321,75.1529
gestureclass,no_sharing,18.7468,89.7012
gestureclass,no_sharing,18.7676,68.9461
gestureclass,no_sharing,18.7782,58.4106
gestureclass,no_sharing,18.7826,79.4659
gestureclass,no_sharing,18.8041,57.9653
gestureclass,no_sharing,18.8324,59.6907
gestureclass,no_sharing,18.836,79.5491
gestureclass,no_sharing,18.8424,73.1394
gestureclass,no_sharing,18.8684,73.0121
gestureclass,no_sharing,18.8684,72.9799
gestureclass,no_sharing,18.8711,70.3018
gestureclass,no_sharing,18.9031,60.986
gestureclass,no_sharing,18.9099,54.177
gestureclass,no_sharing,18.9268,56.4623
gestureclass,no_sharing,18.9584,55.2404
gestureclass,no_sharing,18.9729,64.3871
gestureclass,no_sharing,18.9992,69.9553
gestureclass,no_sharing,19.0093,59.9098
gestureclass,no_sharing,19.0254,67.6017
gestureclass,no_sharing,19.0291,63.8604
gestureclass,no_sharing,19.0385,74.9662
gestureclass,no_sharing,19.0819,54.9467
gestureclass,no_sharing,19.1365,27.0791
gestureclass,no_sharing,19.1427,46.0284
gestureclass,no_sharing,19.1609,55.2161
gestureclass,no_sharing,19.1942,44.1766
gestureclass,no_sharing,19.1985,63.7696
gestureclass,no_sharing,19.2274,62.3605
gestureclass,no_sharing,19.2357,54.0476
gestureclass,no_sharing,19.2311,58.6672
gestureclass,no_sharing,19.2446,75.7561
gestureclass,no_sharing,19.2483,72.1965
gestureclass,no_sharing,19.2644,82.1099
gestureclass,no_sharing,19.2788,67.9927
gestureclass,no_sharing,19.2789,67.9719
gestureclass,no_sharing,19.3404,36.7405
gestureclass,no_sharing,19.3404,59.0363
gestureclass,no_sharing,19.3434,56.1001
gestureclass,no_sharing,19.3555,65.8147
gestureclass,no_sharing,19.3611,60.5416
gestureclass,no_sharing,19.3873,54.976
gestureclass,no_sharing,19.4046,63.8158
gestureclass,no_sharing,19.414,54.4341
gestureclass,no_sharing,19.4145,53.9598
gestureclass,no_sharing,19.4284,58.866
gestureclass,no_sharing,19.4575,48.5938
gestureclass,no_sharing,19.5014,24.2684
gestureclass,no_sharing,19.5014,42.2943
gestureclass,no_sharing,19.5163,50.0498
gestureclass,no_sharing,19.5181,48.4149
gestureclass,no_sharing,19.5635,20.1046
gestureclass,no_sharing,19.5987,22.8734
gestureclass,no_sharing,19.6112,35.773
gestureclass,no_sharing,19.634,40.0937
gestureclass,no_sharing,19.6461,56.4725
gestureclass,no_sharing,19.6591,69.1545
gestureclass,no_sharing,19.698,52.5107
gestureclass,no_sharing,19.7179,63.4491
gestureclass,no_sharing,19.7179,63.6046
gestureclass,no_sharing,19.7324,72.7601
gestureclass,no_sharing,19.7456,59.7134
gestureclass,no_sharing,19.753,89.8578
gestureclass,no_sharing,19.7558,87.1458
gestureclass,no_sharing,19.7837,87.5049
gestureclass,no_sharing,19.7942,77.0833
gestureclass,no_sharing,19.8095,85.5644
gestureclass,no_sharing,19.86,56.3233
gestureclass,no_sharing,19.909,30.6897
gestureclass,no_sharing,19.9137,45.3687
gestureclass,no_sharing,19.9266,62.7654
gestureclass,no_sharing,19.9315,57.8287
gestureclass,no_sharing,19.9321,57.2479
gestureclass,no_sharing,19.9602,59.2692
gestureclass,no_sharing,19.9831,55.5151
gestureclass,no_sharing,19.9995,57.9541
gestureclass,no_sharing,19.9995,57.9965
