task,send_elapsed_s,latency_ms,server_exec_ms,worker_id
ecgclass__app3,0.0005,477.477,473.908,0
ecgclass__app4,0.0005,493.332,489.563,0
ecgclass__app3,0.4780,204.284,202.486,0
ecgclass__app4,0.4939,211.722,209.937,0
ecgclass__app5,0.0006,713.463,710.063,0
ecgclass,0.0002,714.805,711.654,0
ecgclass__app1,0.0003,725.390,721.549,0
ecgclass__app2,0.0004,732.084,728.944,0
ecgclass__app3,0.6823,191.833,190.392,0
ecgclass__app4,0.7056,207.753,206.035,0
ecgclass,0.7150,214.771,213.024,0
ecgclass__app5,0.7141,217.442,214.777,0
ecgclass__app1,0.7257,214.687,212.839,0
ecgclass__app2,0.7325,215.066,213.453,0
ecgclass__app3,0.8741,217.391,215.871,0
ecgclass__app4,0.9134,217.242,215.896,0
ecgclass__app5,0.9315,221.353,219.865,0
ecgclass,0.9298,223.680,221.622,0
ecgclass__app1,0.9404,219.547,218.085,0
ecgclass__app2,0.9476,217.761,216.434,0
ecgclass__app3,1.0915,214.440,212.945,0
ecgclass__app4,1.1307,219.403,217.962,0
ecgclass__app5,1.1529,222.151,220.431,0
ecgclass,1.1535,221.719,220.207,0
ecgclass__app1,1.1600,222.886,221.447,0
ecgclass__app2,1.1654,220.309,219.041,0
ecgclass__app3,1.3060,220.929,219.446,0
ecgclass__app4,1.3501,220.736,219.070,0
ecgclass__app5,1.3751,220.346,218.688,0
ecgclass,1.3752,220.808,219.173,0
ecgclass__app2,1.3857,217.004,214.930,0
ecgclass__app1,1.3829,220.034,218.427,0
ecgclass__app3,1.5270,214.650,213.121,0
ecgclass__app4,1.5708,215.240,213.675,0
ecgclass__app5,1.5954,215.310,213.317,0
ecgclass,1.5960,220.584,218.981,0
ecgclass__app2,1.6027,219.631,218.178,0
ecgclass__app1,1.6030,220.267,218.983,0
ecgclass__app3,1.7416,217.873,216.337,0
ecgclass__app4,1.7861,217.433,215.754,0
ecgclass__app5,1.8108,215.489,214.054,0
ecgclass,1.8167,219.029,217.522,0
ecgclass__app2,1.8224,216.105,214.771,0
ecgclass__app1,1.8232,219.668,218.358,0
ecgclass__app3,1.9595,221.357,219.805,0
ecgclass__app4,2.0036,221.087,219.473,0
ecgclass__app5,2.0263,213.027,211.574,0
ecgclass__app2,2.0385,217.453,215.992,0
ecgclass,2.0357,221.153,219.743,0
ecgclass__app1,2.0429,222.028,220.704,0
ecgclass__app3,2.1809,218.574,216.933,0
ecgclass__app4,2.2247,215.879,214.384,0
ecgclass__app5,2.2393,215.208,213.878,0
ecgclass__app2,2.2559,215.137,213.568,0
ecgclass,2.2569,219.266,217.811,0
ecgclass__app1,2.2650,218.343,216.864,0
ecgclass__app3,2.3995,218.597,216.862,0
ecgclass__app4,2.4406,214.835,213.373,0
ecgclass__app5,2.4546,212.190,210.903,0
ecgclass__app2,2.4711,216.326,214.799,0
ecgclass,2.4762,217.144,215.708,0
ecgclass__app1,2.4833,217.428,216.105,0
ecgclass__app3,2.6181,218.998,217.448,0
ecgclass__app4,2.6554,220.793,218.983,0
ecgclass__app5,2.6668,217.306,216.009,0
ecgclass__app2,2.6874,217.817,216.419,0
ecgclass,2.6933,219.072,217.734,0
ecgclass__app1,2.7008,220.620,219.218,0
ecgclass__app3,2.8371,213.037,211.661,0
ecgclass__app4,2.8762,218.283,216.642,0
ecgclass__app5,2.8841,218.071,216.552,0
ecgclass__app2,2.9053,217.736,216.150,0
ecgclass,2.9124,213.040,211.667,0
ecgclass__app1,2.9214,216.418,214.892,0
ecgclass__app3,3.0502,212.551,211.212,0
ecgclass__app4,3.0945,216.780,215.168,0
ecgclass__app5,3.1022,215.509,214.132,0
ecgclass__app2,3.1230,218.136,216.606,0
ecgclass,3.1255,220.323,218.866,0
ecgclass__app1,3.1379,218.814,217.250,0
ecgclass__app3,3.2628,214.867,213.513,0
ecgclass__app4,3.3113,219.121,217.582,0
ecgclass__app5,3.3177,213.019,211.459,0
ecgclass__app2,3.3412,213.298,211.745,0
ecgclass,3.3458,216.444,215.018,0
ecgclass__app1,3.3567,213.030,211.721,0
ecgclass__app3,3.4777,215.594,214.224,0
ecgclass__app4,3.5305,219.054,217.477,0
ecgclass__app5,3.5308,219.258,217.393,0
ecgclass__app2,3.5545,218.523,216.919,0
ecgclass,3.5623,214.823,213.526,0
ecgclass__app1,3.5697,212.523,211.352,0
ecgclass__app3,3.6933,215.976,214.621,0
ecgclass__app4,3.7495,220.605,218.953,0
ecgclass__app5,3.7500,220.639,218.763,0
ecgclass__app2,3.7731,215.285,213.793,0
ecgclass,3.7771,216.213,214.818,0
ecgclass__app1,3.7823,217.184,215.931,0
ecgclass__app3,3.9093,216.195,214.800,0
ecgclass__app4,3.9702,215.605,214.008,0
ecgclass__app5,3.9707,219.146,217.125,0
ecgclass__app2,3.9884,218.080,216.458,0
ecgclass,3.9934,215.623,214.173,0
ecgclass__app1,3.9995,215.971,214.697,0
ecgclass__app3,4.1255,215.972,214.637,0
ecgclass__app4,4.1858,220.138,218.523,0
ecgclass__app5,4.1898,220.130,218.714,0
ecgclass__app2,4.2065,217.733,216.236,0
ecgclass,4.2090,219.636,218.118,0
ecgclass__app1,4.2155,215.554,214.399,0
ecgclass__app3,4.3415,214.561,213.120,0
ecgclass__app4,4.4060,215.928,214.379,0
ecgclass__app5,4.4100,216.359,214.900,0
ecgclass__app2,4.4242,217.657,216.072,0
ecgclass,4.4287,216.983,215.619,0
ecgclass__app1,4.4310,216.467,215.303,0
ecgclass__app3,4.5560,213.987,212.531,0
ecgclass__app4,4.6219,218.219,216.667,0
ecgclass__app5,4.6264,217.906,216.458,0
ecgclass__app2,4.6419,219.186,217.448,0
ecgclass,4.6457,218.092,216.659,0
ecgclass__app1,4.6475,216.885,215.624,0
ecgclass__app3,4.7700,219.711,218.247,0
ecgclass__app4,4.8401,216.284,214.898,0
ecgclass__app5,4.8443,216.588,215.202,0
ecgclass__app1,4.8644,215.944,214.490,0
ecgclass__app2,4.8611,219.761,218.012,0
ecgclass,4.8638,217.678,216.160,0
ecgclass__app3,4.9898,215.260,213.790,0
ecgclass__app4,5.0564,220.759,219.283,0
ecgclass__app5,5.0609,216.461,214.827,0
ecgclass,5.0815,216.830,215.443,0
ecgclass__app1,5.0804,218.223,216.424,0
ecgclass__app2,5.0809,217.984,216.430,0
ecgclass__app3,5.2050,211.442,209.976,0
ecgclass__app5,5.2774,218.504,216.988,0
ecgclass__app4,5.2772,218.783,217.044,0
ecgclass,5.2983,216.573,215.037,0
ecgclass__app2,5.2989,219.370,218.031,0
ecgclass__app1,5.2986,220.612,219.153,0
ecgclass__app3,5.4165,211.282,209.905,0
ecgclass__app4,5.4960,215.409,213.924,0
ecgclass__app5,5.4959,215.657,214.024,0
ecgclass,5.5149,217.074,215.630,0
ecgclass__app1,5.5193,218.342,216.979,0
ecgclass__app2,5.5183,219.799,217.580,0
ecgclass__app3,5.6278,212.268,210.877,0
ecgclass__app4,5.7114,221.218,219.670,0
ecgclass__app5,5.7116,221.393,219.814,0
ecgclass,5.7320,214.938,213.611,0
ecgclass__app2,5.7381,216.262,214.832,0
ecgclass__app1,5.7376,217.354,215.934,0
ecgclass__app3,5.8401,215.615,214.119,0
ecgclass__app4,5.9327,218.288,216.755,0
ecgclass__app5,5.9330,219.990,218.474,0
ecgclass,5.9470,218.709,217.374,0
ecgclass__app2,5.9543,217.968,216.614,0
ecgclass__app1,5.9550,218.476,217.233,0
ecgclass__app3,6.0557,216.747,215.299,0
ecgclass__app4,6.1510,215.533,213.977,0
ecgclass__app5,6.1530,219.056,217.833,0
ecgclass,6.1657,215.756,214.471,0
ecgclass__app2,6.1723,215.705,214.223,0
ecgclass__app1,6.1735,215.824,214.545,0
ecgclass__app3,6.2725,217.088,215.499,0
ecgclass__app4,6.3665,217.157,215.498,0
ecgclass__app5,6.3721,217.790,216.349,0
ecgclass,6.3815,213.039,211.752,0
ecgclass__app2,6.3881,214.922,213.479,0
ecgclass__app1,6.3893,214.986,213.687,0
ecgclass__app3,6.4896,218.826,217.233,0
ecgclass__app4,6.5837,221.648,219.982,0
ecgclass__app5,6.5899,218.783,217.300,0
ecgclass,6.5945,216.522,215.286,0
ecgclass__app2,6.6030,214.934,213.745,0
ecgclass__app1,6.6043,218.515,217.157,0
ecgclass__app3,6.7085,217.571,215.911,0
ecgclass__app4,6.8054,218.023,216.440,0
ecgclass__app5,6.8087,218.548,216.993,0
ecgclass,6.8111,218.572,217.430,0
ecgclass__app2,6.8179,216.768,215.483,0
ecgclass__app1,6.8228,217.321,216.041,0
ecgclass__app3,6.9261,220.236,218.635,0
ecgclass__app4,7.0234,216.337,214.850,0
ecgclass__app5,7.0272,218.216,216.770,0
ecgclass,7.0297,219.066,217.716,0
ecgclass__app2,7.0347,216.629,215.473,0
ecgclass__app1,7.0402,216.205,215.103,0
ecgclass__app3,7.1463,218.544,216.980,0
ecgclass__app4,7.2398,218.837,217.314,0
ecgclass__app5,7.2455,218.114,216.651,0
ecgclass,7.2487,218.859,217.401,0
ecgclass__app2,7.2514,218.313,217.131,0
ecgclass__app1,7.2564,216.829,215.647,0
ecgclass__app3,7.3649,216.466,214.823,0
ecgclass__app4,7.4586,221.137,219.576,0
ecgclass__app5,7.4636,218.347,217.019,0
ecgclass,7.4676,218.833,217.566,0
ecgclass__app2,7.4697,219.635,218.296,0
ecgclass__app1,7.4732,218.983,217.859,0
ecgclass__app3,7.5814,211.492,210.121,0
ecgclass__app4,7.6798,217.812,216.241,0
ecgclass__app5,7.6820,219.638,218.262,0
ecgclass,7.6865,220.349,218.962,0
ecgclass__app2,7.6894,218.358,216.942,0
ecgclass__app1,7.6922,216.685,215.480,0
ecgclass__app3,7.7929,213.248,211.832,0
ecgclass__app4,7.8976,217.909,216.170,0
ecgclass__app5,7.9016,216.238,214.908,0
ecgclass,7.9068,215.829,214.554,0
ecgclass__app2,7.9078,218.784,217.346,0
ecgclass__app1,7.9089,221.393,219.243,0
ecgclass__app3,8.0062,215.798,214.086,0
ecgclass__app4,8.1156,218.577,216.889,0
ecgclass__app5,8.1179,220.277,218.837,0
ecgclass,8.1227,219.952,218.749,0
ecgclass__app2,8.1266,219.359,218.084,0
ecgclass__app1,8.1303,217.988,216.752,0
ecgclass__app3,8.2220,211.107,209.570,0
ecgclass__app4,8.3342,217.146,215.573,0
ecgclass__app5,8.3382,218.095,216.794,0
ecgclass,8.3426,216.870,215.380,0
ecgclass__app2,8.3459,217.463,216.195,0
ecgclass__app1,8.3483,218.313,216.983,0
ecgclass__app3,8.4331,214.076,212.767,0
ecgclass__app4,8.5513,219.495,217.820,0
ecgclass__app5,8.5563,222.301,220.867,0
ecgclass,8.5595,220.261,218.841,0
ecgclass__app2,8.5634,217.348,216.222,0
ecgclass__app1,8.5667,218.302,217.003,0
ecgclass__app3,8.6472,210.378,209.027,0
ecgclass__app4,8.7709,216.620,214.871,0
ecgclass__app5,8.7786,219.229,217.854,0
ecgclass,8.7798,218.361,216.854,0
ecgclass__app1,8.7850,216.151,214.934,0
ecgclass__app2,8.7808,221.140,218.768,0
ecgclass__app3,8.8576,213.773,212.170,0
ecgclass__app4,8.9875,216.733,214.976,0
ecgclass__app5,8.9978,218.843,217.418,0
ecgclass__app2,9.0019,216.261,215.122,0
ecgclass,8.9982,220.493,219.082,0
ecgclass__app1,9.0012,217.959,216.775,0
ecgclass__app3,9.0714,216.218,214.772,0
ecgclass__app4,9.2042,217.330,215.664,0
ecgclass__app5,9.2167,216.720,215.161,0
ecgclass__app1,9.2191,217.315,216.047,0
ecgclass__app2,9.2182,218.624,217.261,0
ecgclass,9.2187,218.954,217.772,0
ecgclass__app3,9.2876,212.939,211.511,0
ecgclass__app4,9.4216,216.686,215.007,0
ecgclass__app2,9.4368,214.354,213.034,0
ecgclass__app5,9.4334,219.939,218.482,0
ecgclass__app1,9.4365,219.632,218.270,0
ecgclass,9.4376,219.532,218.263,0
ecgclass__app3,9.5006,220.229,218.500,0
ecgclass__app4,9.6383,210.639,209.214,0
ecgclass__app2,9.6512,219.340,217.894,0
ecgclass,9.6572,217.109,215.846,0
ecgclass__app1,9.6561,218.513,217.045,0
ecgclass__app5,9.6534,222.317,220.968,0
ecgclass__app3,9.7209,217.031,215.446,0
ecgclass__app4,9.8490,211.766,210.340,0
ecgclass,9.8743,216.052,214.540,0
ecgclass__app1,9.8747,215.831,214.368,0
ecgclass__app2,9.8706,220.248,218.497,0
ecgclass__app5,9.8757,218.920,217.459,0
ecgclass__app3,9.9379,216.230,214.709,0
ecgclass__app4,10.0607,213.563,211.801,0
ecgclass__app1,10.0905,215.566,214.071,0
ecgclass,10.0904,216.835,215.428,0
ecgclass__app2,10.0908,218.854,217.496,0
ecgclass__app5,10.0947,218.975,217.580,0
ecgclass__app3,10.1542,216.717,215.139,0
ecgclass__app4,10.2744,219.916,218.311,0
ecgclass__app1,10.3061,215.596,214.203,0
ecgclass,10.3072,215.568,214.341,0
ecgclass__app2,10.3097,220.326,218.948,0
ecgclass__app5,10.3137,217.124,215.784,0
ecgclass__app3,10.3709,219.862,218.289,0
ecgclass__app4,10.4943,216.549,215.142,0
ecgclass__app1,10.5217,214.455,212.585,0
ecgclass,10.5228,214.631,213.305,0
ecgclass__app2,10.5301,218.369,216.797,0
ecgclass__app5,10.5308,218.002,216.310,0
ecgclass__app3,10.5908,219.761,218.132,0
ecgclass__app4,10.7109,214.503,212.816,0
ecgclass__app1,10.7362,216.481,214.862,0
ecgclass,10.7375,219.230,217.800,0
ecgclass__app5,10.7488,214.522,213.153,0
ecgclass__app2,10.7485,217.097,215.788,0
ecgclass__app3,10.8106,217.128,215.553,0
ecgclass__app4,10.9254,216.815,215.164,0
ecgclass__app1,10.9527,220.713,218.968,0
ecgclass,10.9567,217.628,216.165,0
ecgclass__app5,10.9634,217.338,216.175,0
ecgclass__app2,10.9656,216.210,215.069,0
ecgclass__app3,11.0277,219.600,217.947,0
ecgclass__app4,11.1422,219.270,217.583,0
ecgclass,11.1744,221.119,219.522,0
ecgclass__app1,11.1734,222.713,221.202,0
ecgclass__app5,11.1807,220.149,218.940,0
ecgclass__app2,11.1818,219.799,218.581,0
ecgclass__app3,11.2473,218.082,216.458,0
ecgclass__app4,11.3615,215.850,214.167,0
ecgclass,11.3955,218.128,216.541,0
ecgclass__app1,11.3962,219.901,218.462,0
ecgclass__app5,11.4009,216.911,215.649,0
ecgclass__app2,11.4016,217.496,216.275,0
ecgclass__app3,11.4654,215.022,213.541,0
ecgclass__app4,11.5774,217.293,215.708,0
ecgclass__app1,11.6161,217.441,215.367,0
ecgclass,11.6136,220.888,219.506,0
ecgclass__app2,11.6191,218.115,216.864,0
ecgclass__app5,11.6178,219.877,218.250,0
ecgclass__app3,11.6805,210.928,209.556,0
ecgclass__app4,11.7947,219.123,217.487,0
ecgclass__app1,11.8335,218.616,217.024,0
ecgclass,11.8346,218.651,217.261,0
ecgclass__app2,11.8372,218.625,217.171,0
ecgclass__app5,11.8377,219.018,217.681,0
ecgclass__app3,11.8914,210.015,208.657,0
ecgclass__app4,12.0139,215.091,213.447,0
ecgclass,12.0532,218.508,216.966,0
ecgclass__app1,12.0522,220.228,218.787,0
ecgclass__app2,12.0559,220.076,218.788,0
ecgclass__app5,12.0567,219.591,218.219,0
ecgclass__app3,12.1015,212.192,210.494,0
ecgclass__app4,12.2290,214.041,212.286,0
ecgclass,12.2718,221.678,219.983,0
ecgclass__app5,12.2763,217.278,215.447,0
ecgclass__app1,12.2724,221.661,219.931,0
ecgclass__app2,12.2760,220.325,218.843,0
ecgclass__app3,12.3137,215.886,214.357,0
ecgclass__app4,12.4430,214.458,212.804,0
ecgclass__app1,12.4941,220.158,218.289,0
ecgclass__app5,12.4936,220.831,219.171,0
ecgclass,12.4935,222.479,221.030,0
ecgclass__app2,12.4963,220.478,219.221,0
ecgclass__app3,12.5296,210.906,209.444,0
ecgclass__app4,12.6575,213.814,212.125,0
ecgclass__app1,12.7143,217.106,214.771,0
ecgclass__app5,12.7144,217.446,215.992,0
ecgclass__app2,12.7168,219.757,217.851,0
ecgclass,12.7159,221.581,220.298,0
ecgclass__app3,12.7405,212.371,210.970,0
ecgclass__app4,12.8713,217.521,215.856,0
ecgclass__app5,12.9319,220.108,218.665,0
ecgclass__app1,12.9314,221.051,219.165,0
ecgclass,12.9375,218.216,216.982,0
ecgclass__app2,12.9366,220.600,219.365,0
ecgclass__app3,12.9529,211.605,210.195,0
ecgclass__app4,13.0889,215.174,213.699,0
ecgclass__app5,13.1520,218.888,217.214,0
ecgclass__app1,13.1525,219.359,217.966,0
ecgclass,13.1558,220.722,219.269,0
ecgclass__app2,13.1572,221.502,220.139,0
ecgclass__app3,13.1645,215.451,214.275,0
ecgclass__app4,13.3041,212.498,210.978,0
ecgclass__app5,13.3709,218.969,217.301,0
ecgclass__app1,13.3718,218.784,217.269,0
ecgclass__app3,13.3800,215.901,214.562,0
ecgclass__app2,13.3787,217.584,215.861,0
ecgclass,13.3765,220.883,218.247,0
ecgclass__app4,13.5166,212.140,210.792,0
ecgclass__app5,13.5899,213.885,212.155,0
ecgclass__app1,13.5906,220.049,218.606,0
ecgclass__app3,13.5959,218.391,216.502,0
ecgclass__app2,13.5963,218.544,216.381,0
ecgclass,13.5974,221.618,219.166,0
ecgclass__app4,13.7288,214.117,212.511,0
ecgclass__app5,13.8038,214.640,213.047,0
ecgclass__app3,13.8143,216.508,214.947,0
ecgclass__app1,13.8107,221.603,220.193,0
ecgclass__app2,13.8148,220.805,219.525,0
ecgclass,13.8191,220.017,218.777,0
ecgclass__app4,13.9429,221.169,219.462,0
ecgclass__app5,14.0185,215.481,214.098,0
ecgclass__app3,14.0308,215.410,214.106,0
ecgclass__app1,14.0323,218.206,216.852,0
ecgclass__app2,14.0357,219.669,218.336,0
ecgclass,14.0391,220.329,218.953,0
ecgclass__app4,14.1641,218.171,216.509,0
ecgclass__app5,14.2340,215.314,213.894,0
ecgclass__app3,14.2463,215.535,214.093,0
ecgclass__app1,14.2506,215.938,214.529,0
ecgclass__app2,14.2554,218.212,216.820,0
ecgclass,14.2594,220.592,219.157,0
ecgclass__app4,14.3823,215.745,214.103,0
ecgclass__app5,14.4493,213.347,211.887,0
ecgclass__app3,14.4618,216.980,215.579,0
ecgclass__app1,14.4665,214.588,213.205,0
ecgclass__app2,14.4736,216.979,215.483,0
ecgclass,14.4800,218.012,216.536,0
ecgclass__app4,14.5980,219.114,217.409,0
ecgclass__app5,14.6627,219.124,217.459,0
ecgclass__app3,14.6788,215.702,214.308,0
ecgclass__app1,14.6811,214.841,213.667,0
ecgclass__app2,14.6906,217.581,216.132,0
ecgclass,14.6981,218.189,216.671,0
ecgclass__app4,14.8172,220.795,219.208,0
ecgclass__app5,14.8819,216.930,215.228,0
ecgclass__app3,14.8945,215.589,214.237,0
ecgclass__app1,14.8960,218.242,217.056,0
ecgclass__app2,14.9082,217.273,215.808,0
ecgclass,14.9163,217.241,215.847,0
ecgclass__app4,15.0380,218.089,216.377,0
ecgclass__app5,15.0988,218.766,217.137,0
ecgclass__app3,15.1101,218.405,217.014,0
ecgclass__app1,15.1143,217.666,216.516,0
ecgclass__app2,15.1255,214.393,213.113,0
ecgclass,15.1335,219.193,217.817,0
ecgclass__app4,15.2561,219.728,218.091,0
ecgclass__app5,15.3176,217.010,215.421,0
ecgclass__app3,15.3286,213.867,212.530,0
ecgclass__app1,15.3319,216.784,215.564,0
ecgclass__app2,15.3399,218.311,216.975,0
ecgclass,15.3527,217.031,215.575,0
ecgclass__app4,15.4759,215.550,213.952,0
ecgclass__app5,15.5346,220.397,218.807,0
ecgclass__app3,15.5425,219.007,217.750,0
ecgclass__app1,15.5487,219.721,218.466,0
ecgclass__app2,15.5582,219.461,218.053,0
ecgclass,15.5698,218.947,217.489,0
ecgclass__app4,15.6914,215.579,214.047,0
ecgclass__app5,15.7551,217.116,215.538,0
ecgclass__app3,15.7615,215.072,213.835,0
ecgclass__app1,15.7685,212.794,211.629,0
ecgclass__app2,15.7777,217.269,215.768,0
ecgclass,15.7888,216.705,215.249,0
ecgclass__app4,15.9070,218.686,217.035,0
ecgclass__app5,15.9722,215.961,214.320,0
ecgclass__app3,15.9766,217.105,215.859,0
ecgclass__app1,15.9813,213.523,212.277,0
ecgclass__app2,15.9950,221.679,220.276,0
ecgclass,16.0055,217.679,216.290,0
ecgclass__app4,16.1257,216.533,214.937,0
ecgclass__app5,16.1882,219.411,217.829,0
ecgclass__app3,16.1937,217.267,215.990,0
ecgclass__app1,16.1948,219.497,218.333,0
ecgclass__app2,16.2167,218.653,217.249,0
ecgclass,16.2232,218.608,217.405,0
ecgclass__app4,16.3423,219.189,217.615,0
ecgclass__app3,16.4110,215.739,214.311,0
ecgclass__app5,16.4076,219.781,218.321,0
ecgclass__app1,16.4143,216.619,215.345,0
ecgclass__app2,16.4353,218.553,216.914,0
ecgclass,16.4418,214.064,212.861,0
ecgclass__app4,16.5615,216.696,215.009,0
ecgclass__app3,16.6267,218.832,217.347,0
ecgclass__app5,16.6274,219.740,218.431,0
ecgclass__app1,16.6310,220.458,219.138,0
ecgclass,16.6559,215.979,214.654,0
ecgclass__app2,16.6539,218.708,217.342,0
ecgclass__app4,16.7782,216.402,214.844,0
ecgclass__app3,16.8456,215.693,214.317,0
ecgclass__app5,16.8472,214.546,213.341,0
ecgclass__app1,16.8514,218.241,216.847,0
ecgclass__app2,16.8726,217.909,215.837,0
ecgclass,16.8719,218.842,216.962,0
ecgclass__app4,16.9946,214.402,212.837,0
ecgclass__app3,17.0613,216.524,215.129,0
ecgclass__app5,17.0617,216.490,215.175,0
ecgclass__app1,17.0697,215.371,214.001,0
ecgclass,17.0907,220.636,218.470,0
ecgclass__app2,17.0906,221.105,218.941,0
ecgclass__app4,17.2091,220.861,219.296,0
ecgclass__app3,17.2778,213.179,211.763,0
ecgclass__app5,17.2782,213.771,212.624,0
ecgclass__app1,17.2851,219.172,217.873,0
ecgclass__app2,17.3117,217.123,215.595,0
ecgclass,17.3114,218.262,216.532,0
ecgclass__app4,17.4299,215.745,214.135,0
ecgclass__app5,17.4920,218.717,217.338,0
ecgclass__app3,17.4910,220.478,219.177,0
ecgclass__app1,17.5043,214.675,213.471,0
ecgclass__app2,17.5288,217.059,215.486,0
ecgclass,17.5297,217.124,215.765,0
ecgclass__app4,17.6457,219.246,217.628,0
ecgclass__app3,17.7115,215.468,214.167,0
ecgclass__app5,17.7107,217.230,215.836,0
ecgclass__app1,17.7190,216.311,215.103,0
ecgclass,17.7468,217.956,216.201,0
ecgclass__app2,17.7459,219.435,218.018,0
ecgclass__app4,17.8650,216.861,215.296,0
ecgclass__app3,17.9270,213.821,212.439,0
ecgclass__app5,17.9280,215.715,214.506,0
ecgclass__app1,17.9353,220.210,218.792,0
ecgclass,17.9648,217.548,215.998,0
ecgclass__app2,17.9654,217.618,216.352,0
ecgclass__app4,18.0819,220.364,218.725,0
ecgclass__app3,18.1408,213.468,212.087,0
ecgclass__app5,18.1437,218.825,217.345,0
ecgclass__app1,18.1555,215.859,214.428,0
ecgclass,18.1824,215.551,214.161,0
ecgclass__app2,18.1830,220.448,218.996,0
ecgclass__app4,18.3022,219.042,217.446,0
ecgclass__app3,18.3543,214.758,213.394,0
ecgclass__app5,18.3626,220.236,218.758,0
ecgclass__app1,18.3714,219.609,218.238,0
ecgclass,18.3979,217.524,216.094,0
ecgclass__app2,18.4035,220.689,219.163,0
ecgclass__app4,18.5213,214.578,213.117,0
ecgclass__app3,18.5691,216.793,215.523,0
ecgclass__app5,18.5828,220.521,218.963,0
ecgclass__app1,18.5910,220.351,218.882,0
ecgclass,18.6155,222.986,221.439,0
ecgclass__app2,18.6242,220.173,218.661,0
ecgclass__app4,18.7359,215.612,214.195,0
ecgclass__app3,18.7859,212.989,211.693,0
ecgclass__app5,18.8034,218.195,216.609,0
ecgclass__app1,18.8114,218.203,216.684,0
ecgclass,18.8385,215.474,213.990,0
ecgclass__app2,18.8444,218.416,216.907,0
ecgclass__app4,18.9515,214.679,213.163,0
ecgclass__app3,18.9990,218.456,216.910,0
ecgclass__app5,19.0216,216.661,215.045,0
ecgclass__app1,19.0296,216.708,215.201,0
ecgclass,19.0540,217.103,215.520,0
ecgclass__app2,19.0628,216.348,214.881,0
ecgclass__app4,19.1662,218.043,216.510,0
ecgclass__app3,19.2174,217.853,216.268,0
ecgclass__app5,19.2383,213.196,211.752,0
ecgclass__app1,19.2463,218.962,217.417,0
ecgclass,19.2711,214.135,212.591,0
ecgclass__app2,19.2792,218.794,217.359,0
ecgclass__app4,19.3843,219.734,218.096,0
ecgclass__app3,19.4353,220.346,218.745,0
ecgclass__app5,19.4515,218.880,217.495,0
ecgclass__app1,19.4653,217.509,216.028,0
ecgclass,19.4853,217.901,216.532,0
ecgclass__app2,19.4980,220.013,218.467,0
ecgclass__app4,19.6041,218.668,217.163,0
ecgclass__app3,19.6557,218.286,216.694,0
ecgclass__app5,19.6704,219.781,218.423,0
ecgclass__app1,19.6829,217.544,216.128,0
ecgclass,19.7032,220.281,218.904,0
ecgclass__app2,19.7180,222.410,220.861,0
ecgclass__app4,19.8227,213.259,211.933,0
ecgclass__app3,19.8740,215.846,214.309,0
ecgclass__app5,19.8902,213.191,211.861,0
ecgclass__app1,19.9004,220.165,218.640,0
ecgclass,19.9235,219.296,217.653,0
ecgclass__app2,19.9405,223.110,221.520,0
ecgclass__app4,20.0360,218.355,216.898,0
ecgclass__app3,20.0898,220.690,219.027,0
ecgclass__app5,20.1034,213.453,212.219,0
ecgclass__app1,20.1206,213.665,212.169,0
ecgclass,20.1428,216.922,215.430,0
ecgclass__app2,20.1636,221.432,219.895,0
ecgclass__app4,20.2544,218.633,216.962,0
ecgclass__app3,20.3106,218.116,216.540,0
ecgclass__app5,20.3169,215.674,214.425,0
ecgclass__app1,20.3343,218.607,217.134,0
ecgclass,20.3597,219.074,217.475,0
ecgclass__app2,20.3850,213.158,211.519,0
ecgclass__app4,20.4730,217.218,215.468,0
ecgclass__app3,20.5287,217.274,215.810,0
ecgclass__app5,20.5326,217.072,215.798,0
ecgclass__app1,20.5529,218.053,216.481,0
ecgclass,20.5788,216.919,215.315,0
ecgclass__app2,20.5982,219.142,217.679,0
ecgclass__app4,20.6903,215.882,214.499,0
ecgclass__app5,20.7496,216.248,214.849,0
ecgclass__app3,20.7460,220.609,219.222,0
ecgclass__app1,20.7710,218.308,216.750,0
ecgclass,20.7958,220.838,219.276,0
ecgclass__app2,20.8174,219.110,217.553,0
ecgclass__app4,20.9062,217.473,216.074,0
ecgclass__app5,20.9659,215.744,214.219,0
ecgclass__app3,20.9666,218.156,216.835,0
ecgclass__app1,20.9893,219.846,218.229,0
ecgclass,21.0166,217.113,215.595,0
ecgclass__app2,21.0365,219.901,218.333,0
ecgclass__app4,21.1237,219.646,217.993,0
ecgclass__app5,21.1817,216.441,215.037,0
ecgclass__app3,21.1848,219.022,217.818,0
ecgclass__app1,21.2092,217.686,216.250,0
ecgclass,21.2338,220.276,218.729,0
ecgclass__app2,21.2564,218.640,217.244,0
ecgclass__app4,21.3433,220.716,219.010,0
ecgclass__app5,21.3981,221.720,220.279,0
ecgclass__app3,21.4038,219.824,218.528,0
ecgclass__app1,21.4269,218.084,216.643,0
ecgclass,21.4541,221.923,220.529,0
ecgclass__app2,21.4751,217.835,216.462,0
ecgclass__app4,21.5641,217.915,216.349,0
ecgclass__app5,21.6199,214.937,213.312,0
ecgclass__app3,21.6237,219.433,217.985,0
ecgclass__app1,21.6450,218.486,216.894,0
ecgclass,21.6760,216.307,214.806,0
ecgclass__app2,21.6929,218.698,217.181,0
ecgclass__app4,21.7820,215.848,214.310,0
ecgclass__app5,21.8348,219.682,218.114,0
ecgclass__app3,21.8431,221.004,219.462,0
ecgclass__app1,21.8635,217.670,216.009,0
ecgclass,21.8923,213.765,212.456,0
ecgclass__app2,21.9117,217.732,216.292,0
ecgclass__app4,21.9979,219.754,217.890,0
ecgclass__app5,22.0546,220.510,218.986,0
ecgclass__app3,22.0642,217.459,216.004,0
ecgclass__app1,22.0812,215.632,214.143,0
ecgclass,22.1061,215.246,213.927,0
ecgclass__app2,22.1294,218.881,217.447,0
ecgclass__app4,22.2177,216.842,215.208,0
ecgclass__app5,22.2751,219.248,217.683,0
ecgclass__app3,22.2816,218.563,217.063,0
ecgclass__app1,22.2968,219.911,218.376,0
ecgclass,22.3214,214.805,213.532,0
ecgclass__app2,22.3483,218.602,216.989,0
ecgclass__app4,22.4345,220.393,218.798,0
ecgclass__app5,22.4944,219.358,218.040,0
ecgclass__app3,22.5002,218.948,217.464,0
ecgclass__app1,22.5168,217.396,215.906,0
ecgclass,22.5362,215.315,213.922,0
ecgclass__app2,22.5669,218.834,217.146,0
ecgclass__app4,22.6549,218.641,216.970,0
ecgclass__app5,22.7137,218.272,216.851,0
ecgclass__app3,22.7192,218.692,217.214,0
ecgclass__app1,22.7342,213.616,212.272,0
ecgclass,22.7515,218.380,216.841,0
ecgclass__app2,22.7858,218.427,216.758,0
ecgclass__app4,22.8736,217.367,215.762,0
ecgclass__app5,22.9320,221.311,219.819,0
ecgclass__app3,22.9379,220.289,218.871,0
ecgclass__app1,22.9478,220.529,219.198,0
ecgclass,22.9699,218.827,217.258,0
ecgclass__app2,23.0042,220.369,218.689,0
ecgclass__app4,23.0910,216.185,214.718,0
ecgclass__app5,23.1534,221.410,219.736,0
ecgclass__app3,23.1582,219.373,217.993,0
ecgclass__app1,23.1684,221.472,220.041,0
ecgclass,23.1888,221.081,219.634,0
ecgclass__app2,23.2246,220.606,219.038,0
ecgclass__app4,23.3072,219.697,218.227,0
ecgclass__app5,23.3748,218.471,216.862,0
ecgclass__app3,23.3776,221.665,220.270,0
ecgclass__app1,23.3899,218.186,216.624,0
ecgclass,23.4099,215.796,214.462,0
ecgclass__app2,23.4453,215.803,214.278,0
ecgclass__app4,23.5269,218.734,217.124,0
ecgclass__app5,23.5933,217.721,216.111,0
ecgclass__app3,23.5993,218.284,216.788,0
ecgclass__app1,23.6081,216.579,215.136,0
ecgclass,23.6257,216.009,214.562,0
ecgclass__app2,23.6611,219.320,217.664,0
ecgclass__app4,23.7457,216.530,215.114,0
ecgclass__app5,23.8110,215.972,214.478,0
ecgclass__app3,23.8176,219.273,217.736,0
ecgclass__app1,23.8247,221.642,220.066,0
ecgclass,23.8417,219.811,218.197,0
ecgclass__app2,23.8804,219.243,217.648,0
ecgclass__app4,23.9622,221.163,219.704,0
ecgclass__app5,24.0270,214.211,212.705,0
ecgclass__app3,24.0369,218.037,216.482,0
ecgclass__app1,24.0463,216.869,215.372,0
ecgclass,24.0616,219.365,217.744,0
ecgclass__app2,24.0997,220.731,219.095,0
ecgclass__app4,24.1834,218.982,217.319,0
ecgclass__app5,24.2413,217.543,216.013,0
ecgclass__app3,24.2549,219.661,218.013,0
ecgclass__app1,24.2632,216.741,215.482,0
ecgclass,24.2809,218.707,217.043,0
ecgclass__app2,24.3204,218.769,217.106,0
ecgclass__app4,24.4024,219.349,217.736,0
ecgclass__app5,24.4588,213.118,211.600,0
ecgclass__app1,24.4800,214.381,212.760,0
ecgclass__app3,24.4746,219.923,218.154,0
ecgclass,24.4997,219.293,217.694,0
ecgclass__app2,24.5392,221.385,219.766,0
ecgclass__app4,24.6218,217.059,215.492,0
ecgclass__app5,24.6719,216.715,215.226,0
ecgclass__app1,24.6944,213.258,211.647,0
ecgclass__app3,24.6946,217.173,215.715,0
ecgclass,24.7190,220.870,219.293,0
ecgclass__app2,24.7606,219.504,217.828,0
ecgclass__app4,24.8389,219.364,217.761,0
ecgclass__app5,24.8887,216.290,214.852,0
ecgclass__app1,24.9077,218.648,217.226,0
ecgclass__app3,24.9118,219.262,217.845,0
ecgclass,24.9399,219.729,218.132,0
ecgclass__app2,24.9802,216.499,214.953,0
ecgclass__app4,25.0582,217.691,216.022,0
ecgclass__app5,25.1050,222.919,221.089,0
ecgclass__app1,25.1264,217.543,216.206,0
ecgclass__app3,25.1310,218.986,217.667,0
ecgclass,25.1596,217.102,215.466,0
ecgclass__app2,25.1967,214.626,213.146,0
ecgclass__app4,25.2760,217.401,215.829,0
ecgclass__app5,25.3279,217.490,215.932,0
ecgclass__app1,25.3439,219.173,217.751,0
ecgclass__app3,25.3500,216.623,215.314,0
ecgclass,25.3768,218.239,216.571,0
ecgclass__app2,25.4113,216.107,214.537,0
ecgclass__app4,25.4934,214.274,212.842,0
ecgclass__app5,25.5454,214.426,212.920,0
ecgclass__app1,25.5631,220.033,218.312,0
ecgclass__app3,25.5667,218.571,217.149,0
ecgclass,25.5950,213.333,211.660,0
ecgclass__app2,25.6275,212.763,211.345,0
ecgclass__app4,25.7077,221.048,219.484,0
ecgclass__app5,25.7599,221.350,219.817,0
ecgclass__app1,25.7832,220.417,218.987,0
ecgclass__app3,25.7853,221.838,220.524,0
ecgclass,25.8084,222.530,221.180,0
ecgclass__app2,25.8402,222.605,221.133,0
ecgclass__app4,25.9287,219.343,218.002,0
ecgclass__app5,25.9813,219.895,218.459,0
ecgclass__app1,26.0036,219.571,218.132,0
ecgclass__app3,26.0071,217.922,216.656,0
ecgclass,26.0309,216.993,215.712,0
ecgclass__app2,26.0629,218.447,216.834,0
ecgclass__app4,26.1481,221.640,220.113,0
ecgclass__app5,26.2012,218.398,216.926,0
ecgclass__app1,26.2232,223.181,221.590,0
ecgclass__app3,26.2251,221.851,219.885,0
ecgclass,26.2479,216.920,215.535,0
ecgclass__app2,26.2813,220.445,218.728,0
ecgclass__app4,26.3698,218.998,217.296,0
ecgclass__app5,26.4196,216.319,214.842,0
ecgclass__app1,26.4464,218.429,216.817,0
ecgclass__app3,26.4469,218.517,217.115,0
ecgclass,26.4649,213.277,211.980,0
ecgclass__app2,26.5018,217.396,215.875,0
ecgclass__app4,26.5888,218.585,216.948,0
ecgclass__app5,26.6359,216.998,215.593,0
ecgclass__app1,26.6649,218.744,217.053,0
ecgclass__app3,26.6655,218.323,216.680,0
ecgclass,26.6782,211.599,210.431,0
ecgclass__app2,26.7192,218.891,217.513,0
ecgclass__app4,26.8074,219.057,217.349,0
ecgclass__app5,26.8529,220.281,218.709,0
ecgclass__app1,26.8836,218.655,216.890,0
ecgclass__app3,26.8838,218.639,216.831,0
ecgclass,26.8898,220.025,218.714,0
ecgclass__app2,26.9381,214.237,212.818,0
ecgclass__app4,27.0265,218.399,216.372,0
ecgclass__app5,27.0732,222.007,220.436,0
ecgclass__app1,27.1023,218.105,216.452,0
ecgclass__app3,27.1025,218.799,217.156,0
ecgclass,27.1098,223.057,221.519,0
ecgclass__app2,27.1524,215.460,214.069,0
ecgclass__app4,27.2449,217.766,216.267,0
ecgclass__app5,27.2953,220.636,218.999,0
ecgclass__app1,27.3204,220.662,218.966,0
ecgclass__app3,27.3213,220.023,218.261,0
ecgclass,27.3329,219.959,218.435,0
ecgclass__app2,27.3679,210.000,208.617,0
ecgclass__app4,27.4627,217.415,215.939,0
ecgclass__app5,27.5159,215.082,213.330,0
ecgclass__app1,27.5411,221.706,219.912,0
ecgclass__app3,27.5413,222.015,220.475,0
ecgclass,27.5529,220.700,219.205,0
ecgclass__app2,27.5779,215.572,214.187,0
ecgclass__app4,27.6802,220.518,218.724,0
ecgclass__app5,27.7310,219.270,217.838,0
ecgclass__app1,27.7629,218.736,217.128,0
ecgclass__app3,27.7633,218.382,216.732,0
ecgclass,27.7736,218.166,216.753,0
ecgclass__app2,27.7935,221.041,219.514,0
ecgclass__app4,27.9007,218.569,216.930,0
ecgclass__app5,27.9503,221.276,219.899,0
ecgclass__app1,27.9816,214.004,212.398,0
ecgclass__app3,27.9817,221.649,220.368,0
ecgclass,27.9918,218.607,217.283,0
ecgclass__app2,28.0145,222.488,218.527,0
ecgclass__app4,28.1193,220.476,218.918,0
ecgclass__app5,28.1716,217.794,216.203,0
ecgclass__app1,28.1956,217.160,215.768,0
ecgclass__app3,28.2034,217.202,215.890,0
ecgclass,28.2104,215.627,214.209,0
ecgclass__app2,28.2370,213.186,211.764,0
ecgclass__app4,28.3398,220.051,218.447,0
ecgclass__app5,28.3894,216.924,215.389,0
ecgclass__app1,28.4128,216.765,215.307,0
ecgclass__app3,28.4206,220.318,218.844,0
ecgclass,28.4260,218.827,217.446,0
ecgclass__app2,28.4502,216.695,215.342,0
ecgclass__app4,28.5599,221.380,219.652,0
ecgclass__app5,28.6064,215.204,213.783,0
ecgclass__app1,28.6296,220.556,219.001,0
ecgclass__app3,28.6410,218.019,216.618,0
ecgclass,28.6449,220.963,219.450,0
ecgclass__app2,28.6670,213.296,212.002,0
ecgclass__app4,28.7813,219.600,217.873,0
ecgclass__app5,28.8216,218.157,216.689,0
ecgclass__app1,28.8502,218.559,217.033,0
ecgclass__app3,28.8590,215.917,214.578,0
ecgclass,28.8659,217.572,216.012,0
ecgclass__app2,28.8803,215.536,214.226,0
ecgclass__app4,29.0009,219.306,217.653,0
ecgclass__app5,29.0398,216.924,215.293,0
ecgclass__app1,29.0688,216.937,215.312,0
ecgclass__app3,29.0749,215.333,214.155,0
ecgclass,29.0835,220.001,218.560,0
ecgclass__app2,29.0958,216.183,214.945,0
ecgclass__app4,29.2202,218.709,217.152,0
ecgclass__app5,29.2567,221.634,220.024,0
ecgclass__app1,29.2857,217.562,216.028,0
ecgclass__app3,29.2903,214.779,213.592,0
ecgclass,29.3035,219.655,218.201,0
ecgclass__app2,29.3120,213.610,212.390,0
ecgclass__app4,29.4389,223.235,221.596,0
ecgclass__app5,29.4784,217.577,215.930,0
ecgclass__app3,29.5051,215.093,213.712,0
ecgclass__app1,29.5033,218.272,216.849,0
ecgclass__app2,29.5257,216.711,215.396,0
ecgclass,29.5232,219.683,218.196,0
ecgclass__app4,29.6622,220.125,218.345,0
ecgclass__app5,29.6960,218.677,217.001,0
ecgclass__app3,29.7202,215.808,214.400,0
ecgclass__app1,29.7216,219.297,217.918,0
ecgclass,29.7429,217.848,216.549,0
ecgclass__app2,29.7424,219.302,217.951,0
ecgclass__app4,29.8823,219.946,218.284,0
ecgclass__app5,29.9147,222.309,220.727,0
ecgclass__app3,29.9360,216.123,214.737,0
ecgclass__app1,29.9409,221.257,219.785,0
ecgclass__app2,29.9617,216.869,215.526,0
ecgclass,29.9607,219.237,217.982,0
ecgclass__app4,30.1023,218.026,216.427,0
ecgclass__app5,30.1370,217.027,215.512,0
ecgclass__app3,30.1522,216.662,215.283,0
ecgclass__app1,30.1622,216.231,214.865,0
ecgclass,30.1800,215.312,214.015,0
ecgclass__app2,30.1786,217.565,216.229,0
ecgclass__app4,30.3204,219.903,218.323,0
ecgclass__app5,30.3541,220.531,218.929,0
ecgclass__app3,30.3688,217.577,216.274,0
ecgclass__app1,30.3784,221.129,219.692,0
ecgclass__app2,30.3962,217.521,216.161,0
ecgclass,30.3953,219.570,218.187,0
ecgclass__app4,30.5403,218.854,217.161,0
ecgclass__app5,30.5746,218.353,216.719,0
ecgclass__app3,30.5864,213.398,212.169,0
ecgclass__app1,30.5996,216.329,214.829,0
ecgclass__app2,30.6137,215.620,214.134,0
ecgclass,30.6149,217.687,216.324,0
ecgclass__app4,30.7592,217.636,215.949,0
ecgclass__app5,30.7930,217.887,216.294,0
ecgclass__app3,30.7998,217.996,216.706,0
ecgclass__app1,30.8159,218.473,217.054,0
ecgclass__app2,30.8294,217.903,216.531,0
ecgclass,30.8326,218.378,217.182,0
ecgclass__app4,30.9768,220.537,218.863,0
ecgclass__app5,31.0109,220.857,219.195,0
ecgclass__app3,31.0179,220.282,219.015,0
ecgclass__app1,31.0344,219.135,217.747,0
ecgclass,31.0510,220.626,219.303,0
ecgclass__app2,31.0473,225.298,223.967,0
ecgclass__app4,31.1974,213.946,212.449,0
ecgclass__app5,31.2318,220.650,219.017,0
ecgclass__app3,31.2382,218.524,217.279,0
ecgclass__app1,31.2536,214.433,213.100,0
ecgclass,31.2716,221.840,220.316,0
ecgclass__app2,31.2726,222.254,220.836,0
ecgclass__app4,31.4113,214.273,212.785,0
ecgclass__app5,31.4524,224.163,222.554,0
ecgclass__app3,31.4567,220.532,219.252,0
ecgclass__app1,31.4680,216.118,214.718,0
ecgclass,31.4935,223.074,221.473,0
ecgclass__app2,31.4949,222.075,220.684,0
ecgclass__app4,31.6256,221.305,219.649,0
ecgclass__app5,31.6766,215.201,213.610,0
ecgclass__app3,31.6772,215.948,214.793,0
ecgclass__app1,31.6842,219.584,218.149,0
ecgclass__app2,31.7170,219.148,217.784,0
ecgclass,31.7166,220.384,218.909,0
ecgclass__app4,31.8470,220.883,219.211,0
ecgclass__app3,31.8932,216.411,215.156,0
ecgclass__app5,31.8919,218.668,217.199,0
ecgclass__app1,31.9038,219.407,217.964,0
ecgclass__app2,31.9361,215.024,213.560,0
ecgclass,31.9370,221.111,219.688,0
ecgclass__app4,32.0679,219.409,217.766,0
ecgclass__app3,32.1096,216.974,215.248,0
ecgclass__app5,32.1105,220.092,218.765,0
ecgclass__app1,32.1232,217.956,216.549,0
ecgclass__app2,32.1512,216.537,215.090,0
ecgclass,32.1581,217.262,215.856,0
ecgclass__app4,32.2873,221.163,219.513,0
ecgclass__app3,32.3266,222.099,220.579,0
ecgclass__app5,32.3306,220.408,218.918,0
ecgclass__app1,32.3412,215.777,214.502,0
ecgclass__app2,32.3677,223.953,222.301,0
ecgclass,32.3754,216.800,215.494,0
ecgclass__app4,32.5085,219.688,218.056,0
ecgclass__app3,32.5487,216.588,214.953,0
ecgclass__app5,32.5511,217.817,216.350,0
ecgclass__app1,32.5569,216.496,215.355,0
ecgclass__app2,32.5917,218.203,216.587,0
ecgclass,32.5922,218.412,216.864,0
ecgclass__app4,32.7282,217.943,216.365,0
ecgclass__app3,32.7654,217.602,215.898,0
ecgclass__app5,32.7689,218.397,216.913,0
ecgclass__app1,32.7735,216.256,215.121,0
ecgclass__app2,32.8099,217.410,215.748,0
ecgclass,32.8106,220.071,218.805,0
ecgclass__app4,32.9462,216.998,215.429,0
ecgclass__app3,32.9830,217.528,215.899,0
ecgclass__app5,32.9873,217.886,216.501,0
ecgclass__app1,32.9897,216.136,214.994,0
ecgclass__app2,33.0274,217.004,215.450,0
ecgclass,33.0307,214.042,212.571,0
ecgclass__app4,33.1632,217.645,216.003,0
ecgclass__app3,33.2005,217.499,216.129,0
ecgclass__app1,33.2059,216.596,215.242,0
ecgclass__app5,33.2052,219.325,217.862,0
ecgclass__app2,33.2444,218.525,216.729,0
ecgclass,33.2448,219.287,218.068,0
ecgclass__app4,33.3808,214.479,212.854,0
ecgclass__app3,33.4180,218.720,217.438,0
ecgclass__app1,33.4225,217.982,216.626,0
ecgclass__app5,33.4246,221.684,220.319,0
ecgclass,33.4641,216.939,215.461,0
ecgclass__app2,33.4629,218.555,216.966,0
ecgclass__app4,33.5953,214.034,212.442,0
ecgclass__app3,33.6368,217.278,215.896,0
ecgclass__app1,33.6405,217.647,216.421,0
ecgclass__app5,33.6463,216.019,214.836,0
ecgclass,33.6811,221.476,219.835,0
ecgclass__app2,33.6815,221.766,220.377,0
ecgclass__app4,33.8094,212.593,211.234,0
ecgclass__app1,33.8582,216.524,214.997,0
ecgclass__app3,33.8541,220.746,219.065,0
ecgclass__app5,33.8623,217.303,216.071,0
ecgclass__app2,33.9033,218.992,217.240,0
ecgclass,33.9025,220.380,218.757,0
ecgclass__app4,34.0220,213.770,212.383,0
ecgclass__app1,34.0747,220.167,218.549,0
ecgclass__app3,34.0748,220.146,218.558,0
ecgclass__app5,34.0796,216.102,214.845,0
ecgclass,34.1229,217.808,216.446,0
ecgclass__app2,34.1223,219.456,217.956,0
ecgclass__app4,34.2358,219.652,218.139,0
ecgclass__app3,34.2950,218.163,216.575,0
ecgclass__app1,34.2949,219.543,217.969,0
ecgclass__app5,34.2957,221.289,219.974,0
ecgclass,34.3408,212.482,211.144,0
ecgclass__app2,34.3418,216.661,215.245,0
ecgclass__app4,34.4555,213.030,211.500,0
ecgclass__app3,34.5132,221.106,218.483,0
ecgclass__app1,34.5144,220.501,219.130,0
ecgclass__app5,34.5170,220.776,219.508,0
ecgclass,34.5533,214.705,213.428,0
ecgclass__app2,34.5585,218.355,216.852,0
ecgclass__app4,34.6685,215.790,214.192,0
ecgclass__app3,34.7343,218.568,216.991,0
ecgclass__app1,34.7350,219.134,217.834,0
ecgclass__app5,34.7378,220.459,219.240,0
ecgclass,34.7680,218.278,216.905,0
ecgclass__app2,34.7768,217.605,216.130,0
ecgclass__app4,34.8843,218.169,216.530,0
ecgclass__app3,34.9529,216.479,214.765,0
ecgclass__app1,34.9541,220.994,219.527,0
ecgclass__app5,34.9583,220.298,219.021,0
ecgclass,34.9863,211.722,210.430,0
ecgclass__app2,34.9945,217.085,215.607,0
ecgclass__app4,35.1025,213.487,212.138,0
ecgclass__app3,35.1694,223.004,221.335,0
ecgclass__app1,35.1751,221.348,219.911,0
ecgclass__app5,35.1786,222.036,220.616,0
ecgclass,35.1980,214.890,213.591,0
ecgclass__app2,35.2116,218.630,217.124,0
ecgclass__app4,35.3160,215.453,214.073,0
ecgclass__app3,35.3924,221.001,219.275,0
ecgclass__app1,35.3965,222.732,221.238,0
ecgclass__app5,35.4007,219.942,218.579,0
ecgclass,35.4129,214.667,213.408,0
ecgclass__app2,35.4302,216.579,214.970,0
ecgclass__app4,35.5315,215.045,213.690,0
ecgclass__app3,35.6134,219.646,218.027,0
ecgclass__app5,35.6206,217.984,216.567,0
ecgclass__app1,35.6193,220.136,218.748,0
ecgclass,35.6276,216.284,215.169,0
ecgclass__app2,35.6468,220.121,218.504,0
ecgclass__app4,35.7466,213.479,212.139,0
ecgclass__app3,35.8331,217.894,216.229,0
ecgclass__app5,35.8386,218.760,217.360,0
ecgclass__app1,35.8394,218.665,217.301,0
ecgclass,35.8439,216.600,215.483,0
ecgclass__app2,35.8670,216.251,214.632,0
ecgclass__app4,35.9601,214.599,213.123,0
ecgclass__app3,36.0510,217.755,216.252,0
ecgclass,36.0605,217.410,216.000,0
ecgclass__app1,36.0581,220.002,218.456,0
ecgclass__app5,36.0574,221.746,220.240,0
ecgclass__app2,36.0832,219.695,218.149,0
ecgclass__app4,36.1747,218.541,216.958,0
ecgclass__app3,36.2688,214.961,213.528,0
ecgclass,36.2780,216.259,214.554,0
ecgclass__app1,36.2781,222.214,220.811,0
ecgclass__app5,36.2792,222.802,221.445,0
ecgclass__app2,36.3030,218.128,216.647,0
ecgclass__app4,36.3932,215.834,214.103,0
ecgclass__app3,36.4838,212.010,210.685,0
ecgclass,36.4942,219.041,217.570,0
ecgclass__app1,36.5003,218.738,217.315,0
ecgclass__app5,36.5020,218.345,217.005,0
ecgclass__app2,36.5211,219.264,217.947,0
ecgclass__app4,36.6091,219.643,218.066,0
ecgclass__app3,36.6958,219.079,217.640,0
ecgclass,36.7133,218.885,217.309,0
ecgclass__app1,36.7191,219.385,217.997,0
ecgclass__app5,36.7203,219.472,218.285,0
ecgclass__app2,36.7404,212.997,211.465,0
ecgclass__app4,36.8288,217.874,216.160,0
ecgclass__app3,36.9149,219.317,217.622,0
ecgclass,36.9322,216.300,215.000,0
ecgclass__app1,36.9385,214.712,213.390,0
ecgclass__app5,36.9398,219.206,217.810,0
ecgclass__app2,36.9534,219.553,218.082,0
ecgclass__app4,37.0467,218.695,217.019,0
ecgclass__app3,37.1342,218.506,216.922,0
ecgclass,37.1485,215.905,214.636,0
ecgclass__app1,37.1532,217.652,216.274,0
ecgclass__app5,37.1591,218.269,216.863,0
ecgclass__app2,37.1730,221.342,219.710,0
ecgclass__app4,37.2654,220.942,219.233,0
ecgclass__app3,37.3528,220.504,218.869,0
ecgclass,37.3644,216.129,214.778,0
ecgclass__app1,37.3709,218.446,217.176,0
ecgclass__app5,37.3773,218.980,217.273,0
ecgclass__app2,37.3943,218.749,217.216,0
ecgclass__app4,37.4863,217.923,216.342,0
ecgclass__app3,37.5733,217.980,216.387,0
ecgclass,37.5806,219.069,217.666,0
ecgclass__app1,37.5894,218.170,216.859,0
ecgclass__app5,37.5963,218.078,216.560,0
ecgclass__app2,37.6131,215.843,214.526,0
ecgclass__app4,37.7043,221.414,219.762,0
ecgclass__app3,37.7913,213.401,211.857,0
ecgclass,37.7997,220.579,218.931,0
ecgclass__app1,37.8076,221.426,219.837,0
ecgclass__app5,37.8144,221.363,219.962,0
ecgclass__app2,37.8290,214.321,212.972,0
ecgclass__app4,37.9257,219.069,217.436,0
ecgclass__app3,38.0047,217.786,216.277,0
ecgclass,38.0203,217.962,216.402,0
ecgclass__app1,38.0290,217.046,215.560,0
ecgclass__app5,38.0358,218.399,216.953,0
ecgclass__app2,38.0433,218.306,216.897,0
ecgclass__app4,38.1448,217.083,215.440,0
ecgclass__app3,38.2225,216.825,215.273,0
ecgclass,38.2383,217.623,216.190,0
ecgclass__app1,38.2461,217.281,215.997,0
ecgclass__app5,38.2542,216.681,215.483,0
ecgclass__app2,38.2617,218.433,216.998,0
ecgclass__app4,38.3619,217.483,215.892,0
ecgclass__app3,38.4394,219.973,218.432,0
ecgclass,38.4559,219.042,217.623,0
ecgclass__app1,38.4634,220.975,219.558,0
ecgclass__app5,38.4709,219.883,218.507,0
ecgclass__app2,38.4801,217.874,216.365,0
ecgclass__app4,38.5794,214.234,212.799,0
ecgclass__app3,38.6594,219.324,217.695,0
ecgclass,38.6750,219.592,218.019,0
ecgclass__app1,38.6844,217.944,216.427,0
ecgclass__app5,38.6908,218.128,216.809,0
ecgclass__app2,38.6980,219.738,218.327,0
ecgclass__app4,38.7937,221.004,219.444,0
ecgclass__app3,38.8787,219.322,217.825,0
ecgclass,38.8946,221.208,219.681,0
ecgclass__app1,38.9023,221.784,220.286,0
ecgclass__app5,38.9090,224.324,222.984,0
ecgclass__app2,38.9178,224.000,222.660,0
ecgclass__app4,39.0147,223.358,221.769,0
ecgclass__app3,39.0981,218.400,216.887,0
ecgclass,39.1158,215.340,213.953,0
ecgclass__app1,39.1242,215.246,213.983,0
ecgclass__app5,39.1333,219.299,217.931,0
ecgclass__app2,39.1418,219.081,217.684,0
ecgclass__app4,39.2381,219.764,218.160,0
ecgclass__app3,39.3165,218.958,217.295,0
ecgclass,39.3312,222.086,220.720,0
ecgclass__app1,39.3394,221.424,220.194,0
ecgclass__app5,39.3526,216.158,214.909,0
ecgclass__app2,39.3609,218.971,217.718,0
ecgclass__app4,39.4579,217.879,216.255,0
ecgclass__app3,39.5355,220.342,218.863,0
ecgclass,39.5533,217.308,215.932,0
ecgclass__app1,39.5609,218.140,216.739,0
ecgclass__app5,39.5688,216.937,215.738,0
ecgclass__app2,39.5799,218.622,217.310,0
ecgclass__app4,39.6758,219.293,217.854,0
ecgclass__app3,39.7558,219.282,217.666,0
ecgclass,39.7706,219.878,218.340,0
ecgclass__app1,39.7790,219.949,218.304,0
ecgclass__app5,39.7858,219.098,217.856,0
ecgclass__app2,39.7985,212.838,211.480,0
ecgclass__app4,39.8951,222.402,220.852,0
ecgclass__app3,39.9751,219.946,218.484,0
ecgclass,39.9905,217.960,216.372,0
ecgclass__app1,39.9990,223.724,222.062,0
ecgclass__app5,40.0049,217.982,215.709,0
ecgclass__app2,40.0114,216.620,215.336,0
ecgclass__app4,40.1175,210.963,209.569,0
ecgclass__app3,40.1951,212.530,211.126,0
ecgclass,40.2085,216.345,214.746,0
ecgclass__app5,40.2229,223.676,221.951,0
ecgclass__app1,40.2227,224.468,222.962,0
ecgclass__app2,40.2280,222.371,220.871,0
ecgclass__app4,40.3285,213.976,212.620,0
ecgclass__app3,40.4077,214.215,212.886,0
ecgclass,40.4248,219.514,217.956,0
ecgclass__app5,40.4466,222.368,220.539,0
ecgclass__app1,40.4472,222.175,220.336,0
ecgclass__app2,40.4504,219.433,218.136,0
ecgclass__app4,40.5425,214.834,213.338,0
ecgclass__app3,40.6219,215.083,213.774,0
ecgclass,40.6444,216.300,214.726,0
ecgclass__app5,40.6690,227.005,225.373,0
ecgclass__app1,40.6694,226.969,225.378,0
ecgclass__app2,40.6698,226.617,225.176,0
ecgclass__app4,40.7573,221.620,220.168,0
ecgclass__app3,40.8370,216.432,215.134,0
ecgclass,40.8607,215.618,214.137,0
ecgclass__app2,40.8965,221.534,220.025,0
ecgclass__app5,40.8960,222.415,220.609,0
ecgclass__app1,40.8964,222.355,220.989,0
ecgclass__app4,40.9790,221.393,219.950,0
ecgclass__app3,41.0534,215.187,213.679,0
ecgclass,41.0763,217.386,215.753,0
ecgclass__app5,41.1184,217.754,216.296,0
ecgclass__app1,41.1188,217.773,216.324,0
ecgclass__app2,41.1180,219.173,217.692,0
ecgclass__app4,41.2004,220.888,219.267,0
ecgclass__app3,41.2687,214.430,213.017,0
ecgclass,41.2938,217.207,215.737,0
ecgclass__app1,41.3365,215.507,214.147,0
ecgclass__app5,41.3362,217.063,215.660,0
ecgclass__app2,41.3372,220.289,219.049,0
ecgclass__app4,41.4213,219.775,218.342,0
ecgclass__app3,41.4831,217.974,216.412,0
ecgclass,41.5110,214.352,212.883,0
ecgclass__app1,41.5521,217.510,215.789,0
ecgclass__app5,41.5533,217.191,215.782,0
ecgclass__app2,41.5575,222.214,220.712,0
ecgclass__app4,41.6411,215.301,213.732,0
ecgclass__app3,41.7011,218.776,217.207,0
ecgclass,41.7253,218.290,216.860,0
ecgclass__app5,41.7705,217.578,216.195,0
ecgclass__app1,41.7696,219.223,217.769,0
ecgclass__app2,41.7797,220.142,218.543,0
ecgclass__app4,41.8564,215.283,213.889,0
ecgclass__app3,41.9199,221.613,220.010,0
ecgclass,41.9437,218.665,217.060,0
ecgclass__app5,41.9881,216.221,214.713,0
ecgclass__app1,41.9888,220.499,219.205,0
ecgclass__app2,41.9999,216.691,215.173,0
ecgclass__app4,42.0717,219.774,218.287,0
ecgclass__app3,42.1415,218.092,216.380,0
ecgclass,42.1623,218.540,216.908,0
ecgclass__app5,42.2043,220.384,218.915,0
ecgclass__app1,42.2094,218.219,216.977,0
ecgclass__app2,42.2166,218.658,217.115,0
ecgclass__app4,42.2915,218.872,217.250,0
ecgclass__app3,42.3597,219.120,217.505,0
ecgclass,42.3809,213.313,211.803,0
ecgclass__app5,42.4247,220.634,218.973,0
ecgclass__app1,42.4276,219.258,218.058,0
ecgclass__app2,42.4353,218.365,216.917,0
ecgclass__app4,42.5104,217.315,215.693,0
ecgclass__app3,42.5788,221.174,219.550,0
ecgclass,42.5942,214.421,213.094,0
ecgclass__app1,42.6469,216.811,215.412,0
ecgclass__app5,42.6454,218.780,217.454,0
ecgclass__app2,42.6537,221.701,220.143,0
ecgclass__app4,42.7277,221.479,219.828,0
ecgclass__app3,42.8000,218.153,216.648,0
ecgclass,42.8087,217.933,216.504,0
ecgclass__app5,42.8642,223.294,221.855,0
ecgclass__app1,42.8637,224.110,222.572,0
ecgclass__app2,42.8754,218.225,216.770,0
ecgclass__app4,42.9492,222.883,221.224,0
ecgclass__app3,43.0182,215.410,213.910,0
ecgclass,43.0266,222.049,220.488,0
ecgclass__app2,43.0936,215.793,214.235,0
ecgclass__app5,43.0875,222.241,220.519,0
ecgclass__app1,43.0878,223.420,222.100,0
ecgclass__app4,43.1721,223.232,221.515,0
ecgclass__app3,43.2336,220.656,219.014,0
ecgclass,43.2487,219.585,218.106,0
ecgclass__app5,43.3097,219.268,216.522,0
ecgclass__app2,43.3095,219.690,218.120,0
ecgclass__app1,43.3112,220.473,219.145,0
ecgclass__app4,43.3954,214.605,212.952,0
ecgclass__app3,43.4543,216.306,214.890,0
ecgclass,43.4683,218.129,216.552,0
ecgclass__app5,43.5290,217.375,215.771,0
ecgclass__app2,43.5292,218.426,217.013,0
ecgclass__app1,43.5317,219.877,218.579,0
ecgclass__app4,43.6100,217.631,216.052,0
ecgclass__app3,43.6706,214.639,213.175,0
ecgclass,43.6865,217.685,216.271,0
ecgclass__app5,43.7464,221.990,220.395,0
ecgclass__app2,43.7476,221.397,220.064,0
ecgclass__app1,43.7516,223.930,222.553,0
ecgclass__app4,43.8277,213.324,211.983,0
ecgclass__app3,43.8853,215.548,214.060,0
ecgclass,43.9042,211.725,210.425,0
ecgclass__app5,43.9684,221.054,219.451,0
ecgclass__app2,43.9690,221.433,220.052,0
ecgclass__app1,43.9756,220.875,219.354,0
ecgclass__app4,44.0410,218.374,216.943,0
ecgclass__app3,44.1008,215.532,214.088,0
ecgclass,44.1159,217.911,216.434,0
ecgclass__app5,44.1895,216.344,214.787,0
ecgclass__app2,44.1905,216.349,215.096,0
ecgclass__app1,44.1965,218.283,216.783,0
ecgclass__app4,44.2594,222.216,220.623,0
ecgclass__app3,44.3164,218.360,216.927,0
ecgclass,44.3338,217.969,216.501,0
ecgclass__app5,44.4059,216.717,215.138,0
ecgclass__app2,44.4068,222.770,221.352,0
ecgclass__app1,44.4148,223.740,222.255,0
ecgclass__app4,44.4816,218.679,217.046,0
ecgclass__app3,44.5348,218.284,216.735,0
ecgclass,44.5518,214.800,213.385,0
ecgclass__app5,44.6226,214.960,213.609,0
ecgclass__app2,44.6296,216.964,215.414,0
ecgclass__app1,44.6385,217.011,215.599,0
ecgclass__app4,44.7003,219.037,217.426,0
ecgclass__app3,44.7531,216.443,214.931,0
ecgclass,44.7666,215.951,214.524,0
ecgclass__app5,44.8376,213.462,212.076,0
ecgclass__app2,44.8466,219.146,217.573,0
ecgclass__app1,44.8556,221.227,218.714,0
ecgclass__app4,44.9194,218.726,217.113,0
ecgclass__app3,44.9695,220.410,218.876,0
ecgclass,44.9826,219.033,217.488,0
ecgclass__app5,45.0511,216.223,214.844,0
ecgclass__app2,45.0658,219.074,217.371,0
ecgclass__app1,45.0768,220.045,218.502,0
ecgclass__app4,45.1382,219.420,217.824,0
ecgclass__app3,45.1900,218.443,216.766,0
ecgclass,45.2017,213.779,212.504,0
ecgclass__app5,45.2673,217.227,215.709,0
ecgclass__app2,45.2849,218.029,216.478,0
ecgclass__app1,45.2969,218.644,217.125,0
ecgclass__app4,45.3576,218.636,217.029,0
ecgclass__app3,45.4084,218.917,217.255,0
ecgclass,45.4155,215.881,214.466,0
ecgclass__app5,45.4846,213.791,212.438,0
ecgclass__app2,45.5029,222.857,221.299,0
ecgclass__app1,45.5155,216.926,215.354,0
ecgclass__app4,45.5763,218.988,217.241,0
ecgclass,45.6314,214.538,213.191,0
ecgclass__app3,45.6274,219.356,217.898,0
ecgclass__app5,45.6984,214.319,212.912,0
ecgclass__app2,45.7258,221.141,219.507,0
ecgclass__app1,45.7325,218.875,217.390,0
ecgclass__app4,45.7953,218.797,217.150,0
ecgclass,45.8459,213.923,212.519,0
ecgclass__app3,45.8467,219.919,218.457,0
ecgclass__app5,45.9127,216.665,215.295,0
ecgclass__app2,45.9470,217.970,216.314,0
ecgclass__app1,45.9514,220.170,218.719,0
ecgclass__app4,46.0141,219.260,217.493,0
ecgclass,46.0599,215.475,214.041,0
ecgclass__app3,46.0667,219.019,217.560,0
ecgclass__app5,46.1294,215.968,214.586,0
ecgclass__app2,46.1650,221.344,219.739,0
ecgclass__app1,46.1716,220.464,219.037,0
ecgclass__app4,46.2334,222.229,218.475,0
ecgclass,46.2754,215.096,213.794,0
ecgclass__app3,46.2857,218.496,217.030,0
ecgclass__app5,46.3454,218.059,216.623,0
ecgclass__app2,46.3863,218.998,217.627,0
ecgclass__app1,46.3921,219.970,218.495,0
ecgclass__app4,46.4556,218.545,216.730,0
ecgclass,46.4905,221.681,220.237,0
ecgclass__app3,46.5042,215.763,214.367,0
ecgclass__app5,46.5635,219.091,217.373,0
ecgclass__app2,46.6053,217.353,216.019,0
ecgclass__app1,46.6121,215.774,214.395,0
ecgclass__app4,46.6742,218.048,216.494,0
ecgclass,46.7122,218.957,217.392,0
ecgclass__app3,46.7200,220.269,218.611,0
ecgclass__app5,46.7826,216.525,214.916,0
ecgclass__app2,46.8227,220.188,218.854,0
ecgclass__app1,46.8278,220.750,219.537,0
ecgclass__app4,46.8923,217.250,215.905,0
ecgclass,46.9312,221.380,219.918,0
ecgclass__app3,46.9403,220.955,219.591,0
ecgclass__app5,46.9992,220.755,219.257,0
ecgclass__app2,47.0429,221.018,219.525,0
ecgclass__app1,47.0486,219.324,218.146,0
ecgclass__app4,47.1095,220.359,218.909,0
ecgclass,47.1526,221.756,220.076,0
ecgclass__app3,47.1613,219.572,218.026,0
ecgclass__app5,47.2199,216.151,214.820,0
ecgclass__app1,47.2679,215.661,214.283,0
ecgclass__app2,47.2640,220.442,218.961,0
ecgclass__app4,47.3299,219.179,217.697,0
ecgclass,47.3743,217.713,216.182,0
ecgclass__app3,47.3809,217.718,216.225,0
ecgclass__app5,47.4361,216.139,214.694,0
ecgclass__app1,47.4836,220.712,219.061,0
ecgclass__app2,47.4844,220.229,218.656,0
ecgclass__app4,47.5491,219.639,218.045,0
ecgclass,47.5921,214.593,213.222,0
ecgclass__app3,47.5986,216.223,214.658,0
ecgclass__app5,47.6523,219.259,217.768,0
ecgclass__app2,47.7047,218.796,217.457,0
ecgclass__app1,47.7044,219.543,218.178,0
ecgclass__app4,47.7688,218.315,216.796,0
ecgclass,47.8067,221.774,220.295,0
ecgclass__app3,47.8149,222.012,220.553,0
ecgclass__app5,47.8715,216.373,214.802,0
ecgclass__app2,47.9235,214.918,213.295,0
ecgclass__app1,47.9239,215.081,213.876,0
ecgclass__app4,47.9871,217.846,216.374,0
ecgclass,48.0285,220.718,219.177,0
ecgclass__app3,48.0369,218.642,217.227,0
ecgclass__app5,48.0879,219.626,218.079,0
ecgclass__app1,48.1390,218.099,216.760,0
ecgclass__app2,48.1384,219.028,217.511,0
ecgclass__app4,48.2050,222.843,221.207,0
ecgclass,48.2492,221.504,219.855,0
ecgclass__app3,48.2555,222.933,221.538,0
ecgclass__app5,48.3076,221.671,220.010,0
ecgclass__app2,48.3575,213.747,212.343,0
ecgclass__app1,48.3571,216.024,214.677,0
ecgclass__app4,48.4278,219.847,218.178,0
ecgclass,48.4708,222.207,220.605,0
ecgclass__app3,48.4785,214.918,213.365,0
ecgclass__app5,48.5293,218.297,216.906,0
ecgclass__app2,48.5712,217.670,216.172,0
ecgclass__app1,48.5732,220.755,219.371,0
ecgclass__app4,48.6477,217.391,215.841,0
ecgclass__app3,48.6934,215.522,214.118,0
ecgclass,48.6930,219.472,217.969,0
ecgclass__app5,48.7476,214.366,212.898,0
ecgclass__app2,48.7889,217.069,215.453,0
ecgclass__app1,48.7940,216.532,215.149,0
ecgclass__app4,48.8651,218.161,216.631,0
ecgclass__app3,48.9090,218.472,216.974,0
ecgclass,48.9125,222.206,220.712,0
ecgclass__app5,48.9620,221.561,219.921,0
ecgclass__app2,49.0060,219.606,218.039,0
ecgclass__app1,49.0105,216.172,214.809,0
ecgclass__app4,49.0833,218.910,217.260,0
ecgclass__app3,49.1275,216.749,215.262,0
ecgclass,49.1347,219.223,217.740,0
ecgclass__app5,49.1836,218.878,217.226,0
ecgclass__app2,49.2256,217.147,215.132,0
ecgclass__app1,49.2267,216.565,215.225,0
ecgclass__app4,49.3022,220.421,218.843,0
ecgclass__app3,49.3442,220.119,218.544,0
ecgclass,49.3539,217.810,216.463,0
ecgclass__app5,49.4024,224.201,222.633,0
ecgclass__app2,49.4428,219.583,217.942,0
ecgclass__app1,49.4433,223.361,222.066,0
ecgclass__app4,49.5227,221.557,219.977,0
ecgclass__app3,49.5644,218.383,216.992,0
ecgclass,49.5718,216.108,214.895,0
ecgclass__app5,49.6267,221.545,219.850,0
ecgclass__app2,49.6624,219.790,218.143,0
ecgclass__app1,49.6667,219.757,218.384,0
ecgclass__app4,49.7442,219.851,218.161,0
ecgclass__app3,49.7828,217.920,216.417,0
ecgclass,49.7879,217.474,216.250,0
ecgclass__app5,49.8482,219.728,218.147,0
ecgclass__app2,49.8822,218.871,217.235,0
ecgclass__app1,49.8864,218.795,217.440,0
ecgclass__app4,49.9641,217.441,215.956,0
ecgclass__app3,50.0007,218.273,216.694,0
ecgclass,50.0054,221.039,219.628,0
ecgclass__app5,50.0680,218.577,217.069,0
ecgclass__app2,50.1011,218.314,216.802,0
ecgclass__app1,50.1052,219.451,218.170,0
ecgclass__app4,50.1816,215.680,214.233,0
ecgclass__app3,50.2190,219.273,217.684,0
ecgclass,50.2264,219.102,217.616,0
ecgclass__app5,50.2866,218.674,217.046,0
ecgclass__app2,50.3195,218.256,216.938,0
ecgclass__app1,50.3247,218.197,216.788,0
ecgclass__app4,50.3973,217.696,216.293,0
ecgclass__app3,50.4383,216.780,215.246,0
ecgclass,50.4456,216.876,215.319,0
ecgclass__app5,50.5053,216.356,214.829,0
ecgclass__app2,50.5377,219.347,217.833,0
ecgclass__app1,50.5429,217.890,216.399,0
ecgclass__app4,50.6150,218.753,217.395,0
ecgclass__app3,50.6551,221.145,219.576,0
ecgclass,50.6625,220.033,218.540,0
ecgclass__app5,50.7217,215.682,214.342,0
ecgclass__app2,50.7571,220.809,219.141,0
ecgclass__app1,50.7608,221.075,219.659,0
ecgclass__app4,50.8338,218.167,216.699,0
ecgclass__app3,50.8763,218.231,216.532,0
ecgclass,50.8825,218.638,217.198,0
ecgclass__app5,50.9374,214.142,212.717,0
ecgclass__app1,50.9819,216.058,213.640,0
ecgclass__app2,50.9779,220.239,218.417,0
ecgclass__app4,51.0520,219.848,218.278,0
ecgclass__app3,51.0945,221.044,219.423,0
ecgclass,51.1012,223.129,221.675,0
ecgclass__app5,51.1515,219.053,217.707,0
ecgclass__app1,51.1980,219.480,217.785,0
ecgclass__app2,51.1982,220.370,218.895,0
ecgclass__app4,51.2718,220.110,218.623,0
ecgclass__app3,51.3156,220.802,219.189,0
ecgclass,51.3243,219.403,217.929,0
ecgclass__app5,51.3706,216.931,215.531,0
ecgclass__app1,51.4175,222.816,221.042,0
ecgclass__app2,51.4186,222.081,220.482,0
ecgclass__app4,51.4920,215.683,214.179,0
ecgclass__app3,51.5364,215.760,214.249,0
ecgclass,51.5437,216.804,215.303,0
ecgclass__app5,51.5875,222.504,220.905,0
ecgclass__app1,51.6403,220.962,219.446,0
ecgclass__app2,51.6407,220.921,219.358,0
ecgclass__app4,51.7077,212.584,211.161,0
ecgclass__app3,51.7522,214.633,213.298,0
ecgclass,51.7606,221.942,220.369,0
ecgclass__app5,51.8101,217.967,216.369,0
ecgclass__app1,51.8613,219.416,217.753,0
ecgclass__app2,51.8616,219.663,217.849,0
ecgclass__app4,51.9203,217.802,216.466,0
ecgclass__app3,51.9669,215.913,214.595,0
ecgclass,51.9825,218.184,216.636,0
ecgclass__app5,52.0281,218.373,216.681,0
ecgclass__app1,52.0808,221.196,219.560,0
ecgclass__app2,52.0813,221.230,219.426,0
ecgclass__app4,52.1381,213.327,211.863,0
ecgclass__app3,52.1828,216.074,214.720,0
ecgclass,52.2007,222.494,220.921,0
ecgclass__app5,52.2465,219.217,217.673,0
ecgclass__app2,52.3025,219.661,218.129,0
ecgclass__app1,52.3020,221.249,219.912,0
ecgclass__app4,52.3514,214.841,213.344,0
ecgclass__app3,52.3989,215.574,214.121,0
ecgclass,52.4233,219.290,217.679,0
ecgclass__app5,52.4657,219.652,218.017,0
ecgclass__app2,52.5222,220.602,219.065,0
ecgclass__app1,52.5232,223.429,221.914,0
ecgclass__app4,52.5663,216.871,215.487,0
ecgclass__app3,52.6145,216.544,215.178,0
ecgclass,52.6426,220.683,219.042,0
ecgclass__app5,52.6854,219.425,217.756,0
ecgclass__app2,52.7428,217.530,215.835,0
ecgclass__app1,52.7467,218.894,217.383,0
ecgclass__app4,52.7832,213.847,212.343,0
ecgclass__app3,52.8310,216.371,214.949,0
ecgclass,52.8633,221.920,220.372,0
ecgclass__app5,52.9048,223.350,221.568,0
ecgclass__app2,52.9604,218.633,216.977,0
ecgclass__app1,52.9656,222.359,220.778,0
ecgclass__app4,52.9971,213.706,212.285,0
ecgclass__app3,53.0474,215.275,213.877,0
ecgclass,53.0852,222.478,220.864,0
ecgclass__app5,53.1282,221.634,219.981,0
ecgclass__app2,53.1790,223.763,222.016,0
ecgclass__app1,53.1880,222.086,220.387,0
ecgclass__app4,53.2108,215.158,213.696,0
ecgclass__app3,53.2627,215.322,213.844,0
ecgclass,53.3077,221.126,219.465,0
ecgclass__app5,53.3498,214.238,212.712,0
ecgclass__app2,53.4028,215.836,214.030,0
ecgclass__app1,53.4101,223.001,221.304,0
ecgclass__app4,53.4260,223.528,221.730,0
ecgclass__app3,53.4781,218.345,216.804,0
ecgclass,53.5289,216.637,215.173,0
ecgclass__app5,53.5641,216.859,215.264,0
ecgclass__app2,53.6187,218.081,216.553,0
ecgclass__app1,53.6331,220.809,219.295,0
ecgclass__app4,53.6495,220.870,219.351,0
ecgclass__app3,53.6964,216.516,215.118,0
ecgclass,53.7455,218.651,216.980,0
ecgclass__app5,53.7810,218.838,217.253,0
ecgclass__app2,53.8368,219.194,217.674,0
ecgclass__app1,53.8540,218.196,216.657,0
ecgclass__app4,53.8704,218.846,217.436,0
ecgclass__app3,53.9130,218.233,216.644,0
ecgclass,53.9642,218.410,216.884,0
ecgclass__app5,53.9998,218.342,216.662,0
ecgclass__app2,54.0560,217.141,215.559,0
ecgclass__app1,54.0722,224.381,222.630,0
ecgclass__app4,54.0893,214.410,212.923,0
ecgclass__app3,54.1312,216.060,214.546,0
ecgclass,54.1826,216.212,214.500,0
ecgclass__app5,54.2182,214.145,212.650,0
ecgclass__app2,54.2732,221.432,219.791,0
ecgclass__app1,54.2966,220.674,218.936,0
ecgclass__app4,54.3037,214.885,213.524,0
ecgclass__app3,54.3473,221.593,219.966,0
ecgclass,54.3989,221.253,219.681,0
ecgclass__app5,54.4324,212.444,211.016,0
ecgclass__app2,54.4946,220.805,219.048,0
ecgclass__app4,54.5186,216.470,215.038,0
ecgclass__app1,54.5173,218.701,217.168,0
ecgclass__app3,54.5689,217.825,216.230,0
ecgclass,54.6202,219.928,218.302,0
ecgclass__app5,54.6448,218.233,216.777,0
ecgclass__app2,54.7155,219.387,217.587,0
ecgclass__app4,54.7351,214.155,212.677,0
ecgclass__app1,54.7360,219.880,218.422,0
ecgclass__app3,54.7868,220.805,219.135,0
ecgclass,54.8401,219.551,217.871,0
ecgclass__app5,54.8631,213.784,212.391,0
ecgclass__app2,54.9349,225.075,223.379,0
ecgclass__app4,54.9492,217.119,215.678,0
ecgclass__app1,54.9559,219.356,217.711,0
ecgclass__app3,55.0076,219.979,218.333,0
ecgclass,55.0597,222.027,220.313,0
ecgclass__app5,55.0769,218.673,217.292,0
ecgclass__app2,55.1600,221.602,219.868,0
ecgclass__app4,55.1664,215.341,213.671,0
ecgclass__app1,55.1753,221.938,220.222,0
ecgclass__app3,55.2276,219.771,218.209,0
ecgclass,55.2817,220.503,218.921,0
ecgclass__app5,55.2956,213.394,212.062,0
ecgclass__app2,55.3816,222.118,220.315,0
ecgclass__app4,55.3817,222.130,220.401,0
ecgclass__app1,55.3972,221.837,220.196,0
ecgclass__app3,55.4474,212.456,211.106,0
ecgclass__app5,55.5090,214.181,212.735,0
ecgclass,55.5023,221.058,219.436,0
ecgclass__app2,55.6037,222.841,221.058,0
ecgclass__app4,55.6039,222.855,221.140,0
ecgclass__app1,55.6191,222.548,221.002,0
ecgclass__app3,55.6599,215.971,214.527,0
ecgclass__app5,55.7232,214.254,212.658,0
ecgclass,55.7233,219.980,218.515,0
ecgclass__app2,55.8266,218.569,216.897,0
ecgclass__app4,55.8267,221.024,217.485,0
ecgclass__app1,55.8417,221.968,220.566,0
ecgclass__app3,55.8759,221.637,219.994,0
ecgclass,55.9433,213.575,212.054,0
ecgclass__app5,55.9375,220.836,219.351,0
ecgclass__app2,56.0452,215.321,213.755,0
ecgclass__app4,56.0478,222.208,220.654,0
ecgclass__app1,56.0637,218.364,216.771,0
ecgclass__app3,56.0975,218.696,217.046,0
ecgclass,56.1569,219.018,217.453,0
ecgclass__app5,56.1583,218.944,217.527,0
ecgclass__app2,56.2605,224.654,222.944,0
ecgclass__app4,56.2700,223.163,221.454,0
ecgclass__app1,56.2820,225.885,224.274,0
ecgclass__app3,56.3162,218.361,216.710,0
ecgclass,56.3760,217.553,215.933,0
ecgclass__app5,56.3773,217.611,216.185,0
ecgclass__app2,56.4852,218.967,217.240,0
ecgclass__app4,56.4932,218.641,216.929,0
ecgclass__app1,56.5079,220.878,219.214,0
ecgclass__app3,56.5346,216.769,215.378,0
ecgclass,56.5935,217.281,215.729,0
ecgclass__app5,56.5949,225.797,221.138,0
ecgclass__app2,56.7042,222.481,220.736,0
ecgclass__app4,56.7119,223.245,221.533,0
ecgclass__app1,56.7288,220.901,219.256,0
ecgclass__app3,56.7514,215.286,213.946,0
ecgclass,56.8108,214.834,213.400,0
ecgclass__app5,56.8207,221.551,219.864,0
ecgclass__app2,56.9267,222.161,220.473,0
ecgclass__app4,56.9351,219.943,218.535,0
ecgclass__app1,56.9498,222.116,220.575,0
ecgclass__app3,56.9667,217.159,215.909,0
ecgclass,57.0257,213.574,212.144,0
ecgclass__app5,57.0423,215.442,213.736,0
ecgclass__app2,57.1489,219.733,218.163,0
ecgclass__app4,57.1551,221.530,220.030,0
ecgclass__app1,57.1719,221.750,220.146,0
ecgclass__app3,57.1839,216.032,214.715,0
ecgclass,57.2393,220.895,219.505,0
ecgclass__app5,57.2578,220.667,219.069,0
ecgclass__app2,57.3686,224.055,222.443,0
ecgclass__app4,57.3767,223.819,222.208,0
ecgclass__app3,57.3999,215.600,214.271,0
ecgclass__app1,57.3937,223.128,221.653,0
ecgclass,57.4602,214.172,212.830,0
ecgclass__app5,57.4785,224.153,222.507,0
ecgclass__app2,57.5927,220.113,218.419,0
ecgclass__app4,57.6005,218.853,217.336,0
ecgclass__app3,57.6155,219.622,218.222,0
ecgclass__app1,57.6168,219.494,218.132,0
ecgclass,57.6744,220.842,219.404,0
ecgclass__app5,57.7026,220.267,218.681,0
ecgclass__app2,57.8128,222.769,221.038,0
ecgclass__app4,57.8194,221.200,219.749,0
ecgclass__app3,57.8352,215.566,214.282,0
ecgclass__app1,57.8363,219.169,217.826,0
ecgclass,57.8952,214.072,212.562,0
ecgclass__app5,57.9229,217.395,215.762,0
ecgclass__app2,58.0356,219.911,218.246,0
ecgclass__app4,58.0406,219.331,217.834,0
ecgclass__app3,58.0508,216.552,215.128,0
ecgclass__app1,58.0555,217.539,216.133,0
ecgclass,58.1093,214.198,212.717,0
ecgclass__app5,58.1403,219.031,217.391,0
ecgclass__app2,58.2556,218.904,217.251,0
ecgclass__app4,58.2599,218.401,216.898,0
ecgclass__app3,58.2673,219.119,217.534,0
ecgclass__app1,58.2731,219.763,218.312,0
ecgclass,58.3236,216.007,214.649,0
ecgclass__app5,58.3594,219.590,218.010,0
ecgclass__app2,58.4745,219.605,218.008,0
ecgclass__app4,58.4784,220.059,218.573,0
ecgclass__app3,58.4865,218.160,216.840,0
ecgclass__app1,58.4929,220.187,218.781,0
ecgclass,58.5396,215.967,214.590,0
ecgclass__app5,58.5790,220.745,219.113,0
ecgclass__app2,58.6941,219.145,217.389,0
ecgclass__app4,58.6984,219.508,217.955,0
ecgclass__app3,58.7046,215.456,214.216,0
ecgclass__app1,58.7131,218.368,216.835,0
ecgclass,58.7556,216.793,215.404,0
ecgclass__app5,58.7998,220.829,219.226,0
ecgclass__app2,58.9133,221.159,219.535,0
ecgclass__app3,58.9201,217.255,215.899,0
ecgclass__app4,58.9180,219.804,218.166,0
ecgclass__app1,58.9315,219.045,217.396,0
ecgclass,58.9724,215.028,213.691,0
ecgclass__app5,59.0206,221.215,219.573,0
ecgclass__app2,59.1345,220.648,219.082,0
ecgclass__app3,59.1374,217.839,216.077,0
ecgclass__app4,59.1378,221.848,220.438,0
ecgclass__app1,59.1505,219.778,218.046,0
ecgclass,59.1874,216.571,215.204,0
ecgclass__app5,59.2419,218.990,217.303,0
ecgclass__app3,59.3553,217.910,216.545,0
ecgclass__app2,59.3551,220.245,218.684,0
ecgclass__app4,59.3597,220.692,219.302,0
ecgclass__app1,59.3703,219.445,217.929,0
ecgclass,59.4040,217.483,216.089,0
ecgclass__app5,59.4609,221.357,219.807,0
ecgclass__app3,59.5732,213.588,212.219,0
ecgclass__app2,59.5754,220.813,219.298,0
ecgclass__app4,59.5804,220.902,219.291,0
ecgclass__app1,59.5898,221.765,220.252,0
ecgclass,59.6215,215.101,213.668,0
ecgclass__app5,59.6823,221.680,220.065,0
ecgclass__app3,59.7868,213.508,212.157,0
ecgclass__app2,59.7962,217.358,215.805,0
ecgclass__app4,59.8013,218.381,216.849,0
ecgclass__app1,59.8116,213.694,212.136,0
ecgclass,59.8366,198.253,196.926,0
ecgclass__app5,59.9040,143.579,142.096,0
