task,send_elapsed_s,latency_ms,server_exec_ms,worker_id,has_adapter
ecgclass,0.0002,392.948,389.022,0,1
ecgclass__app1,0.0004,697.710,330.383,0,1
ecgclass__app2,0.0004,706.874,338.270,0,1
ecgclass__app3,0.0005,706.932,338.555,0,1
ecgclass__app5,0.0007,707.106,339.071,0,1
ecgclass__app6,0.0007,707.480,339.299,0,1
ecgclass__app4,0.0006,707.690,339.557,0,1
ecgclass__app7,0.0008,707.549,340.066,0,1
ecgclass__app9,0.0022,706.427,340.447,0,0
ecgclass__app8,0.0021,706.703,340.569,0,0
ecgclass,0.3932,351.246,51.716,0,1
ecgclass__app2,0.7073,310.008,282.603,0,1
ecgclass__app1,0.6981,319.384,282.663,0,1
ecgclass__app9,0.7086,308.883,283.233,0,0
ecgclass__app7,0.7083,309.572,283.263,0,1
ecgclass__app3,0.7075,310.650,283.395,0,1
ecgclass__app4,0.7083,309.904,283.428,0,1
ecgclass__app8,0.7088,309.673,284.283,0,0
ecgclass__app5,0.7078,310.925,284.977,0,1
ecgclass__app6,0.7082,310.713,285.182,0,1
ecgclass,0.7444,311.329,52.641,0,1
ecgclass__app8,1.0185,312.760,285.593,0,0
ecgclass__app2,1.0174,314.019,285.783,0,1
ecgclass__app4,1.0182,313.581,286.002,0,1
ecgclass__app1,1.0175,314.403,286.353,0,1
ecgclass__app9,1.0175,314.411,286.497,0,0
ecgclass__app6,1.0189,313.409,286.991,0,1
ecgclass__app7,1.0179,314.489,287.387,0,1
ecgclass__app5,1.0187,313.960,287.476,0,1
ecgclass__app3,1.0181,315.320,288.956,0,1
ecgclass,1.0558,313.100,52.601,0,1
ecgclass__app1,1.3319,308.700,281.879,0,1
ecgclass__app6,1.3323,309.322,282.925,0,1
ecgclass__app8,1.3313,310.528,283.182,0,0
ecgclass__app7,1.3324,309.616,283.209,0,1
ecgclass__app9,1.3319,310.429,283.482,0,0
ecgclass__app2,1.3314,311.342,284.030,0,1
ecgclass__app4,1.3318,311.205,284.232,0,1
ecgclass__app3,1.3335,309.868,284.273,0,1
ecgclass__app5,1.3327,310.896,284.664,0,1
ecgclass,1.3689,311.174,53.084,0,1
ecgclass__app5,1.6436,310.930,285.451,0,1
ecgclass__app2,1.6427,312.458,286.132,0,1
ecgclass__app9,1.6424,313.617,286.621,0,0
ecgclass__app6,1.6417,314.423,286.665,0,1
ecgclass__app3,1.6433,313.173,286.765,0,1
ecgclass__app8,1.6418,314.953,286.792,0,0
ecgclass__app4,1.6430,313.806,286.837,0,1
ecgclass__app1,1.6406,316.265,286.924,0,1
ecgclass__app7,1.6420,314.869,287.015,0,1
ecgclass,1.6801,312.809,52.218,0,1
ecgclass__app4,1.9568,305.883,280.465,0,1
ecgclass__app9,1.9560,308.730,282.469,0,0
ecgclass__app7,1.9569,308.206,282.718,0,1
ecgclass__app2,1.9552,309.995,282.850,0,1
ecgclass__app6,1.9561,309.432,283.116,0,1
ecgclass__app8,1.9568,308.963,283.146,0,0
ecgclass__app1,1.9569,309.104,283.642,0,1
ecgclass__app5,1.9545,312.228,284.706,0,1
ecgclass__app3,1.9565,311.048,285.640,0,1
ecgclass,1.9929,309.872,52.862,0,1
ecgclass__app2,2.2652,311.171,284.288,0,1
ecgclass__app8,2.2657,311.581,284.695,0,0
ecgclass__app9,2.2648,312.836,284.787,0,0
ecgclass__app3,2.2676,310.128,284.895,0,1
ecgclass__app5,2.2668,311.255,285.335,0,1
ecgclass__app6,2.2656,312.948,286.303,0,1
ecgclass__app1,2.2660,312.734,286.393,0,1
ecgclass__app7,2.2651,313.932,287.089,0,1
ecgclass__app4,2.2627,318.213,289.048,0,1
ecgclass,2.3028,313.365,53.363,0,1
ecgclass__app9,2.5776,309.738,281.672,0,0
ecgclass__app7,2.5791,309.193,282.258,0,1
ecgclass__app3,2.5777,310.681,282.433,0,1
ecgclass__app6,2.5785,310.117,282.474,0,1
ecgclass__app2,2.5764,312.721,283.225,0,1
ecgclass__app4,2.5809,308.464,283.512,0,1
ecgclass__app1,2.5787,310.842,283.726,0,1
ecgclass__app8,2.5773,313.347,285.156,0,0
ecgclass__app5,2.5780,312.842,285.233,0,1
ecgclass,2.6162,310.476,53.327,0,1
ecgclass__app5,2.8909,307.580,282.588,0,1
ecgclass__app3,2.8884,310.684,282.877,0,1
ecgclass__app4,2.8894,309.947,283.173,0,1
ecgclass__app8,2.8907,308.975,283.279,0,0
ecgclass__app2,2.8891,310.860,283.964,0,1
ecgclass__app7,2.8883,311.784,283.992,0,1
ecgclass__app1,2.8896,310.885,284.526,0,1
ecgclass__app9,2.8874,313.305,284.608,0,0
ecgclass__app6,2.8886,312.973,285.938,0,1
ecgclass,2.9267,310.841,53.421,0,1
ecgclass__app6,3.2016,310.553,285.340,0,1
ecgclass__app2,3.2000,313.634,286.127,0,1
ecgclass__app8,3.1997,314.071,286.352,0,0
ecgclass__app1,3.2005,313.726,286.701,0,1
ecgclass__app5,3.1985,315.807,286.733,0,1
ecgclass__app9,3.2007,313.665,286.834,0,0
ecgclass__app7,3.2001,314.304,286.905,0,1
ecgclass__app3,3.1991,315.585,286.952,0,1
ecgclass__app4,3.1994,315.761,288.492,0,1
ecgclass,3.2375,313.182,51.297,0,1
ecgclass__app7,3.5144,308.303,282.801,0,1
ecgclass__app3,3.5147,308.428,283.232,0,1
ecgclass__app2,3.5137,309.763,283.375,0,1
ecgclass__app4,3.5151,309.136,284.238,0,1
ecgclass__app9,3.5144,310.242,284.274,0,0
ecgclass__app8,3.5138,310.915,284.306,0,0
ecgclass__app1,3.5142,310.616,284.416,0,1
ecgclass__app6,3.5122,312.734,284.473,0,1
ecgclass__app5,3.5143,311.256,285.849,0,1
ecgclass,3.5507,310.621,51.534,0,1
ecgclass__app8,3.8247,309.368,283.404,0,0
ecgclass__app3,3.8232,312.583,284.516,0,1
ecgclass__app6,3.8249,310.905,284.883,0,1
ecgclass__app2,3.8234,312.730,285.179,0,1
ecgclass__app1,3.8249,312.727,286.955,0,1
ecgclass__app5,3.8256,312.128,287.147,0,1
ecgclass__app9,3.8246,313.462,287.501,0,0
ecgclass__app4,3.8243,313.979,287.539,0,1
ecgclass__app7,3.8227,316.622,288.996,0,1
ecgclass,3.8614,314.187,54.244,0,1
ecgclass__app4,4.1383,310.231,283.553,0,1
ecgclass__app6,4.1359,312.778,283.748,0,1
ecgclass__app8,4.1341,315.060,284.011,0,0
ecgclass__app9,4.1381,311.140,284.162,0,0
ecgclass__app1,4.1376,311.893,284.599,0,1
ecgclass__app2,4.1362,313.507,284.714,0,1
ecgclass__app3,4.1357,314.161,285.592,0,1
ecgclass__app7,4.1394,311.389,286.478,0,1
ecgclass__app5,4.1377,313.333,286.676,0,1
ecgclass,4.1756,311.310,53.535,0,1
ecgclass__app2,4.4497,313.332,286.771,0,1
ecgclass__app8,4.4491,314.583,287.170,0,0
ecgclass__app7,4.4508,313.066,287.386,0,1
ecgclass__app9,4.4492,314.981,287.576,0,0
ecgclass__app1,4.4495,314.773,287.614,0,1
ecgclass__app6,4.4487,315.686,287.680,0,1
ecgclass__app5,4.4510,313.622,288.429,0,1
ecgclass__app3,4.4499,315.168,288.741,0,1
ecgclass__app4,4.4485,316.787,289.116,0,1
ecgclass,4.4869,315.211,53.317,0,1
ecgclass__app5,4.7647,311.111,284.528,0,1
ecgclass__app7,4.7638,312.728,285.348,0,1
ecgclass__app3,4.7651,312.475,286.246,0,1
ecgclass__app1,4.7643,313.369,286.442,0,1
ecgclass__app4,4.7653,312.560,286.471,0,1
ecgclass__app8,4.7637,314.770,287.169,0,0
ecgclass__app6,4.7643,314.244,287.240,0,1
ecgclass__app2,4.7630,315.812,287.409,0,1
ecgclass__app9,4.7642,314.909,288.090,0,0
ecgclass,4.8021,313.315,52.743,0,1
ecgclass__app4,5.0779,314.019,287.331,0,1
ecgclass__app2,5.0789,313.848,287.700,0,1
ecgclass__app1,5.0777,315.140,287.825,0,1
ecgclass__app9,5.0791,314.045,288.161,0,0
ecgclass__app7,5.0766,316.805,288.204,0,1
ecgclass__app6,5.0786,314.851,288.314,0,1
ecgclass__app8,5.0785,315.279,289.110,0,0
ecgclass__app5,5.0758,318.081,289.240,0,1
ecgclass__app3,5.0776,316.560,289.444,0,1
ecgclass,5.1155,315.205,51.471,0,1
ecgclass__app6,5.3935,311.457,284.584,0,1
ecgclass__app7,5.3934,311.686,284.874,0,1
ecgclass__app1,5.3928,312.313,284.975,0,1
ecgclass__app4,5.3919,313.629,285.217,0,1
ecgclass__app2,5.3927,312.963,285.738,0,1
ecgclass__app8,5.3938,311.952,285.825,0,0
ecgclass__app9,5.3932,312.939,286.173,0,0
ecgclass__app3,5.3942,312.210,286.686,0,1
ecgclass__app5,5.3939,312.649,286.882,0,1
ecgclass,5.4307,311.859,52.430,0,1
ecgclass__app8,5.7058,311.450,285.546,0,0
ecgclass__app2,5.7057,312.020,285.970,0,1
ecgclass__app3,5.7064,312.538,286.473,0,1
ecgclass__app9,5.7061,313.260,286.876,0,0
ecgclass__app1,5.7051,314.354,287.007,0,1
ecgclass__app7,5.7051,314.452,287.159,0,1
ecgclass__app6,5.7049,314.881,287.263,0,1
ecgclass__app5,5.7066,313.459,287.410,0,1
ecgclass__app4,5.7056,314.679,288.768,0,1
ecgclass,5.7426,313.951,53.014,0,1
ecgclass__app3,6.0189,312.187,285.471,0,1
ecgclass__app6,6.0198,312.062,286.331,0,1
ecgclass__app8,6.0172,315.204,286.788,0,0
ecgclass__app2,6.0177,315.500,287.316,0,1
ecgclass__app7,6.0195,314.233,287.600,0,1
ecgclass__app5,6.0200,314.046,287.731,0,1
ecgclass__app4,6.0203,314.124,288.037,0,1
ecgclass__app1,6.0195,315.000,288.078,0,1
ecgclass__app9,6.0194,315.421,288.313,0,0
ecgclass,6.0565,314.411,53.385,0,1
ecgclass__app8,6.3324,313.519,285.787,0,0
ecgclass__app6,6.3319,314.719,286.169,0,1
ecgclass__app7,6.3338,312.934,286.678,0,1
ecgclass__app4,6.3344,312.679,286.928,0,1
ecgclass__app5,6.3341,313.933,287.912,0,1
ecgclass__app3,6.3311,317.159,288.186,0,1
ecgclass__app1,6.3345,314.325,288.790,0,1
ecgclass__app2,6.3333,315.827,289.081,0,1
ecgclass__app9,6.3348,314.692,289.674,0,0
ecgclass,6.3710,314.359,52.547,0,1
ecgclass__app5,6.6480,310.697,283.553,0,1
ecgclass__app4,6.6471,311.813,283.819,0,1
ecgclass__app6,6.6466,312.757,284.550,0,1
ecgclass__app8,6.6460,313.754,284.705,0,0
ecgclass__app7,6.6467,313.095,284.852,0,1
ecgclass__app9,6.6495,310.341,284.885,0,0
ecgclass__app1,6.6488,311.717,285.689,0,1
ecgclass__app3,6.6483,312.618,286.099,0,1
ecgclass__app2,6.6491,313.337,287.980,0,1
ecgclass,6.6853,311.923,51.898,0,1
ecgclass__app9,6.9599,309.572,282.690,0,0
ecgclass__app8,6.9597,310.408,283.377,0,0
ecgclass__app1,6.9606,309.843,283.483,0,1
ecgclass__app4,6.9589,312.253,284.148,0,1
ecgclass__app5,6.9587,312.680,284.455,0,1
ecgclass__app6,6.9594,312.178,284.546,0,1
ecgclass__app3,6.9609,311.527,285.670,0,1
ecgclass__app7,6.9598,312.928,285.963,0,1
ecgclass__app2,6.9624,311.305,287.070,0,1
ecgclass,6.9973,312.419,53.447,0,1
ecgclass__app1,7.2704,311.595,283.341,0,1
ecgclass__app9,7.2695,313.674,283.759,0,0
ecgclass__app7,7.2728,310.518,283.928,0,1
ecgclass__app6,7.2716,312.098,284.079,0,1
ecgclass__app4,7.2712,312.772,284.209,0,1
ecgclass__app2,7.2738,310.278,284.316,0,1
ecgclass__app8,7.2702,313.904,284.420,0,0
ecgclass__app5,7.2714,312.684,284.504,0,1
ecgclass__app3,7.2725,311.682,284.525,0,1
ecgclass,7.3097,309.879,50.581,0,1
ecgclass__app5,7.5841,305.948,280.043,0,1
ecgclass__app1,7.5820,308.184,280.483,0,1
ecgclass__app9,7.5832,307.411,280.761,0,0
ecgclass__app4,7.5840,306.825,280.795,0,1
ecgclass__app3,7.5841,306.832,280.965,0,1
ecgclass__app8,7.5841,307.089,280.987,0,0
ecgclass__app2,7.5840,307.376,282.022,0,1
ecgclass__app7,7.5833,308.181,282.233,0,1
ecgclass__app6,7.5837,308.481,283.365,0,1
ecgclass,7.6196,308.660,52.054,0,1
ecgclass__app1,7.8902,306.181,278.869,0,1
ecgclass__app8,7.8912,306.416,279.150,0,0
ecgclass__app5,7.8901,307.621,279.310,0,1
ecgclass__app4,7.8908,307.337,279.541,0,1
ecgclass__app6,7.8922,306.026,279.585,0,1
ecgclass__app7,7.8915,306.931,279.904,0,1
ecgclass__app3,7.8910,307.500,279.938,0,1
ecgclass__app2,7.8914,307.122,279.975,0,1
ecgclass__app9,7.8906,308.300,281.045,0,0
ecgclass,7.9283,305.776,51.238,0,1
ecgclass__app6,8.1982,308.466,282.569,0,1
ecgclass__app4,8.1982,308.733,282.614,0,1
ecgclass__app9,8.1989,308.229,282.699,0,0
ecgclass__app8,8.1976,310.005,283.558,0,0
ecgclass__app1,8.1964,311.271,283.873,0,1
ecgclass__app3,8.1985,309.256,283.909,0,1
ecgclass__app7,8.1984,309.852,284.663,0,1
ecgclass__app2,8.1985,309.948,284.696,0,1
ecgclass__app5,8.1977,310.963,284.793,0,1
ecgclass,8.2341,311.033,52.802,0,1
ecgclass__app6,8.5067,308.768,280.791,0,1
ecgclass__app8,8.5076,308.937,281.645,0,0
ecgclass__app1,8.5077,309.101,281.782,0,1
ecgclass__app5,8.5087,308.511,281.984,0,1
ecgclass__app2,8.5085,308.761,282.075,0,1
ecgclass__app9,8.5072,310.319,282.221,0,0
ecgclass__app7,8.5083,309.261,282.329,0,1
ecgclass__app4,8.5069,310.889,283.152,0,1
ecgclass__app3,8.5078,310.926,284.461,0,1
ecgclass,8.5451,308.267,50.117,0,1
ecgclass__app8,8.8166,307.883,281.451,0,0
ecgclass__app3,8.8187,307.091,282.488,0,1
ecgclass__app2,8.8173,308.637,282.531,0,1
ecgclass__app6,8.8155,310.706,282.593,0,1
ecgclass__app4,8.8178,308.666,282.827,0,1
ecgclass__app1,8.8168,309.710,282.856,0,1
ecgclass__app9,8.8175,309.296,282.885,0,0
ecgclass__app5,8.8172,309.746,282.957,0,1
ecgclass__app7,8.8175,309.516,283.020,0,1
ecgclass,8.8534,309.080,51.276,0,1
ecgclass__app3,9.1258,308.421,282.435,0,1
ecgclass__app4,9.1265,309.068,283.380,0,1
ecgclass__app2,9.1259,309.861,283.572,0,1
ecgclass__app9,9.1268,309.824,284.305,0,0
ecgclass__app5,9.1270,309.720,284.408,0,1
ecgclass__app8,9.1245,312.497,284.526,0,0
ecgclass__app7,9.1271,310.108,284.704,0,1
ecgclass__app6,9.1262,311.155,285.021,0,1
ecgclass__app1,9.1265,311.235,286.075,0,1
ecgclass,9.1625,310.908,52.521,0,1
ecgclass__app3,9.4342,311.582,283.144,0,1
ecgclass__app8,9.4370,309.940,284.104,0,0
ecgclass__app6,9.4374,309.676,284.247,0,1
ecgclass__app7,9.4372,311.318,285.315,0,1
ecgclass__app4,9.4356,313.363,285.591,0,1
ecgclass__app2,9.4358,313.217,285.865,0,1
ecgclass__app1,9.4378,311.819,286.898,0,1
ecgclass__app5,9.4367,313.226,287.083,0,1
ecgclass__app9,9.4366,313.385,287.154,0,0
ecgclass,9.4734,312.051,52.700,0,1
ecgclass__app9,9.7500,307.163,281.768,0,0
ecgclass__app1,9.7496,307.685,281.939,0,1
ecgclass__app8,9.7469,310.569,282.054,0,0
ecgclass__app7,9.7485,309.882,282.263,0,1
ecgclass__app4,9.7489,309.729,283.524,0,1
ecgclass__app5,9.7499,309.000,283.721,0,1
ecgclass__app3,9.7458,313.384,284.097,0,1
ecgclass__app2,9.7490,310.412,284.641,0,1
ecgclass__app6,9.7471,313.062,285.444,0,1
ecgclass,9.7855,309.837,52.525,0,1
ecgclass__app4,10.0587,309.100,282.310,0,1
ecgclass__app1,10.0573,310.611,282.422,0,1
ecgclass__app2,10.0594,308.707,282.787,0,1
ecgclass__app9,10.0572,311.354,283.567,0,0
ecgclass__app3,10.0592,309.575,283.665,0,1
ecgclass__app8,10.0575,311.460,283.924,0,0
ecgclass__app7,10.0584,310.637,283.998,0,1
ecgclass__app5,10.0589,310.579,284.731,0,1
ecgclass__app6,10.0601,310.999,286.639,0,1
ecgclass,10.0954,311.595,53.305,0,1
ecgclass__app5,10.3695,311.857,284.670,0,1
ecgclass__app3,10.3688,312.701,284.922,0,1
ecgclass__app2,10.3682,313.620,285.100,0,1
ecgclass__app7,10.3691,313.201,286.051,0,1
ecgclass__app8,10.3690,313.496,286.189,0,0
ecgclass__app1,10.3679,314.748,286.266,0,1
ecgclass__app9,10.3686,314.343,286.475,0,0
ecgclass__app6,10.3711,311.979,286.974,0,1
ecgclass__app4,10.3678,315.397,287.091,0,1
ecgclass,10.4070,312.485,51.430,0,1
ecgclass__app1,10.6827,309.962,283.912,0,1
ecgclass__app6,10.6831,310.191,284.257,0,1
ecgclass__app5,10.6814,312.280,284.309,0,1
ecgclass__app8,10.6825,311.244,284.502,0,0
ecgclass__app3,10.6815,312.436,284.573,0,1
ecgclass__app9,10.6829,311.139,284.604,0,0
ecgclass__app4,10.6832,311.283,285.812,0,1
ecgclass__app2,10.6818,313.020,286.064,0,1
ecgclass__app7,10.6823,313.527,287.237,0,1
ecgclass,10.7195,311.256,52.343,0,1
ecgclass__app9,10.9940,307.565,281.480,0,0
ecgclass__app6,10.9933,308.799,281.786,0,1
ecgclass__app4,10.9945,307.910,282.143,0,1
ecgclass__app8,10.9938,309.433,282.989,0,0
ecgclass__app5,10.9937,310.210,283.589,0,1
ecgclass__app1,10.9927,311.417,283.642,0,1
ecgclass__app2,10.9948,309.517,283.685,0,1
ecgclass__app7,10.9958,308.608,283.769,0,1
ecgclass__app3,10.9940,310.694,283.977,0,1
ecgclass,11.0307,309.959,52.525,0,1
ecgclass__app5,11.3039,309.507,283.718,0,1
ecgclass__app8,11.3032,310.980,284.523,0,0
ecgclass__app1,11.3041,310.347,284.624,0,1
ecgclass__app2,11.3044,310.154,284.847,0,1
ecgclass__app4,11.3024,312.428,285.383,0,1
ecgclass__app6,11.3021,312.933,285.774,0,1
ecgclass__app9,11.3016,314.155,286.333,0,0
ecgclass__app7,11.3044,311.713,286.685,0,1
ecgclass__app3,11.3047,312.701,288.240,0,1
ecgclass,11.3407,312.170,53.578,0,1
ecgclass__app8,11.6142,313.901,285.834,0,0
ecgclass__app4,11.6148,313.417,286.028,0,1
ecgclass__app2,11.6145,314.394,286.571,0,1
ecgclass__app9,11.6158,313.215,286.605,0,0
ecgclass__app1,11.6144,314.800,286.741,0,1
ecgclass__app3,11.6174,312.131,287.044,0,1
ecgclass__app6,11.6151,314.502,287.069,0,1
ecgclass__app7,11.6161,314.417,288.768,0,1
ecgclass__app5,11.6134,317.472,289.057,0,1
ecgclass,11.6529,312.841,51.555,0,1
ecgclass__app8,11.9281,307.336,280.096,0,0
ecgclass__app6,11.9296,306.008,280.376,0,1
ecgclass__app2,11.9289,307.758,281.452,0,1
ecgclass__app3,11.9295,307.265,281.491,0,1
ecgclass__app1,11.9293,307.876,281.702,0,1
ecgclass__app5,11.9309,306.405,281.781,0,1
ecgclass__app4,11.9283,309.397,282.627,0,1
ecgclass__app9,11.9290,309.166,283.264,0,0
ecgclass__app7,11.9306,309.052,284.822,0,1
ecgclass,11.9658,310.243,52.709,0,1
ecgclass__app1,12.2371,313.686,286.218,0,1
ecgclass__app3,12.2368,314.607,286.968,0,1
ecgclass__app8,12.2355,317.019,287.503,0,0
ecgclass__app2,12.2367,316.188,287.745,0,1
ecgclass__app6,12.2356,317.351,287.909,0,1
ecgclass__app7,12.2396,313.547,288.002,0,1
ecgclass__app9,12.2382,315.218,288.106,0,0
ecgclass__app5,12.2373,316.406,289.231,0,1
ecgclass__app4,12.2377,317.274,290.617,0,1
ecgclass,12.2760,314.140,50.535,0,1
ecgclass__app2,12.5529,309.290,282.563,0,1
ecgclass__app9,12.5534,309.252,283.063,0,0
ecgclass__app8,12.5525,310.482,283.277,0,0
ecgclass__app6,12.5530,310.640,284.016,0,1
ecgclass__app1,12.5509,312.995,284.229,0,1
ecgclass__app3,12.5514,312.779,284.638,0,1
ecgclass__app5,12.5537,311.447,285.685,0,1
ecgclass__app7,12.5532,312.606,286.396,0,1
ecgclass__app4,12.5550,311.087,286.620,0,1
ecgclass,12.5902,311.247,52.735,0,1
ecgclass__app4,12.8660,307.130,281.781,0,1
ecgclass__app6,12.8636,309.726,282.169,0,1
ecgclass__app7,12.8658,307.805,282.261,0,1
ecgclass__app2,12.8622,311.734,283.183,0,1
ecgclass__app8,12.8630,311.755,283.814,0,0
ecgclass__app5,12.8652,309.954,283.998,0,1
ecgclass__app9,12.8627,312.531,284.206,0,0
ecgclass__app3,12.8642,311.265,284.237,0,1
ecgclass__app1,12.8639,311.657,284.273,0,1
ecgclass,12.9014,310.526,52.646,0,1
ecgclass__app9,13.1752,309.951,283.989,0,0
ecgclass__app2,13.1739,312.167,284.880,0,1
ecgclass__app4,13.1732,313.242,284.995,0,1
ecgclass__app1,13.1755,311.590,285.733,0,1
ecgclass__app5,13.1752,312.195,286.003,0,1
ecgclass__app8,13.1748,312.886,286.040,0,0
ecgclass__app6,13.1734,314.815,286.978,0,1
ecgclass__app3,13.1755,312.894,287.037,0,1
ecgclass__app7,13.1736,314.976,287.639,0,1
ecgclass,13.2120,312.659,52.182,0,1
ecgclass__app7,13.4886,308.264,282.689,0,1
ecgclass__app1,13.4871,309.866,282.807,0,1
ecgclass__app4,13.4865,310.845,282.910,0,1
ecgclass__app3,13.4884,309.020,282.987,0,1
ecgclass__app9,13.4852,312.425,283.167,0,0
ecgclass__app6,13.4882,309.620,283.197,0,1
ecgclass__app5,13.4874,310.730,284.011,0,1
ecgclass__app2,13.4861,312.030,284.097,0,1
ecgclass__app8,13.4876,310.562,284.217,0,0
ecgclass,13.5247,309.449,52.123,0,1
ecgclass__app5,13.7981,309.969,284.997,0,1
ecgclass__app1,13.7970,311.615,285.415,0,1
ecgclass__app2,13.7982,310.893,285.621,0,1
ecgclass__app4,13.7973,312.781,286.751,0,1
ecgclass__app9,13.7976,312.547,286.844,0,0
ecgclass__app7,13.7969,313.635,286.930,0,1
ecgclass__app3,13.7974,313.346,286.998,0,1
ecgclass__app6,13.7978,313.012,287.026,0,1
ecgclass__app8,13.7982,312.666,287.098,0,0
ecgclass,13.8341,312.669,51.489,0,1
ecgclass__app5,14.1081,310.162,282.221,0,1
ecgclass__app4,14.1101,309.318,282.949,0,1
ecgclass__app6,14.1108,308.699,283.017,0,1
ecgclass__app9,14.1102,309.566,283.085,0,0
ecgclass__app8,14.1109,309.097,283.148,0,0
ecgclass__app7,14.1105,309.599,283.240,0,1
ecgclass__app1,14.1087,311.756,284.134,0,1
ecgclass__app3,14.1108,309.850,284.192,0,1
ecgclass__app2,14.1091,311.736,284.536,0,1
ecgclass,14.1468,310.046,51.969,0,1
ecgclass__app8,14.4200,309.286,283.186,0,0
ecgclass__app5,14.4183,311.953,284.142,0,1
ecgclass__app3,14.4206,309.864,284.225,0,1
ecgclass__app7,14.4202,311.349,285.122,0,1
ecgclass__app2,14.4208,310.885,285.252,0,1
ecgclass__app4,14.4194,312.343,285.284,0,1
ecgclass__app9,14.4198,312.787,286.334,0,0
ecgclass__app6,14.4195,313.214,286.639,0,1
ecgclass__app1,14.4204,312.605,287.038,0,1
ecgclass,14.4569,311.844,52.750,0,1
ecgclass__app6,14.7328,309.976,284.572,0,1
ecgclass__app2,14.7317,311.187,284.658,0,1
ecgclass__app3,14.7305,312.857,285.145,0,1
ecgclass__app9,14.7326,311.822,286.034,0,0
ecgclass__app8,14.7293,315.180,286.195,0,0
ecgclass__app7,14.7315,313.302,286.404,0,1
ecgclass__app5,14.7303,314.650,286.633,0,1
ecgclass__app1,14.7330,312.652,287.770,0,1
ecgclass__app4,14.7318,313.980,287.799,0,1
ecgclass,14.7687,312.426,52.981,0,1
ecgclass__app2,15.0429,306.991,279.545,0,1
ecgclass__app3,15.0434,307.544,279.883,0,1
ecgclass__app7,15.0448,306.351,280.161,0,1
ecgclass__app1,15.0457,305.554,280.195,0,1
ecgclass__app4,15.0458,305.751,280.307,0,1
ecgclass__app9,15.0444,307.188,280.522,0,0
ecgclass__app6,15.0427,310.529,282.862,0,1
ecgclass__app8,15.0445,308.874,282.967,0,0
ecgclass__app5,15.0449,308.657,283.055,0,1
ecgclass,15.0812,307.436,51.128,0,1
ecgclass__app2,15.3499,313.151,285.108,0,1
ecgclass__app1,15.3513,313.069,285.752,0,1
ecgclass__app7,15.3512,313.252,285.821,0,1
ecgclass__app5,15.3536,311.213,285.982,0,1
ecgclass__app8,15.3534,311.534,286.008,0,0
ecgclass__app6,15.3533,311.866,286.313,0,1
ecgclass__app4,15.3515,313.685,286.487,0,1
ecgclass__app3,15.3509,314.629,287.723,0,1
ecgclass__app9,15.3516,314.991,288.793,0,0
ecgclass,15.3886,313.159,53.005,0,1
ecgclass__app3,15.6656,311.467,285.223,0,1
ecgclass__app9,15.6666,310.595,285.369,0,0
ecgclass__app7,15.6644,313.059,285.480,0,1
ecgclass__app6,15.6652,312.537,285.518,0,1
ecgclass__app5,15.6648,313.268,285.574,0,1
ecgclass__app4,15.6652,312.913,285.649,0,1
ecgclass__app2,15.6631,315.076,285.799,0,1
ecgclass__app1,15.6643,313.875,286.344,0,1
ecgclass__app8,15.6649,313.601,286.733,0,0
ecgclass,15.7018,312.184,52.006,0,1
ecgclass__app6,15.9777,306.925,281.307,0,1
ecgclass__app8,15.9785,307.309,282.195,0,0
ecgclass__app2,15.9782,307.787,282.255,0,1
ecgclass__app5,15.9781,308.829,283.395,0,1
ecgclass__app3,15.9771,309.955,283.435,0,1
ecgclass__app1,15.9782,309.109,283.513,0,1
ecgclass__app4,15.9781,309.287,283.556,0,1
ecgclass__app7,15.9775,310.164,284.187,0,1
ecgclass__app9,15.9772,311.716,285.819,0,0
ecgclass,16.0140,310.308,53.321,0,1
ecgclass__app8,16.2859,309.354,281.176,0,0
ecgclass__app3,16.2870,308.346,281.270,0,1
ecgclass__app2,16.2860,309.429,281.366,0,1
ecgclass__app7,16.2877,308.050,282.038,0,1
ecgclass__app4,16.2874,308.400,282.149,0,1
ecgclass__app6,16.2847,311.496,282.378,0,1
ecgclass__app5,16.2869,309.807,282.998,0,1
ecgclass__app1,16.2873,309.473,283.075,0,1
ecgclass__app9,16.2889,308.354,283.669,0,0
ecgclass,16.3243,309.240,52.026,0,1
ecgclass__app6,16.5962,308.267,281.587,0,1
ecgclass__app3,16.5954,310.000,282.361,0,1
ecgclass__app5,16.5967,309.990,283.013,0,1
ecgclass__app8,16.5952,311.942,283.598,0,0
ecgclass__app9,16.5973,309.960,283.724,0,0
ecgclass__app2,16.5954,312.133,283.991,0,1
ecgclass__app4,16.5959,311.893,284.316,0,1
ecgclass__app7,16.5958,313.005,285.983,0,1
ecgclass__app1,16.5968,312.761,286.979,0,1
ecgclass,16.6336,311.676,52.718,0,1
ecgclass__app3,16.9054,310.406,281.499,0,1
ecgclass__app1,16.9096,306.351,281.954,0,1
ecgclass__app4,16.9078,309.334,282.612,0,1
ecgclass__app7,16.9088,308.694,283.398,0,1
ecgclass__app2,16.9076,309.990,283.429,0,1
ecgclass__app6,16.9045,313.908,284.329,0,1
ecgclass__app8,16.9072,311.275,284.406,0,0
ecgclass__app9,16.9073,312.757,286.301,0,0
ecgclass__app5,16.9067,313.550,286.413,0,1
ecgclass,16.9453,310.323,52.774,0,1
ecgclass__app8,17.2185,312.283,285.620,0,0
ecgclass__app5,17.2203,310.618,285.819,0,1
ecgclass__app2,17.2176,313.790,286.370,0,1
ecgclass__app9,17.2200,312.170,287.120,0,0
ecgclass__app3,17.2158,316.499,287.149,0,1
ecgclass__app7,17.2175,315.286,287.301,0,1
ecgclass__app1,17.2160,316.902,287.479,0,1
ecgclass__app4,17.2171,316.057,288.148,0,1
ecgclass__app6,17.2184,314.875,288.218,0,1
ecgclass,17.2556,314.162,52.671,0,1
ecgclass__app8,17.5308,310.685,282.881,0,0
ecgclass__app6,17.5333,309.846,283.428,0,1
ecgclass__app9,17.5322,311.012,283.804,0,0
ecgclass__app5,17.5309,312.588,283.970,0,1
ecgclass__app2,17.5314,312.385,284.152,0,1
ecgclass__app3,17.5323,311.502,284.225,0,1
ecgclass__app1,17.5329,311.238,284.252,0,1
ecgclass__app7,17.5328,311.402,284.332,0,1
ecgclass__app4,17.5332,311.177,284.534,0,1
ecgclass,17.5698,309.959,51.425,0,1
ecgclass__app8,17.8415,308.941,281.159,0,0
ecgclass__app9,17.8433,307.312,281.240,0,0
ecgclass__app7,17.8442,307.266,282.257,0,1
ecgclass__app3,17.8438,307.734,282.296,0,1
ecgclass__app4,17.8444,307.497,282.543,0,1
ecgclass__app2,17.8438,308.891,283.495,0,1
ecgclass__app1,17.8441,308.717,283.543,0,1
ecgclass__app5,17.8435,309.510,283.626,0,1
ecgclass__app6,17.8431,310.474,284.673,0,1
ecgclass,17.8798,308.761,51.504,0,1
ecgclass__app2,18.1527,307.976,282.532,0,1
ecgclass__app8,18.1504,311.439,283.086,0,0
ecgclass__app6,18.1536,308.380,283.125,0,1
ecgclass__app9,18.1506,311.640,283.267,0,0
ecgclass__app7,18.1515,310.964,283.441,0,1
ecgclass__app5,18.1531,309.615,283.784,0,1
ecgclass__app1,18.1529,309.973,284.543,0,1
ecgclass__app4,18.1519,311.456,285.419,0,1
ecgclass__app3,18.1516,312.259,286.052,0,1
ecgclass,18.1886,310.229,51.753,0,1
ecgclass__app7,18.4624,305.920,279.280,0,1
ecgclass__app5,18.4627,305.843,279.552,0,1
ecgclass__app4,18.4633,305.459,279.587,0,1
ecgclass__app6,18.4620,307.147,279.892,0,1
ecgclass__app9,18.4622,306.976,280.009,0,0
ecgclass__app1,18.4629,306.390,280.441,0,1
ecgclass__app2,18.4607,308.912,281.065,0,1
ecgclass__app8,18.4619,308.167,281.788,0,0
ecgclass__app3,18.4638,307.078,282.761,0,1
ecgclass,18.4988,308.067,52.376,0,1
ecgclass__app9,18.7692,311.689,283.810,0,0
ecgclass__app3,18.7709,310.427,284.578,0,1
ecgclass__app5,18.7685,312.911,284.755,0,1
ecgclass__app4,18.7688,312.840,284.791,0,1
ecgclass__app7,18.7684,313.667,285.108,0,1
ecgclass__app2,18.7696,312.543,285.564,0,1
ecgclass__app1,18.7693,312.905,285.647,0,1
ecgclass__app8,18.7701,312.339,285.674,0,0
ecgclass__app6,18.7691,313.328,285.709,0,1
ecgclass,18.8069,311.044,50.684,0,1
ecgclass__app3,19.0814,306.196,280.076,0,1
ecgclass__app1,19.0822,306.317,280.598,0,1
ecgclass__app8,19.0824,306.175,280.857,0,0
ecgclass__app2,19.0821,306.790,280.935,0,1
ecgclass__app9,19.0809,308.189,281.149,0,0
ecgclass__app6,19.0825,307.204,281.957,0,1
ecgclass__app5,19.0815,308.509,282.379,0,1
ecgclass__app7,19.0821,307.970,282.486,0,1
ecgclass__app4,19.0817,309.302,283.608,0,1
ecgclass,19.1180,308.283,52.080,0,1
ecgclass__app8,19.3886,310.996,283.443,0,0
ecgclass__app3,19.3876,312.164,283.632,0,1
ecgclass__app4,19.3910,308.824,283.757,0,1
ecgclass__app7,19.3900,310.121,283.801,0,1
ecgclass__app6,19.3897,310.701,283.883,0,1
ecgclass__app9,19.3891,311.528,283.943,0,0
ecgclass__app2,19.3889,311.801,284.013,0,1
ecgclass__app1,19.3885,312.448,284.873,0,1
ecgclass__app5,19.3900,311.233,285.990,0,1
ecgclass,19.4263,310.687,52.373,0,1
ecgclass__app6,19.7004,307.370,281.573,0,1
ecgclass__app8,19.6996,309.366,282.122,0,0
ecgclass__app3,19.6997,309.347,282.289,0,1
ecgclass__app4,19.6998,309.617,282.432,0,1
ecgclass__app2,19.7007,308.897,282.465,0,1
ecgclass__app1,19.7010,308.824,282.660,0,1
ecgclass__app9,19.7007,309.405,283.911,0,0
ecgclass__app7,19.7002,309.967,284.002,0,1
ecgclass__app5,19.7012,309.214,284.314,0,1
ecgclass,19.7370,309.144,51.669,0,1
ecgclass__app4,20.0094,307.891,282.142,0,1
ecgclass__app7,20.0101,308.091,282.645,0,1
ecgclass__app3,20.0091,309.540,283.116,0,1
ecgclass__app8,20.0090,309.751,283.185,0,0
ecgclass__app9,20.0101,308.719,283.250,0,0
ecgclass__app1,20.0098,309.406,283.889,0,1
ecgclass__app2,20.0096,309.625,283.921,0,1
ecgclass__app6,20.0078,311.519,283.993,0,1
ecgclass__app5,20.0104,310.487,285.956,0,1
ecgclass,20.0461,310.257,52.644,0,1
ecgclass__app8,20.3187,311.093,284.413,0,0
ecgclass__app6,20.3193,310.912,284.767,0,1
ecgclass__app4,20.3173,313.575,285.468,0,1
ecgclass__app3,20.3187,312.487,285.532,0,1
ecgclass__app1,20.3192,312.852,286.204,0,1
ecgclass__app9,20.3188,313.539,286.568,0,0
ecgclass__app5,20.3209,311.474,286.643,0,1
ecgclass__app2,20.3193,313.183,286.685,0,1
ecgclass__app7,20.3182,315.145,288.116,0,1
ecgclass,20.3564,311.955,51.796,0,1
ecgclass__app8,20.6299,312.269,284.307,0,0
ecgclass__app1,20.6321,311.257,284.619,0,1
ecgclass__app9,20.6323,311.129,284.753,0,0
ecgclass__app3,20.6312,312.674,285.003,0,1
ecgclass__app6,20.6302,313.841,285.123,0,1
ecgclass__app7,20.6334,310.779,285.146,0,1
ecgclass__app4,20.6309,313.441,285.306,0,1
ecgclass__app5,20.6324,312.167,286.511,0,1
ecgclass__app2,20.6325,312.342,287.049,0,1
ecgclass,20.6684,312.908,52.253,0,1
ecgclass__app8,20.9422,310.307,281.760,0,0
ecgclass__app7,20.9442,309.763,282.368,0,1
ecgclass__app1,20.9433,310.725,282.464,0,1
ecgclass__app6,20.9441,310.331,283.001,0,1
ecgclass__app3,20.9439,310.641,283.079,0,1
ecgclass__app9,20.9435,311.074,283.204,0,0
ecgclass__app5,20.9446,310.249,283.288,0,1
ecgclass__app4,20.9444,310.719,284.269,0,1
ecgclass__app2,20.9448,311.853,286.175,0,1
ecgclass,20.9813,310.313,52.178,0,1
ecgclass__app6,21.2544,313.550,286.696,0,1
ecgclass__app9,21.2546,313.593,286.761,0,0
ecgclass__app3,21.2545,313.725,287.034,0,1
ecgclass__app7,21.2540,315.064,287.512,0,1
ecgclass__app8,21.2525,316.648,287.578,0,0
ecgclass__app5,21.2549,314.324,287.768,0,1
ecgclass__app4,21.2551,314.314,288.110,0,1
ecgclass__app1,21.2541,315.598,288.915,0,1
ecgclass__app2,21.2567,313.744,289.607,0,1
ecgclass,21.2916,315.183,53.370,0,1
ecgclass__app2,21.5704,310.702,285.334,0,1
ecgclass__app1,21.5697,312.305,285.932,0,1
ecgclass__app5,21.5692,313.124,286.196,0,1
ecgclass__app9,21.5682,314.240,286.415,0,0
ecgclass__app3,21.5682,314.714,287.128,0,1
ecgclass__app6,21.5680,315.215,287.411,0,1
ecgclass__app8,21.5691,314.156,287.453,0,0
ecgclass__app7,21.5690,315.686,289.028,0,1
ecgclass__app4,21.5694,315.558,289.210,0,1
ecgclass,21.6068,314.046,53.170,0,1
ecgclass__app7,21.8847,305.525,280.143,0,1
ecgclass__app3,21.8830,308.092,280.559,0,1
ecgclass__app2,21.8811,310.015,280.602,0,1
ecgclass__app1,21.8820,309.213,281.014,0,1
ecgclass__app4,21.8850,307.155,281.962,0,1
ecgclass__app6,21.8832,309.143,282.259,0,1
ecgclass__app9,21.8824,310.829,283.274,0,0
ecgclass__app8,21.8833,310.379,283.856,0,0
ecgclass__app5,21.8823,312.213,284.708,0,1
ecgclass,21.9209,309.482,52.352,0,1
ecgclass__app7,22.1903,312.590,284.046,0,1
ecgclass__app4,22.1922,312.003,284.533,0,1
ecgclass__app5,22.1946,309.920,284.609,0,1
ecgclass__app3,22.1911,313.490,284.854,0,1
ecgclass__app6,22.1924,312.559,285.082,0,1
ecgclass__app1,22.1912,313.814,285.190,0,1
ecgclass__app9,22.1933,311.813,285.238,0,0
ecgclass__app8,22.1937,311.581,285.513,0,0
ecgclass__app2,22.1912,314.189,285.596,0,1
ecgclass,22.2304,310.540,52.466,0,1
ecgclass__app5,22.5045,307.258,281.638,0,1
ecgclass__app9,22.5051,307.108,282.028,0,0
ecgclass__app1,22.5050,307.670,282.805,0,1
ecgclass__app2,22.5054,308.327,283.629,0,1
ecgclass__app3,22.5046,309.705,284.135,0,1
ecgclass__app8,22.5053,309.234,284.169,0,0
ecgclass__app4,22.5042,310.539,284.248,0,1
ecgclass__app7,22.5029,312.155,284.937,0,1
ecgclass__app6,22.5050,310.333,285.133,0,1
ecgclass,22.5410,309.729,52.709,0,1
ecgclass__app1,22.8127,313.231,285.806,0,1
ecgclass__app7,22.8151,311.795,286.184,0,1
ecgclass__app5,22.8118,315.217,286.330,0,1
ecgclass__app9,22.8122,315.210,286.430,0,0
ecgclass__app8,22.8145,312.965,286.521,0,0
ecgclass__app3,22.8143,313.444,286.704,0,1
ecgclass__app4,22.8147,313.185,286.792,0,1
ecgclass__app2,22.8137,314.291,286.906,0,1
ecgclass__app6,22.8153,313.160,288.520,0,1
ecgclass,22.8507,313.784,52.805,0,1
ecgclass__app9,23.1274,310.673,284.167,0,0
ecgclass__app8,23.1275,311.051,284.930,0,0
ecgclass__app7,23.1269,311.797,285.035,0,1
ecgclass__app2,23.1280,311.128,285.532,0,1
ecgclass__app4,23.1279,311.754,286.191,0,1
ecgclass__app1,23.1260,314.144,286.405,0,1
ecgclass__app3,23.1277,313.069,287.311,0,1
ecgclass__app6,23.1285,312.957,287.922,0,1
ecgclass__app5,23.1270,314.616,288.034,0,1
ecgclass,23.1645,313.527,53.418,0,1
ecgclass__app8,23.4386,316.196,286.612,0,0
ecgclass__app2,23.4391,315.843,286.934,0,1
ecgclass__app5,23.4416,313.670,287.015,0,1
ecgclass__app1,23.4401,315.408,287.336,0,1
ecgclass__app6,23.4414,314.167,287.449,0,1
ecgclass__app3,23.4408,315.128,287.576,0,1
ecgclass__app7,23.4387,317.423,288.425,0,1
ecgclass__app9,23.4381,318.147,288.583,0,0
ecgclass__app4,23.4397,316.770,289.115,0,1
ecgclass,23.4780,313.990,51.870,0,1
ecgclass__app4,23.7565,307.965,283.147,0,1
ecgclass__app2,23.7550,311.157,284.083,0,1
ecgclass__app9,23.7563,310.169,284.327,0,0
ecgclass__app1,23.7555,310.977,284.429,0,1
ecgclass__app5,23.7553,311.491,284.719,0,1
ecgclass__app8,23.7548,312.085,284.973,0,0
ecgclass__app6,23.7556,311.309,285.001,0,1
ecgclass__app3,23.7560,311.311,285.851,0,1
ecgclass__app7,23.7561,311.214,285.956,0,1
ecgclass,23.7921,311.180,52.220,0,1
ecgclass__app2,24.0662,309.884,283.655,0,1
ecgclass__app7,24.0673,309.118,284.012,0,1
ecgclass__app6,24.0669,309.865,284.456,0,1
ecgclass__app9,24.0664,311.171,285.093,0,0
ecgclass__app3,24.0673,310.742,285.501,0,1
ecgclass__app5,24.0668,311.522,285.793,0,1
ecgclass__app4,24.0645,315.226,287.385,0,1
ecgclass__app1,24.0665,313.243,287.468,0,1
ecgclass__app8,24.0669,313.321,288.046,0,0
ecgclass,24.1033,312.488,52.660,0,1
ecgclass__app5,24.3783,310.995,284.387,0,1
ecgclass__app8,24.3802,309.516,284.826,0,0
ecgclass__app9,24.3776,312.832,285.425,0,0
ecgclass__app7,24.3765,314.635,286.131,0,1
ecgclass__app3,24.3780,313.299,286.424,0,1
ecgclass__app1,24.3798,312.275,287.089,0,1
ecgclass__app4,24.3797,313.258,288.167,0,1
ecgclass__app2,24.3761,317.504,288.778,0,1
ecgclass__app6,24.3768,316.969,288.867,0,1
ecgclass,24.4158,313.651,53.746,0,1
ecgclass__app7,24.6911,312.660,285.235,0,1
ecgclass__app6,24.6938,310.866,285.710,0,1
ecgclass__app3,24.6913,313.427,285.739,0,1
ecgclass__app9,24.6905,314.543,285.815,0,0
ecgclass__app5,24.6894,315.941,286.123,0,1
ecgclass__app2,24.6936,312.180,286.846,0,1
ecgclass__app1,24.6921,313.907,287.261,0,1
ecgclass__app8,24.6897,316.434,287.374,0,0
ecgclass__app4,24.6930,313.273,287.437,0,1
ecgclass,24.7294,313.023,51.830,0,1
ecgclass__app1,25.0060,310.809,284.844,0,1
ecgclass__app5,25.0053,311.629,284.995,0,1
ecgclass__app4,25.0062,311.748,285.714,0,1
ecgclass__app7,25.0038,314.639,286.116,0,1
ecgclass__app9,25.0050,313.515,286.241,0,0
ecgclass__app8,25.0062,312.562,286.438,0,0
ecgclass__app3,25.0048,314.047,286.572,0,1
ecgclass__app6,25.0047,314.333,286.685,0,1
ecgclass__app2,25.0058,313.531,287.777,0,1
ecgclass,25.0425,312.994,51.632,0,1
ecgclass__app4,25.3180,309.001,282.562,0,1
ecgclass__app8,25.3188,309.119,283.087,0,0
ecgclass__app7,25.3185,309.554,283.235,0,1
ecgclass__app6,25.3190,309.241,283.262,0,1
ecgclass__app5,25.3169,311.453,283.435,0,1
ecgclass__app3,25.3188,309.823,284.403,0,1
ecgclass__app9,25.3186,310.834,284.977,0,0
ecgclass__app2,25.3193,310.285,285.052,0,1
ecgclass__app1,25.3168,313.019,285.296,0,1
ecgclass,25.3555,311.127,52.708,0,1
ecgclass__app8,25.6279,312.191,284.440,0,0
ecgclass__app7,25.6280,313.582,285.100,0,1
ecgclass__app3,25.6287,313.041,285.139,0,1
ecgclass__app9,25.6294,312.542,285.429,0,0
ecgclass__app6,25.6283,314.007,285.930,0,1
ecgclass__app1,25.6298,312.521,285.963,0,1
ecgclass__app2,25.6296,312.924,286.560,0,1
ecgclass__app4,25.6270,315.615,286.603,0,1
ecgclass__app5,25.6284,314.614,287.509,0,1
ecgclass,25.6666,312.160,50.725,0,1
ecgclass__app6,25.9423,308.026,281.919,0,1
ecgclass__app8,25.9401,310.638,282.593,0,0
ecgclass__app4,25.9427,308.502,282.676,0,1
ecgclass__app1,25.9423,308.877,282.830,0,1
ecgclass__app7,25.9416,309.806,282.955,0,1
ecgclass__app2,25.9425,309.677,284.215,0,1
ecgclass__app5,25.9430,310.375,285.391,0,1
ecgclass__app9,25.9420,311.642,285.476,0,0
ecgclass__app3,25.9417,312.095,285.574,0,1
ecgclass,25.9788,310.237,51.806,0,1
ecgclass__app8,26.2508,309.483,282.105,0,0
ecgclass__app7,26.2514,308.941,282.312,0,1
ecgclass__app1,26.2512,309.594,282.914,0,1
ecgclass__app9,26.2536,307.481,282.951,0,0
ecgclass__app4,26.2512,310.177,283.575,0,1
ecgclass__app3,26.2538,307.753,283.768,0,1
ecgclass__app2,26.2522,310.311,284.775,0,1
ecgclass__app5,26.2534,309.871,285.707,0,1
ecgclass__app6,26.2503,313.492,286.305,0,1
ecgclass,26.2890,310.321,52.998,0,1
ecgclass__app6,26.5638,310.381,285.068,0,1
ecgclass__app4,26.5613,313.020,285.283,0,1
ecgclass__app9,26.5611,313.826,285.542,0,0
ecgclass__app3,26.5616,313.844,286.114,0,1
ecgclass__app5,26.5633,312.229,286.229,0,1
ecgclass__app1,26.5608,314.964,286.313,0,1
ecgclass__app8,26.5603,315.655,286.547,0,0
ecgclass__app7,26.5604,316.242,288.017,0,1
ecgclass__app2,26.5625,314.163,288.046,0,1
ecgclass,26.5994,313.034,52.057,0,1
ecgclass__app5,26.8755,305.599,279.739,0,1
ecgclass__app4,26.8744,308.483,280.612,0,1
ecgclass__app6,26.8742,308.800,280.796,0,1
ecgclass__app1,26.8758,307.493,280.828,0,1
ecgclass__app2,26.8767,306.969,281.283,0,1
ecgclass__app3,26.8754,308.320,281.311,0,1
ecgclass__app8,26.8759,307.873,281.462,0,0
ecgclass__app9,26.8749,309.155,281.926,0,0
ecgclass__app7,26.8766,308.118,283.421,0,1
ecgclass,26.9124,308.580,52.485,0,1
ecgclass__app5,27.1812,312.188,283.435,0,1
ecgclass__app1,27.1833,310.709,283.812,0,1
ecgclass__app3,27.1838,310.394,283.961,0,1
ecgclass__app2,27.1837,310.695,283.993,0,1
ecgclass__app9,27.1841,310.910,284.860,0,0
ecgclass__app4,27.1829,312.326,285.088,0,1
ecgclass__app6,27.1830,313.319,286.384,0,1
ecgclass__app7,27.1848,311.832,286.495,0,1
ecgclass__app8,27.1838,313.229,287.277,0,0
ecgclass,27.2210,312.339,54.313,0,1
ecgclass__app8,27.4970,312.193,286.767,0,0
ecgclass__app3,27.4942,315.229,286.970,0,1
ecgclass__app1,27.4940,315.596,287.045,0,1
ecgclass__app5,27.4934,316.700,287.642,0,1
ecgclass__app6,27.4964,314.059,287.881,0,1
ecgclass__app2,27.4944,316.280,287.910,0,1
ecgclass__app9,27.4950,315.976,288.251,0,0
ecgclass__app4,27.4952,316.054,288.558,0,1
ecgclass__app7,27.4966,314.934,289.079,0,1
ecgclass,27.5334,314.337,53.484,0,1
ecgclass__app3,27.8094,311.844,284.141,0,1
ecgclass__app1,27.8097,312.262,285.072,0,1
ecgclass__app4,27.8113,311.062,285.305,0,1
ecgclass__app8,27.8093,313.926,285.922,0,0
ecgclass__app2,27.8107,312.774,286.469,0,1
ecgclass__app7,27.8116,312.761,287.298,0,1
ecgclass__app9,27.8110,313.596,287.470,0,0
ecgclass__app6,27.8104,314.251,287.611,0,1
ecgclass__app5,27.8101,315.153,288.506,0,1
ecgclass,27.8477,312.834,52.163,0,1
ecgclass__app6,28.1247,305.106,279.930,0,1
ecgclass__app9,28.1246,306.211,280.230,0,0
ecgclass__app2,28.1235,307.485,280.416,0,1
ecgclass__app5,28.1252,306.096,280.777,0,1
ecgclass__app1,28.1219,309.630,280.809,0,1
ecgclass__app8,28.1232,308.456,280.875,0,0
ecgclass__app7,28.1243,307.378,280.955,0,1
ecgclass__app3,28.1213,310.874,281.918,0,1
ecgclass__app4,28.1224,309.836,282.222,0,1
ecgclass,28.1606,307.499,51.998,0,1
ecgclass__app3,28.4321,303.086,277.131,0,1
ecgclass__app7,28.4317,303.644,277.211,0,1
ecgclass__app6,28.4298,305.585,277.293,0,1
ecgclass__app1,28.4316,304.210,277.596,0,1
ecgclass__app2,28.4310,305.153,278.592,0,1
ecgclass__app5,28.4313,304.970,278.622,0,1
ecgclass__app8,28.4317,304.822,278.653,0,0
ecgclass__app4,28.4322,304.529,279.287,0,1
ecgclass__app9,28.4309,307.587,281.138,0,0
ecgclass,28.4681,305.156,52.274,0,1
ecgclass__app9,28.7385,307.863,283.196,0,0
ecgclass__app4,28.7367,309.746,283.295,0,1
ecgclass__app1,28.7358,310.952,283.375,0,1
ecgclass__app7,28.7354,311.752,284.142,0,1
ecgclass__app2,28.7361,311.075,284.179,0,1
ecgclass__app5,28.7363,311.260,284.820,0,1
ecgclass__app8,28.7365,311.325,285.056,0,0
ecgclass__app3,28.7352,312.837,285.498,0,1
ecgclass__app6,28.7354,313.938,286.964,0,1
ecgclass,28.7733,311.545,51.483,0,1
ecgclass__app5,29.0476,307.341,280.581,0,1
ecgclass__app1,29.0468,309.063,280.866,0,1
ecgclass__app4,29.0465,309.625,280.904,0,1
ecgclass__app2,29.0472,308.988,281.139,0,1
ecgclass__app8,29.0478,308.713,281.455,0,0
ecgclass__app7,29.0471,309.484,281.526,0,1
ecgclass__app9,29.0464,310.302,281.659,0,0
ecgclass__app3,29.0481,308.883,282.624,0,1
ecgclass__app6,29.0494,308.933,284.246,0,1
ecgclass,29.0848,308.167,51.808,0,1
ecgclass__app9,29.3567,305.480,279.791,0,0
ecgclass__app3,29.3570,305.915,280.115,0,1
ecgclass__app6,29.3583,304.849,280.275,0,1
ecgclass__app7,29.3566,307.325,281.401,0,1
ecgclass__app8,29.3565,307.814,281.564,0,0
ecgclass__app1,29.3559,308.879,281.609,0,1
ecgclass__app5,29.3550,309.858,281.849,0,1
ecgclass__app4,29.3561,308.931,282.282,0,1
ecgclass__app2,29.3562,309.087,282.978,0,1
ecgclass,29.3930,308.630,53.035,0,1
ecgclass__app7,29.6640,310.318,283.121,0,1
ecgclass__app9,29.6622,313.297,283.998,0,0
ecgclass__app2,29.6653,310.266,284.138,0,1
ecgclass__app3,29.6629,312.898,284.224,0,1
ecgclass__app4,29.6651,310.947,284.346,0,1
ecgclass__app8,29.6644,311.783,284.409,0,0
ecgclass__app6,29.6632,313.175,284.602,0,1
ecgclass__app1,29.6647,311.931,285.810,0,1
ecgclass__app5,29.6648,312.027,285.886,0,1
ecgclass,29.7017,310.077,51.276,0,1
ecgclass__app8,29.9762,307.354,281.926,0,0
ecgclass__app5,29.9769,306.795,282.042,0,1
ecgclass__app1,29.9767,307.601,282.643,0,1
ecgclass__app7,29.9743,310.275,282.877,0,1
ecgclass__app2,29.9756,309.536,283.494,0,1
ecgclass__app9,29.9755,309.870,283.655,0,0
ecgclass__app3,29.9758,309.714,283.835,0,1
ecgclass__app4,29.9760,310.028,284.649,0,1
ecgclass__app6,29.9763,310.319,285.451,0,1
ecgclass,30.0118,311.243,52.484,0,1
ecgclass__app1,30.2843,312.337,284.457,0,1
ecgclass__app6,30.2867,311.460,284.723,0,1
ecgclass__app3,30.2855,312.719,285.381,0,1
ecgclass__app7,30.2846,313.929,285.410,0,1
ecgclass__app9,30.2854,313.525,285.655,0,0
ecgclass__app5,30.2837,315.285,285.789,0,1
ecgclass__app2,30.2851,313.890,285.871,0,1
ecgclass__app4,30.2861,313.569,287.470,0,1
ecgclass__app8,30.2835,316.342,287.705,0,0
ecgclass,30.3230,312.871,52.865,0,1
ecgclass__app9,30.5989,309.654,283.286,0,0
ecgclass__app1,30.5967,313.303,284.813,0,1
ecgclass__app3,30.5983,312.347,285.181,0,1
ecgclass__app8,30.5999,310.847,285.291,0,0
ecgclass__app6,30.5981,312.973,285.467,0,1
ecgclass__app7,30.5985,312.841,285.543,0,1
ecgclass__app5,30.5990,312.681,286.152,0,1
ecgclass__app4,30.5996,312.067,286.288,0,1
ecgclass__app2,30.5990,312.911,286.437,0,1
ecgclass,30.6359,311.362,52.514,0,1
ecgclass__app6,30.9111,311.183,285.524,0,1
ecgclass__app7,30.9114,311.908,286.250,0,1
ecgclass__app1,30.9100,314.241,287.293,0,1
ecgclass__app5,30.9117,312.957,287.815,0,1
ecgclass__app3,30.9106,314.569,288.557,0,1
ecgclass__app8,30.9107,315.142,289.268,0,0
ecgclass__app2,30.9119,314.033,289.299,0,1
ecgclass__app9,30.9086,318.217,290.279,0,0
ecgclass__app4,30.9117,315.675,291.023,0,1
ecgclass,30.9473,315.639,53.721,0,1
ecgclass__app2,31.2260,313.305,286.812,0,1
ecgclass__app4,31.2274,312.024,286.985,0,1
ecgclass__app7,31.2233,316.884,287.559,0,1
ecgclass__app3,31.2252,315.258,288.205,0,1
ecgclass__app1,31.2242,316.961,288.598,0,1
ecgclass__app8,31.2259,315.499,288.681,0,0
ecgclass__app9,31.2268,314.907,289.011,0,0
ecgclass__app6,31.2223,319.438,289.042,0,1
ecgclass__app5,31.2246,317.215,289.124,0,1
ecgclass,31.2629,315.592,53.157,0,1
ecgclass__app5,31.5418,309.253,282.571,0,1
ecgclass__app2,31.5393,311.954,282.872,0,1
ecgclass__app1,31.5412,310.316,283.100,0,1
ecgclass__app4,31.5394,312.209,283.165,0,1
ecgclass__app9,31.5417,310.251,283.236,0,0
ecgclass__app7,31.5402,312.086,284.462,0,1
ecgclass__app3,31.5405,312.062,284.615,0,1
ecgclass__app6,31.5418,311.039,284.748,0,1
ecgclass__app8,31.5414,311.515,284.776,0,0
ecgclass,31.5785,310.174,51.525,0,1
ecgclass__app2,31.8513,307.957,281.256,0,1
ecgclass__app9,31.8520,308.723,282.184,0,0
ecgclass__app3,31.8526,308.240,282.434,0,1
ecgclass__app4,31.8517,309.592,282.715,0,1
ecgclass__app5,31.8511,310.199,282.744,0,1
ecgclass__app6,31.8528,308.530,282.802,0,1
ecgclass__app7,31.8523,309.288,282.890,0,1
ecgclass__app1,31.8515,310.212,283.768,0,1
ecgclass__app8,31.8529,310.106,285.293,0,0
ecgclass,31.8887,310.146,50.753,0,1
ecgclass__app9,32.1607,308.857,281.917,0,0
ecgclass__app7,32.1616,308.682,282.439,0,1
ecgclass__app4,32.1613,309.330,282.817,0,1
ecgclass__app6,32.1614,310.104,283.509,0,1
ecgclass__app5,32.1613,310.227,283.760,0,1
ecgclass__app2,32.1592,312.513,283.787,0,1
ecgclass__app1,32.1618,310.369,284.575,0,1
ecgclass__app8,32.1630,309.306,284.666,0,0
ecgclass__app3,32.1608,311.812,285.177,0,1
ecgclass,32.1989,309.242,51.249,0,1
ecgclass__app3,32.4726,308.600,283.250,0,1
ecgclass__app2,32.4718,309.605,283.634,0,1
ecgclass__app7,32.4703,311.474,284.225,0,1
ecgclass__app8,32.4724,309.485,284.295,0,0
ecgclass__app4,32.4706,311.684,284.778,0,1
ecgclass__app9,32.4696,312.975,284.952,0,0
ecgclass__app6,32.4715,311.134,284.999,0,1
ecgclass__app1,32.4721,310.759,285.506,0,1
ecgclass__app5,32.4716,312.206,286.425,0,1
ecgclass,32.5082,310.546,51.826,0,1
ecgclass__app8,32.7818,309.215,282.683,0,0
ecgclass__app3,32.7812,309.971,282.859,0,1
ecgclass__app6,32.7826,309.092,283.552,0,1
ecgclass__app1,32.7829,309.666,284.310,0,1
ecgclass__app4,32.7823,310.483,284.370,0,1
ecgclass__app2,32.7814,311.685,284.581,0,1
ecgclass__app5,32.7838,309.344,284.618,0,1
ecgclass__app9,32.7826,311.412,285.818,0,0
ecgclass__app7,32.7818,312.283,285.880,0,1
ecgclass,32.8187,311.159,52.888,0,1
ecgclass__app7,33.0941,309.091,284.397,0,1
ecgclass__app4,33.0928,311.342,285.133,0,1
ecgclass__app1,33.0926,311.903,285.542,0,1
ecgclass__app8,33.0911,313.715,285.964,0,0
ecgclass__app2,33.0931,312.681,286.899,0,1
ecgclass__app6,33.0917,314.089,286.932,0,1
ecgclass__app9,33.0940,312.313,286.958,0,0
ecgclass__app5,33.0931,313.246,287.038,0,1
ecgclass__app3,33.0912,315.184,287.118,0,1
ecgclass,33.1299,312.619,52.955,0,1
ecgclass__app3,33.4064,311.709,286.578,0,1
ecgclass__app9,33.4063,313.524,288.253,0,0
ecgclass__app5,33.4064,313.574,288.387,0,1
ecgclass__app8,33.4048,315.878,288.912,0,0
ecgclass__app4,33.4041,316.908,289.202,0,1
ecgclass__app1,33.4045,316.615,289.242,0,1
ecgclass__app7,33.4032,317.992,289.317,0,1
ecgclass__app6,33.4058,315.568,289.382,0,1
ecgclass__app2,33.4058,316.766,291.298,0,1
ecgclass,33.4425,316.105,53.552,0,1
ecgclass__app7,33.7212,310.775,283.443,0,1
ecgclass__app4,33.7211,311.030,283.862,0,1
ecgclass__app8,33.7207,311.666,284.291,0,0
ecgclass__app5,33.7200,313.424,285.295,0,1
ecgclass__app9,33.7198,313.858,285.677,0,0
ecgclass__app6,33.7214,312.371,285.889,0,1
ecgclass__app1,33.7211,312.870,285.918,0,1
ecgclass__app2,33.7225,311.741,286.091,0,1
ecgclass__app3,33.7181,316.190,286.634,0,1
ecgclass,33.7587,311.367,51.946,0,1
ecgclass__app1,34.0340,307.292,281.940,0,1
ecgclass__app2,34.0343,307.629,282.659,0,1
ecgclass__app6,34.0338,308.963,283.145,0,1
ecgclass__app3,34.0343,308.719,283.590,0,1
ecgclass__app5,34.0334,310.345,284.125,0,1
ecgclass__app4,34.0321,312.106,284.597,0,1
ecgclass__app7,34.0320,312.473,285.070,0,1
ecgclass__app9,34.0337,311.215,285.743,0,0
ecgclass__app8,34.0324,313.202,286.468,0,0
ecgclass,34.0700,311.399,53.272,0,1
ecgclass__app2,34.3419,313.623,284.853,0,1
ecgclass__app7,34.3444,311.612,285.374,0,1
ecgclass__app4,34.3442,312.143,285.596,0,1
ecgclass__app5,34.3438,313.045,286.120,0,1
ecgclass__app9,34.3449,312.172,286.364,0,0
ecgclass__app3,34.3431,314.710,287.242,0,1
ecgclass__app6,34.3428,315.771,287.695,0,1
ecgclass__app1,34.3413,317.442,287.835,0,1
ecgclass__app8,34.3456,314.368,289.502,0,0
ecgclass,34.3815,314.147,53.700,0,1
ecgclass__app9,34.6571,311.697,284.045,0,0
ecgclass__app8,34.6600,310.401,285.284,0,0
ecgclass__app6,34.6585,311.933,285.355,0,1
ecgclass__app4,34.6564,314.527,285.440,0,1
ecgclass__app5,34.6568,314.155,285.545,0,1
ecgclass__app3,34.6578,313.372,285.622,0,1
ecgclass__app1,34.6588,312.465,285.709,0,1
ecgclass__app7,34.6561,315.213,285.822,0,1
ecgclass__app2,34.6556,315.953,285.848,0,1
ecgclass,34.6956,311.821,53.679,0,1
ecgclass__app4,34.9709,309.816,284.026,0,1
ecgclass__app5,34.9710,310.489,284.810,0,1
ecgclass__app6,34.9705,311.075,284.887,0,1
ecgclass__app3,34.9712,310.647,284.915,0,1
ecgclass__app1,34.9712,310.825,285.502,0,1
ecgclass__app9,34.9688,313.448,285.568,0,0
ecgclass__app7,34.9713,311.456,286.083,0,1
ecgclass__app2,34.9715,311.500,286.309,0,1
ecgclass__app8,34.9704,313.766,287.681,0,0
ecgclass,35.0075,312.561,52.703,0,1
ecgclass__app5,35.2815,312.347,284.342,0,1
ecgclass__app3,35.2818,312.157,284.556,0,1
ecgclass__app7,35.2828,311.543,284.740,0,1
ecgclass__app1,35.2821,312.585,285.536,0,1
ecgclass__app8,35.2842,310.583,285.617,0,0
ecgclass__app6,35.2816,313.210,285.647,0,1
ecgclass__app2,35.2830,312.100,286.194,0,1
ecgclass__app4,35.2807,314.916,286.860,0,1
ecgclass__app9,35.2823,314.395,288.021,0,0
ecgclass,35.3200,312.816,53.899,0,1
ecgclass__app6,35.5948,310.488,283.752,0,1
ecgclass__app4,35.5957,310.281,284.369,0,1
ecgclass__app3,35.5940,312.183,284.425,0,1
ecgclass__app7,35.5943,312.698,285.187,0,1
ecgclass__app5,35.5938,313.369,285.358,0,1
ecgclass__app9,35.5967,310.771,285.562,0,0
ecgclass__app1,35.5947,312.854,285.645,0,1
ecgclass__app2,35.5951,313.460,287.039,0,1
ecgclass__app8,35.5947,314.943,288.384,0,0
ecgclass,35.6329,312.305,52.271,0,1
ecgclass__app7,35.9070,314.596,287.341,0,1
ecgclass__app5,35.9072,314.991,287.993,0,1
ecgclass__app2,35.9086,315.138,288.548,0,1
ecgclass__app8,35.9097,314.199,288.758,0,0
ecgclass__app1,35.9075,316.613,288.871,0,1
ecgclass__app3,35.9062,318.189,288.936,0,1
ecgclass__app4,35.9060,318.669,289.255,0,1
ecgclass__app6,35.9053,319.393,289.359,0,1
ecgclass__app9,35.9075,317.245,289.403,0,0
ecgclass,35.9452,315.216,53.148,0,1
ecgclass__app2,36.2238,310.941,284.949,0,1
ecgclass__app1,36.2242,312.044,285.680,0,1
ecgclass__app8,36.2239,312.401,286.000,0,0
ecgclass__app4,36.2246,311.898,286.108,0,1
ecgclass__app6,36.2247,312.171,286.636,0,1
ecgclass__app9,36.2247,312.219,286.716,0,0
ecgclass__app3,36.2244,312.618,286.809,0,1
ecgclass__app5,36.2222,315.229,287.941,0,1
ecgclass__app7,36.2216,316.015,288.081,0,1
ecgclass,36.2604,313.284,52.153,0,1
ecgclass__app5,36.5375,310.706,284.037,0,1
ecgclass__app2,36.5347,313.570,284.677,0,1
ecgclass__app1,36.5362,312.359,284.749,0,1
ecgclass__app9,36.5370,311.748,284.819,0,0
ecgclass__app3,36.5370,311.943,284.905,0,1
ecgclass__app6,36.5369,312.295,284.965,0,1
ecgclass__app4,36.5365,312.837,285.082,0,1
ecgclass__app8,36.5363,313.131,285.938,0,0
ecgclass__app7,36.5377,311.829,286.020,0,1
ecgclass,36.5737,311.644,50.737,0,1
ecgclass__app9,36.8487,308.667,282.664,0,0
ecgclass__app5,36.8482,310.297,283.259,0,1
ecgclass__app7,36.8495,309.093,283.515,0,1
ecgclass__app6,36.8492,310.091,284.469,0,1
ecgclass__app8,36.8495,310.024,284.504,0,0
ecgclass__app3,36.8490,310.796,284.757,0,1
ecgclass__app4,36.8494,310.447,284.872,0,1
ecgclass__app2,36.8483,311.868,285.280,0,1
ecgclass__app1,36.8486,311.645,285.598,0,1
ecgclass,36.8854,310.459,51.706,0,1
ecgclass__app7,37.1586,310.159,283.522,0,1
ecgclass__app4,37.1598,309.998,284.247,0,1
ecgclass__app3,37.1598,310.204,284.373,0,1
ecgclass__app5,37.1585,311.851,284.665,0,1
ecgclass__app6,37.1593,311.172,284.689,0,1
ecgclass__app1,37.1602,310.260,284.719,0,1
ecgclass__app9,37.1574,313.483,285.375,0,0
ecgclass__app2,37.1602,310.771,285.536,0,1
ecgclass__app8,37.1595,312.617,286.935,0,0
ecgclass,37.1959,311.400,52.863,0,1
ecgclass__app6,37.4705,307.617,281.698,0,1
ecgclass__app7,37.4688,309.992,282.143,0,1
ecgclass__app8,37.4721,306.959,282.182,0,0
ecgclass__app3,37.4700,309.330,282.613,0,1
ecgclass__app5,37.4704,309.773,283.351,0,1
ecgclass__app9,37.4709,309.510,283.393,0,0
ecgclass__app4,37.4699,310.635,283.538,0,1
ecgclass__app2,37.4710,309.921,283.583,0,1
ecgclass__app1,37.4705,310.435,283.871,0,1
ecgclass,37.5073,309.000,52.648,0,1
ecgclass__app8,37.7791,312.560,286.157,0,0
ecgclass__app4,37.7805,312.005,286.473,0,1
ecgclass__app9,37.7804,312.394,286.624,0,0
ecgclass__app3,37.7793,313.707,286.676,0,1
ecgclass__app1,37.7810,312.154,286.905,0,1
ecgclass__app2,37.7809,312.490,287.057,0,1
ecgclass__app7,37.7788,314.667,287.247,0,1
ecgclass__app5,37.7802,313.540,288.021,0,1
ecgclass__app6,37.7781,315.794,288.294,0,1
ecgclass,37.8163,314.565,52.874,0,1
ecgclass__app3,38.0930,311.645,285.044,0,1
ecgclass__app8,38.0917,314.209,285.608,0,0
ecgclass__app9,38.0928,313.370,286.039,0,0
ecgclass__app6,38.0939,312.587,286.132,0,1
ecgclass__app1,38.0931,313.458,286.212,0,1
ecgclass__app4,38.0925,314.092,286.239,0,1
ecgclass__app5,38.0937,313.225,286.582,0,1
ecgclass__app7,38.0935,313.676,287.245,0,1
ecgclass__app2,38.0934,314.248,288.405,0,1
ecgclass,38.1309,312.805,52.428,0,1
ecgclass__app1,38.4066,308.989,283.151,0,1
ecgclass__app6,38.4065,310.262,283.733,0,1
ecgclass__app7,38.4071,309.757,283.936,0,1
ecgclass__app2,38.4076,309.568,284.131,0,1
ecgclass__app4,38.4066,310.774,284.382,0,1
ecgclass__app8,38.4059,311.595,284.466,0,0
ecgclass__app5,38.4069,311.232,285.680,0,1
ecgclass__app3,38.4047,313.553,285.753,0,1
ecgclass__app9,38.4062,312.729,286.550,0,0
ecgclass,38.4437,310.585,52.739,0,1
ecgclass__app6,38.7168,311.984,285.038,0,1
ecgclass__app9,38.7189,311.314,285.704,0,0
ecgclass__app8,38.7175,313.037,285.969,0,0
ecgclass__app1,38.7156,315.263,286.164,0,1
ecgclass__app4,38.7174,313.520,286.231,0,1
ecgclass__app3,38.7183,312.710,286.396,0,1
ecgclass__app5,38.7182,313.065,286.629,0,1
ecgclass__app7,38.7169,314.478,286.717,0,1
ecgclass__app2,38.7172,314.944,288.659,0,1
ecgclass,38.7543,313.051,52.153,0,1
ecgclass__app4,39.0309,305.480,278.987,0,1
ecgclass__app8,39.0305,306.196,279.502,0,0
ecgclass__app6,39.0288,308.059,279.589,0,1
ecgclass__app5,39.0313,305.979,280.307,0,1
ecgclass__app3,39.0310,306.311,280.338,0,1
ecgclass__app1,39.0309,306.469,280.367,0,1
ecgclass__app9,39.0303,307.307,280.391,0,0
ecgclass__app7,39.0314,306.425,281.100,0,1
ecgclass__app2,39.0322,307.021,282.636,0,1
ecgclass,39.0674,307.623,51.982,0,1
ecgclass__app7,39.3378,306.187,280.183,0,1
ecgclass__app9,39.3376,307.466,280.529,0,0
ecgclass__app3,39.3373,307.867,280.623,0,1
ecgclass__app1,39.3373,308.055,280.791,0,1
ecgclass__app6,39.3369,308.775,281.172,0,1
ecgclass__app8,39.3367,309.215,282.064,0,0
ecgclass__app4,39.3364,309.743,282.219,0,1
ecgclass__app2,39.3392,307.138,282.279,0,1
ecgclass__app5,39.3372,310.459,284.094,0,1
ecgclass,39.3750,307.740,52.579,0,1
ecgclass__app1,39.6454,309.622,282.822,0,1
ecgclass__app8,39.6460,310.519,283.751,0,0
ecgclass__app6,39.6456,310.953,283.914,0,1
ecgclass__app5,39.6477,309.284,284.068,0,1
ecgclass__app2,39.6464,310.861,284.097,0,1
ecgclass__app9,39.6451,312.223,284.215,0,0
ecgclass__app3,39.6452,312.162,284.348,0,1
ecgclass__app7,39.6440,313.730,285.619,0,1
ecgclass__app4,39.6462,312.855,287.013,0,1
ecgclass,39.6828,310.417,49.927,0,1
ecgclass__app4,39.9591,302.967,279.009,0,1
ecgclass__app3,39.9573,305.048,279.562,0,1
ecgclass__app6,39.9566,306.749,279.881,0,1
ecgclass__app9,39.9573,306.130,279.937,0,0
ecgclass__app5,39.9570,306.825,280.169,0,1
ecgclass__app8,39.9565,307.561,280.352,0,0
ecgclass__app7,39.9578,306.360,280.476,0,1
ecgclass__app1,39.9551,309.121,280.653,0,1
ecgclass__app2,39.9572,306.987,280.682,0,1
ecgclass,39.9932,305.791,50.582,0,1
ecgclass__app4,40.2620,303.394,276.444,0,1
ecgclass__app3,40.2624,303.167,276.533,0,1
ecgclass__app7,40.2641,302.581,277.800,0,1
ecgclass__app1,40.2642,302.950,277.941,0,1
ecgclass__app2,40.2642,303.126,278.060,0,1
ecgclass__app9,40.2634,304.071,278.142,0,0
ecgclass__app6,40.2634,304.340,278.509,0,1
ecgclass__app8,40.2641,304.091,279.374,0,0
ecgclass__app5,40.2638,305.238,280.452,0,1
ecgclass,40.2990,304.351,51.048,0,1
ecgclass__app6,40.5677,305.042,279.307,0,1
ecgclass__app8,40.5682,305.269,280.164,0,0
ecgclass__app4,40.5655,308.266,280.201,0,1
ecgclass__app2,40.5674,306.854,280.992,0,1
ecgclass__app3,40.5656,309.201,281.217,0,1
ecgclass__app5,40.5691,305.814,281.361,0,1
ecgclass__app9,40.5675,307.684,281.750,0,0
ecgclass__app1,40.5671,308.452,282.527,0,1
ecgclass__app7,40.5667,310.071,284.001,0,1
ecgclass,40.6034,308.333,52.231,0,1
ecgclass__app1,40.8756,303.574,278.234,0,1
ecgclass__app4,40.8737,306.260,278.669,0,1
ecgclass__app2,40.8742,306.396,279.627,0,1
ecgclass__app8,40.8735,307.484,279.973,0,0
ecgclass__app9,40.8752,306.583,280.759,0,0
ecgclass__app3,40.8748,307.107,280.822,0,1
ecgclass__app6,40.8728,309.432,280.903,0,1
ecgclass__app7,40.8768,305.627,281.048,0,1
ecgclass__app5,40.8749,307.592,281.068,0,1
ecgclass,40.9117,305.913,52.152,0,1
ecgclass__app2,41.1806,304.156,277.522,0,1
ecgclass__app7,41.1825,303.957,278.824,0,1
ecgclass__app4,41.1800,306.508,278.954,0,1
ecgclass__app9,41.1818,304.897,279.117,0,0
ecgclass__app8,41.1809,306.207,279.694,0,0
ecgclass__app3,41.1819,305.653,279.797,0,1
ecgclass__app6,41.1822,305.445,279.904,0,1
ecgclass__app5,41.1825,305.237,279.985,0,1
ecgclass__app1,41.1792,309.178,281.274,0,1
ecgclass,41.2177,305.515,51.353,0,1
ecgclass__app6,41.4877,303.270,278.170,0,1
ecgclass__app7,41.4864,305.502,278.634,0,1
ecgclass__app9,41.4867,305.445,278.775,0,0
ecgclass__app4,41.4865,305.951,279.205,0,1
ecgclass__app8,41.4872,305.552,279.898,0,0
ecgclass__app1,41.4884,305.108,280.678,0,1
ecgclass__app5,41.4878,306.408,281.512,0,1
ecgclass__app2,41.4848,309.939,281.988,0,1
ecgclass__app3,41.4876,307.358,282.057,0,1
ecgclass,41.5232,307.007,50.765,0,1
ecgclass__app9,41.7922,307.935,280.837,0,0
ecgclass__app4,41.7925,308.955,281.505,0,1
ecgclass__app5,41.7942,307.389,281.577,0,1
ecgclass__app2,41.7947,307.257,281.953,0,1
ecgclass__app7,41.7919,310.159,282.087,0,1
ecgclass__app3,41.7949,307.199,282.116,0,1
ecgclass__app8,41.7927,309.449,282.209,0,0
ecgclass__app1,41.7935,309.966,284.112,0,1
ecgclass__app6,41.7910,313.318,285.093,0,1
ecgclass,41.8302,309.783,52.488,0,1
ecgclass__app7,42.1021,309.608,282.436,0,1
ecgclass__app3,42.1021,310.386,282.742,0,1
ecgclass__app2,42.1020,310.747,282.983,0,1
ecgclass__app5,42.1016,311.297,283.309,0,1
ecgclass__app8,42.1022,311.048,283.882,0,0
ecgclass__app1,42.1035,310.080,284.115,0,1
ecgclass__app6,42.1043,309.697,284.812,0,1
ecgclass__app9,42.1001,314.937,285.958,0,0
ecgclass__app4,42.1015,313.995,286.448,0,1
ecgclass,42.1400,309.870,51.881,0,1
ecgclass__app7,42.4117,305.756,278.194,0,1
ecgclass__app8,42.4132,304.785,278.529,0,0
ecgclass__app9,42.4151,303.845,279.215,0,0
ecgclass__app4,42.4155,303.860,279.431,0,1
ecgclass__app6,42.4140,305.583,279.608,0,1
ecgclass__app1,42.4136,306.365,280.194,0,1
ecgclass__app2,42.4128,307.233,280.229,0,1
ecgclass__app5,42.4129,308.496,282.223,0,1
ecgclass__app3,42.4125,309.021,282.330,0,1
ecgclass,42.4499,307.494,52.594,0,1
ecgclass__app7,42.7175,311.021,282.337,0,1
ecgclass__app1,42.7199,309.294,283.093,0,1
ecgclass__app8,42.7180,312.158,283.666,0,0
ecgclass__app6,42.7196,310.811,283.839,0,1
ecgclass__app3,42.7216,309.129,284.093,0,1
ecgclass__app2,42.7200,311.005,284.566,0,1
ecgclass__app5,42.7214,309.839,284.643,0,1
ecgclass__app4,42.7193,312.456,285.681,0,1
ecgclass__app9,42.7189,313.586,286.584,0,0
ecgclass,42.7574,310.727,52.663,0,1
ecgclass__app2,43.0310,312.581,285.265,0,1
ecgclass__app7,43.0285,315.197,285.363,0,1
ecgclass__app4,43.0318,312.269,285.863,0,1
ecgclass__app8,43.0302,313.986,285.966,0,0
ecgclass__app1,43.0293,315.364,286.127,0,1
ecgclass__app3,43.0307,314.154,286.212,0,1
ecgclass__app5,43.0312,313.849,287.178,0,1
ecgclass__app6,43.0304,314.707,287.236,0,1
ecgclass__app9,43.0325,313.690,289.162,0,0
ecgclass,43.0682,313.176,52.434,0,1
ecgclass__app6,43.3451,305.997,280.376,0,1
ecgclass__app8,43.3442,308.163,281.103,0,0
ecgclass__app2,43.3436,308.838,281.330,0,1
ecgclass__app9,43.3462,306.494,281.466,0,0
ecgclass__app1,43.3446,308.587,282.465,0,1
ecgclass__app7,43.3438,309.738,282.525,0,1
ecgclass__app3,43.3449,309.912,284.111,0,1
ecgclass__app5,43.3451,310.158,284.642,0,1
ecgclass__app4,43.3441,311.581,285.180,0,1
ecgclass,43.3813,310.077,53.253,0,1
ecgclass__app3,43.6548,307.899,282.435,0,1
ecgclass__app4,43.6557,307.721,283.334,0,1
ecgclass__app9,43.6527,311.667,284.026,0,0
ecgclass__app7,43.6535,311.163,284.292,0,1
ecgclass__app1,43.6532,311.986,284.986,0,1
ecgclass__app5,43.6553,310.249,285.186,0,1
ecgclass__app2,43.6525,313.232,285.210,0,1
ecgclass__app6,43.6512,315.042,286.020,0,1
ecgclass__app8,43.6524,314.130,286.417,0,0
ecgclass,43.6914,310.121,51.230,0,1
ecgclass__app4,43.9634,311.530,283.363,0,1
ecgclass__app1,43.9652,309.850,283.528,0,1
ecgclass__app9,43.9644,311.033,284.433,0,0
ecgclass__app2,43.9657,310.313,284.741,0,1
ecgclass__app7,43.9647,311.580,284.797,0,1
ecgclass__app3,43.9627,313.745,285.064,0,1
ecgclass__app5,43.9655,311.191,285.490,0,1
ecgclass__app6,43.9662,311.409,286.660,0,1
ecgclass__app8,43.9665,311.750,287.406,0,0
ecgclass,44.0016,311.395,52.222,0,1
ecgclass__app2,44.2760,306.931,280.461,0,1
ecgclass__app6,44.2776,306.633,281.544,0,1
ecgclass__app5,44.2767,307.679,281.727,0,1
ecgclass__app7,44.2763,308.343,281.758,0,1
ecgclass__app3,44.2765,309.122,282.651,0,1
ecgclass__app1,44.2751,310.874,283.013,0,1
ecgclass__app8,44.2783,307.777,283.144,0,0
ecgclass__app4,44.2750,311.490,283.273,0,1
ecgclass__app9,44.2755,311.225,283.374,0,0
ecgclass,44.3130,309.747,52.500,0,1
ecgclass__app6,44.5843,312.657,284.875,0,1
ecgclass__app1,44.5860,312.115,285.815,0,1
ecgclass__app8,44.5861,312.141,285.911,0,0
ecgclass__app4,44.5865,312.103,286.356,0,1
ecgclass__app7,44.5846,314.038,286.446,0,1
ecgclass__app3,44.5856,313.088,286.481,0,1
ecgclass__app2,44.5830,316.818,288.131,0,1
ecgclass__app5,44.5844,315.702,288.168,0,1
ecgclass__app9,44.5867,313.559,288.329,0,0
ecgclass,44.6228,313.856,53.427,0,1
ecgclass__app6,44.8969,312.360,283.293,0,1
ecgclass__app1,44.8981,311.934,284.003,0,1
ecgclass__app5,44.9001,310.048,284.136,0,1
ecgclass__app8,44.8982,312.279,284.429,0,0
ecgclass__app4,44.8986,312.201,284.739,0,1
ecgclass__app2,44.8998,311.207,285.049,0,1
ecgclass__app9,44.9003,312.149,286.543,0,0
ecgclass__app7,44.8987,313.914,286.622,0,1
ecgclass__app3,44.8987,314.859,287.954,0,1
ecgclass,44.9366,312.322,52.644,0,1
ecgclass__app8,45.2105,307.090,279.135,0,0
ecgclass__app7,45.2126,307.093,280.249,0,1
ecgclass__app6,45.2093,310.472,280.440,0,1
ecgclass__app3,45.2136,306.513,280.624,0,1
ecgclass__app2,45.2110,309.172,280.753,0,1
ecgclass__app5,45.2102,310.238,280.852,0,1
ecgclass__app9,45.2124,308.226,281.709,0,0
ecgclass__app4,45.2108,309.933,281.764,0,1
ecgclass__app1,45.2101,310.957,282.537,0,1
ecgclass,45.2490,307.410,51.502,0,1
ecgclass__app1,45.5210,309.930,284.189,0,1
ecgclass__app3,45.5201,310.989,284.536,0,1
ecgclass__app9,45.5207,310.643,284.612,0,0
ecgclass__app6,45.5198,311.929,284.888,0,1
ecgclass__app7,45.5197,312.111,285.095,0,1
ecgclass__app8,45.5176,314.251,285.514,0,0
ecgclass__app4,45.5207,311.431,285.575,0,1
ecgclass__app5,45.5204,311.820,285.621,0,1
ecgclass__app2,45.5202,312.212,285.955,0,1
ecgclass,45.5564,311.579,51.707,0,1
ecgclass__app9,45.8313,308.671,282.639,0,0
ecgclass__app5,45.8322,308.237,282.958,0,1
ecgclass__app1,45.8310,309.593,283.124,0,1
ecgclass__app7,45.8318,310.258,284.604,0,1
ecgclass__app3,45.8311,311.158,284.669,0,1
ecgclass__app6,45.8317,310.756,284.828,0,1
ecgclass__app8,45.8319,310.684,284.861,0,0
ecgclass__app4,45.8322,310.828,285.689,0,1
ecgclass__app2,45.8324,311.295,286.539,0,1
ecgclass,45.8680,310.551,52.303,0,1
ecgclass__app1,46.1406,311.618,283.800,0,1
ecgclass__app5,46.1405,312.877,284.246,0,1
ecgclass__app2,46.1437,309.740,284.378,0,1
ecgclass__app3,46.1423,311.433,284.514,0,1
ecgclass__app8,46.1426,311.325,284.840,0,0
ecgclass__app6,46.1425,311.605,285.088,0,1
ecgclass__app7,46.1421,312.259,286.056,0,1
ecgclass__app4,46.1430,312.246,287.034,0,1
ecgclass__app9,46.1400,315.531,287.276,0,0
ecgclass,46.1786,313.493,52.691,0,1
ecgclass__app3,46.4537,316.437,289.331,0,1
ecgclass__app8,46.4539,316.811,290.056,0,0
ecgclass__app1,46.4522,319.291,290.433,0,1
ecgclass__app4,46.4553,316.664,290.732,0,1
ecgclass__app6,46.4541,317.882,290.815,0,1
ecgclass__app2,46.4535,318.715,290.968,0,1
ecgclass__app7,46.4544,318.092,291.596,0,1
ecgclass__app9,46.4555,318.202,293.168,0,0
ecgclass__app5,46.4534,320.654,293.559,0,1
ecgclass,46.4921,317.913,53.530,0,1
ecgclass__app2,46.7722,306.788,280.321,0,1
ecgclass__app3,46.7702,310.147,281.141,0,1
ecgclass__app1,46.7715,309.285,281.282,0,1
ecgclass__app8,46.7707,310.193,281.376,0,0
ecgclass__app4,46.7719,309.324,281.457,0,1
ecgclass__app5,46.7740,307.434,281.522,0,1
ecgclass__app9,46.7738,307.808,281.579,0,0
ecgclass__app6,46.7720,309.626,281.621,0,1
ecgclass__app7,46.7725,309.922,283.678,0,1
ecgclass,46.8100,308.239,52.996,0,1
ecgclass__app9,47.0816,308.439,282.201,0,0
ecgclass__app5,47.0815,308.962,282.536,0,1
ecgclass__app3,47.0803,310.444,283.080,0,1
ecgclass__app2,47.0790,312.752,283.491,0,1
ecgclass__app8,47.0809,311.111,284.108,0,0
ecgclass__app4,47.0813,311.430,284.789,0,1
ecgclass__app6,47.0816,311.358,285.033,0,1
ecgclass__app1,47.0808,312.449,285.150,0,1
ecgclass__app7,47.0824,310.940,285.223,0,1
ecgclass,47.1183,310.810,53.004,0,1
ecgclass__app6,47.3930,308.659,283.303,0,1
ecgclass__app7,47.3933,309.702,284.052,0,1
ecgclass__app1,47.3933,310.019,284.216,0,1
ecgclass__app5,47.3905,312.892,284.249,0,1
ecgclass__app3,47.3908,312.830,284.782,0,1
ecgclass__app8,47.3921,311.769,285.394,0,0
ecgclass__app2,47.3918,313.414,286.861,0,1
ecgclass__app4,47.3927,312.752,287.033,0,1
ecgclass__app9,47.3900,315.490,287.139,0,0
ecgclass,47.4291,312.242,52.740,0,1
ecgclass__app2,47.7052,308.232,283.200,0,1
ecgclass__app4,47.7055,309.226,283.772,0,1
ecgclass__app6,47.7017,313.113,284.008,0,1
ecgclass__app1,47.7033,311.801,284.311,0,1
ecgclass__app3,47.7036,311.638,284.382,0,1
ecgclass__app5,47.7034,312.415,285.524,0,1
ecgclass__app8,47.7038,312.317,286.021,0,0
ecgclass__app9,47.7055,310.839,286.058,0,0
ecgclass__app7,47.7031,313.380,286.092,0,1
ecgclass,47.7413,310.436,51.055,0,1
ecgclass__app5,48.0158,308.276,282.591,0,1
ecgclass__app2,48.0135,311.664,283.458,0,1
ecgclass__app7,48.0164,308.945,283.593,0,1
ecgclass__app8,48.0162,309.395,283.654,0,0
ecgclass__app1,48.0151,311.110,284.732,0,1
ecgclass__app6,48.0148,311.687,284.881,0,1
ecgclass__app3,48.0153,311.293,284.988,0,1
ecgclass__app9,48.0164,310.758,285.849,0,0
ecgclass__app4,48.0147,313.660,287.273,0,1
ecgclass,48.0518,310.593,51.258,0,1
ecgclass__app9,48.3271,302.493,276.936,0,0
ecgclass__app3,48.3266,303.182,277.225,0,1
ecgclass__app8,48.3256,304.983,277.985,0,0
ecgclass__app1,48.3262,304.768,278.151,0,1
ecgclass__app6,48.3265,304.607,278.204,0,1
ecgclass__app2,48.3251,306.280,278.331,0,1
ecgclass__app7,48.3254,306.233,278.435,0,1
ecgclass__app4,48.3284,303.956,280.259,0,1
ecgclass__app5,48.3241,308.921,280.904,0,1
ecgclass,48.3624,305.320,51.968,0,1
ecgclass__app7,48.6316,304.695,278.743,0,1
ecgclass__app9,48.6297,307.885,279.317,0,0
ecgclass__app2,48.6314,306.209,279.403,0,1
ecgclass__app4,48.6324,305.661,279.921,0,1
ecgclass__app1,48.6310,307.088,280.258,0,1
ecgclass__app3,48.6298,308.592,280.753,0,1
ecgclass__app6,48.6311,307.886,281.489,0,1
ecgclass__app8,48.6306,308.531,281.660,0,0
ecgclass__app5,48.6330,306.298,281.691,0,1
ecgclass,48.6677,307.377,51.350,0,1
ecgclass__app1,48.9381,309.453,283.430,0,1
ecgclass__app5,48.9393,309.662,283.775,0,1
ecgclass__app2,48.9377,311.494,284.407,0,1
ecgclass__app6,48.9390,310.434,284.456,0,1
ecgclass__app7,48.9364,313.578,284.686,0,1
ecgclass__app3,48.9384,311.656,284.777,0,1
ecgclass__app8,48.9391,311.008,284.850,0,0
ecgclass__app9,48.9376,312.624,284.917,0,0
ecgclass__app4,48.9380,312.929,286.860,0,1
ecgclass,48.9751,311.463,52.706,0,1
ecgclass__app2,49.2492,311.020,283.118,0,1
ecgclass__app1,49.2476,312.760,283.250,0,1
ecgclass__app9,49.2502,310.238,283.345,0,0
ecgclass__app8,49.2501,310.713,283.488,0,0
ecgclass__app3,49.2500,311.044,283.708,0,1
ecgclass__app4,49.2510,310.516,284.532,0,1
ecgclass__app6,49.2495,312.098,284.715,0,1
ecgclass__app5,49.2490,312.628,285.233,0,1
ecgclass__app7,49.2500,313.213,287.253,0,1
ecgclass,49.2866,311.683,51.749,0,1
ecgclass__app6,49.5616,307.745,280.963,0,1
ecgclass__app1,49.5604,309.124,281.220,0,1
ecgclass__app4,49.5615,308.036,281.406,0,1
ecgclass__app9,49.5604,309.560,282.136,0,0
ecgclass__app3,49.5611,309.407,282.815,0,1
ecgclass__app5,49.5616,310.495,284.289,0,1
ecgclass__app7,49.5632,309.139,284.431,0,1
ecgclass__app2,49.5602,312.191,284.467,0,1
ecgclass__app8,49.5609,311.971,285.184,0,0
ecgclass,49.5983,309.819,50.941,0,1
ecgclass__app4,49.8695,305.055,277.280,0,1
ecgclass__app5,49.8722,304.738,279.027,0,1
ecgclass__app3,49.8705,306.499,279.185,0,1
ecgclass__app2,49.8724,304.990,279.393,0,1
ecgclass__app1,49.8695,307.967,279.472,0,1
ecgclass__app8,49.8729,304.778,279.547,0,0
ecgclass__app7,49.8723,305.641,280.443,0,1
ecgclass__app9,49.8700,308.020,280.474,0,0
ecgclass__app6,49.8693,308.722,280.567,0,1
ecgclass,49.9082,304.721,50.634,0,1
ecgclass__app6,50.1781,302.644,277.868,0,1
ecgclass__app2,50.1774,304.660,278.535,0,1
ecgclass__app4,50.1746,307.559,278.628,0,1
ecgclass__app9,50.1780,304.428,278.714,0,0
ecgclass__app7,50.1780,304.703,278.780,0,1
ecgclass__app8,50.1776,305.246,278.861,0,0
ecgclass__app3,50.1770,305.937,279.249,0,1
ecgclass__app1,50.1775,305.791,280.382,0,1
ecgclass__app5,50.1769,306.403,280.415,0,1
ecgclass,50.2129,306.058,50.910,0,1
ecgclass__app5,50.4833,304.702,279.957,0,1
ecgclass__app2,50.4821,306.861,280.750,0,1
ecgclass__app6,50.4807,308.404,280.920,0,1
ecgclass__app4,50.4822,307.702,281.833,0,1
ecgclass__app3,50.4830,307.102,281.897,0,1
ecgclass__app9,50.4825,307.669,281.986,0,0
ecgclass__app7,50.4827,308.037,282.691,0,1
ecgclass__app8,50.4829,308.502,283.458,0,0
ecgclass__app1,50.4833,308.821,284.299,0,1
ecgclass,50.5190,308.192,53.073,0,1
ecgclass__app7,50.7907,305.928,280.149,0,1
ecgclass__app6,50.7891,308.680,281.081,0,1
ecgclass__app1,50.7921,305.858,281.383,0,1
ecgclass__app4,50.7899,308.938,281.954,0,1
ecgclass__app8,50.7914,307.647,282.019,0,0
ecgclass__app3,50.7901,309.200,282.269,0,1
ecgclass__app2,50.7889,311.307,283.781,0,1
ecgclass__app9,50.7902,310.268,283.881,0,0
ecgclass__app5,50.7880,312.800,284.547,0,1
ecgclass,50.8272,308.935,52.551,0,1
ecgclass__app9,51.1004,305.210,280.237,0,0
ecgclass__app6,51.0978,308.435,280.835,0,1
ecgclass__app2,51.1003,307.274,281.899,0,1
ecgclass__app8,51.0991,308.541,281.978,0,0
ecgclass__app1,51.0980,310.060,282.285,0,1
ecgclass__app7,51.0967,311.672,282.604,0,1
ecgclass__app5,51.1009,307.711,282.709,0,1
ecgclass__app4,51.0989,309.925,282.768,0,1
ecgclass__app3,51.0993,309.724,283.627,0,1
ecgclass,51.1361,308.018,51.568,0,1
ecgclass__app5,51.4086,306.076,280.906,0,1
ecgclass__app6,51.4063,308.876,281.469,0,1
ecgclass__app8,51.4076,307.904,281.837,0,0
ecgclass__app2,51.4075,309.209,282.931,0,1
ecgclass__app9,51.4057,312.094,283.890,0,0
ecgclass__app4,51.4088,309.259,284.002,0,1
ecgclass__app3,51.4090,309.225,284.126,0,1
ecgclass__app1,51.4080,310.289,284.168,0,1
ecgclass__app7,51.4084,310.120,284.239,0,1
ecgclass,51.4442,309.983,51.969,0,1
ecgclass__app8,51.7155,309.678,281.833,0,0
ecgclass__app5,51.7147,311.297,282.580,0,1
ecgclass__app4,51.7181,308.121,282.729,0,1
ecgclass__app2,51.7168,309.919,283.484,0,1
ecgclass__app6,51.7152,311.760,283.553,0,1
ecgclass__app1,51.7183,308.691,283.655,0,1
ecgclass__app9,51.7178,309.607,284.218,0,0
ecgclass__app3,51.7183,309.899,284.985,0,1
ecgclass__app7,51.7185,309.850,285.016,0,1
ecgclass,51.7542,309.707,52.568,0,1
ecgclass__app4,52.0262,308.800,281.191,0,1
ecgclass__app7,52.0284,307.134,281.528,0,1
ecgclass__app8,52.0252,310.353,281.617,0,0
ecgclass__app3,52.0282,307.477,281.819,0,1
ecgclass__app2,52.0267,309.394,282.158,0,1
ecgclass__app1,52.0270,309.145,282.189,0,1
ecgclass__app5,52.0260,310.211,282.227,0,1
ecgclass__app6,52.0270,309.283,282.631,0,1
ecgclass__app9,52.0274,309.914,284.170,0,0
ecgclass,52.0639,309.124,51.000,0,1
ecgclass__app1,52.3362,303.543,277.295,0,1
ecgclass__app8,52.3356,304.916,277.881,0,0
ecgclass__app3,52.3357,305.795,278.665,0,1
ecgclass__app5,52.3362,305.987,279.888,0,1
ecgclass__app9,52.3373,305.356,280.255,0,0
ecgclass__app6,52.3362,306.663,280.334,0,1
ecgclass__app2,52.3361,307.072,280.445,0,1
ecgclass__app7,52.3355,307.938,280.981,0,1
ecgclass__app4,52.3350,308.583,281.199,0,1
ecgclass,52.3730,305.598,52.024,0,1
ecgclass__app4,52.6436,308.302,282.458,0,1
ecgclass__app8,52.6405,311.500,282.627,0,0
ecgclass__app9,52.6427,309.660,282.916,0,0
ecgclass__app3,52.6415,310.972,283.056,0,1
ecgclass__app2,52.6432,309.483,283.116,0,1
ecgclass__app1,52.6397,313.234,283.413,0,1
ecgclass__app5,52.6422,310.833,283.452,0,1
ecgclass__app7,52.6434,309.789,284.114,0,1
ecgclass__app6,52.6429,310.392,284.148,0,1
ecgclass,52.6786,310.130,51.847,0,1
ecgclass__app9,52.9523,309.740,284.054,0,0
ecgclass__app1,52.9530,310.190,285.087,0,1
ecgclass__app6,52.9533,310.743,285.843,0,1
ecgclass__app7,52.9532,311.144,286.152,0,1
ecgclass__app8,52.9520,312.419,286.238,0,0
ecgclass__app2,52.9527,312.019,286.429,0,1
ecgclass__app5,52.9530,312.048,287.085,0,1
ecgclass__app3,52.9524,312.866,287.293,0,1
ecgclass__app4,52.9519,313.760,287.833,0,1
ecgclass,52.9888,312.054,51.980,0,1
ecgclass__app3,53.2653,308.586,283.684,0,1
ecgclass__app5,53.2651,309.520,284.319,0,1
ecgclass__app7,53.2644,310.580,284.561,0,1
ecgclass__app8,53.2645,310.613,284.603,0,0
ecgclass__app9,53.2621,313.825,285.249,0,0
ecgclass__app6,53.2641,312.083,285.522,0,1
ecgclass__app1,53.2632,313.176,285.574,0,1
ecgclass__app2,53.2647,311.887,285.787,0,1
ecgclass__app4,53.2657,311.675,287.342,0,1
ecgclass,53.3009,312.048,52.740,0,1
ecgclass__app8,53.5751,309.115,282.103,0,0
ecgclass__app1,53.5764,309.222,282.502,0,1
ecgclass__app6,53.5762,309.554,282.714,0,1
ecgclass__app7,53.5750,311.066,282.741,0,1
ecgclass__app3,53.5739,312.356,283.212,0,1
ecgclass__app4,53.5774,309.024,283.240,0,1
ecgclass__app2,53.5766,310.212,284.211,0,1
ecgclass__app5,53.5746,312.293,284.301,0,1
ecgclass__app9,53.5759,312.377,286.415,0,0
ecgclass,53.6129,310.730,53.284,0,1
ecgclass__app7,53.8861,309.132,282.147,0,1
ecgclass__app1,53.8856,310.428,282.684,0,1
ecgclass__app8,53.8842,311.907,282.719,0,0
ecgclass__app2,53.8868,309.668,283.073,0,1
ecgclass__app6,53.8857,310.856,283.181,0,1
ecgclass__app9,53.8883,308.589,283.618,0,0
ecgclass__app4,53.8864,310.576,283.652,0,1
ecgclass__app5,53.8869,310.335,283.995,0,1
ecgclass__app3,53.8863,311.049,284.400,0,1
ecgclass,53.9237,309.698,51.639,0,1
ecgclass__app6,54.1966,311.059,284.755,0,1
ecgclass__app3,54.1974,310.804,285.128,0,1
ecgclass__app1,54.1960,312.672,285.988,0,1
ecgclass__app9,54.1969,312.298,286.309,0,0
ecgclass__app5,54.1973,312.184,286.401,0,1
ecgclass__app7,54.1952,314.421,286.639,0,1
ecgclass__app4,54.1970,313.951,288.130,0,1
ecgclass__app8,54.1961,314.960,288.346,0,0
ecgclass__app2,54.1965,314.818,288.658,0,1
ecgclass,54.2334,313.236,52.923,0,1
ecgclass__app3,54.5082,312.138,283.655,0,1
ecgclass__app4,54.5110,309.471,284.082,0,1
ecgclass__app8,54.5111,309.530,284.317,0,0
ecgclass__app2,54.5113,310.027,284.925,0,1
ecgclass__app5,54.5095,311.979,285.008,0,1
ecgclass__app9,54.5092,312.531,285.183,0,0
ecgclass__app7,54.5097,312.302,285.225,0,1
ecgclass__app6,54.5077,314.345,285.466,0,1
ecgclass__app1,54.5087,313.900,286.900,0,1
ecgclass,54.5467,311.759,52.394,0,1
ecgclass__app8,54.8207,311.771,284.613,0,0
ecgclass__app7,54.8220,312.573,285.784,0,1
ecgclass__app3,54.8203,314.687,286.189,0,1
ecgclass__app5,54.8215,313.847,286.571,0,1
ecgclass__app6,54.8220,313.368,286.632,0,1
ecgclass__app2,54.8214,314.083,286.766,0,1
ecgclass__app1,54.8226,313.284,288.058,0,1
ecgclass__app4,54.8204,315.749,288.155,0,1
ecgclass__app9,54.8218,315.615,289.819,0,0
ecgclass,54.8584,314.241,53.096,0,1
ecgclass__app2,55.1355,310.589,284.133,0,1
ecgclass__app7,55.1346,312.515,284.659,0,1
ecgclass__app1,55.1359,311.282,284.819,0,1
ecgclass__app8,55.1325,315.108,285.235,0,0
ecgclass__app3,55.1350,313.110,286.195,0,1
ecgclass__app4,55.1362,312.159,286.228,0,1
ecgclass__app9,55.1374,311.727,286.879,0,0
ecgclass__app5,55.1353,313.904,286.943,0,1
ecgclass__app6,55.1354,314.656,288.344,0,1
ecgclass,55.1727,312.793,53.223,0,1
ecgclass__app6,55.4501,305.037,280.085,0,1
ecgclass__app1,55.4472,308.596,280.495,0,1
ecgclass__app2,55.4461,310.191,280.781,0,1
ecgclass__app3,55.4481,308.444,280.965,0,1
ecgclass__app8,55.4476,309.410,281.217,0,0
ecgclass__app5,55.4492,307.844,281.294,0,1
ecgclass__app4,55.4484,308.957,281.398,0,1
ecgclass__app7,55.4471,311.146,283.246,0,1
ecgclass__app9,55.4491,309.521,283.713,0,0
ecgclass,55.4855,308.719,52.112,0,1
ecgclass__app2,55.7563,311.326,283.946,0,1
ecgclass__app5,55.7571,311.265,284.446,0,1
ecgclass__app7,55.7583,310.202,284.590,0,1
ecgclass__app1,55.7558,312.859,284.733,0,1
ecgclass__app8,55.7570,312.410,285.188,0,0
ecgclass__app9,55.7587,310.827,285.366,0,0
ecgclass__app6,55.7551,314.654,285.510,0,1
ecgclass__app3,55.7566,313.442,285.610,0,1
ecgclass__app4,55.7573,313.481,287.220,0,1
ecgclass,55.7942,312.567,53.086,0,1
ecgclass__app4,56.0708,306.918,282.197,0,1
ecgclass__app7,56.0685,310.649,282.564,0,1
ecgclass__app2,56.0676,311.820,282.937,0,1
ecgclass__app9,56.0695,310.007,282.995,0,0
ecgclass__app1,56.0687,311.038,283.126,0,1
ecgclass__app5,56.0684,311.456,283.242,0,1
ecgclass__app6,56.0698,310.285,283.489,0,1
ecgclass__app8,56.0694,310.719,283.564,0,0
ecgclass__app3,56.0701,310.318,284.799,0,1
ecgclass,56.1068,309.368,51.962,0,1
ecgclass__app7,56.3791,308.478,282.001,0,1
ecgclass__app6,56.3801,308.746,282.389,0,1
ecgclass__app4,56.3778,311.230,282.787,0,1
ecgclass__app5,56.3798,309.247,282.850,0,1
ecgclass__app9,56.3795,309.976,283.135,0,0
ecgclass__app1,56.3798,310.437,284.538,0,1
ecgclass__app8,56.3801,310.317,284.672,0,0
ecgclass__app3,56.3804,310.312,284.855,0,1
ecgclass__app2,56.3795,311.464,285.172,0,1
ecgclass,56.4162,311.534,53.983,0,1
ecgclass__app7,56.6876,314.104,285.547,0,1
ecgclass__app4,56.6890,313.618,285.884,0,1
ecgclass__app3,56.6907,312.243,286.088,0,1
ecgclass__app1,56.6902,312.827,286.341,0,1
ecgclass__app8,56.6905,312.981,287.119,0,0
ecgclass__app6,56.6889,314.891,287.277,0,1
ecgclass__app9,56.6895,314.325,287.329,0,0
ecgclass__app5,56.6891,314.826,287.404,0,1
ecgclass__app2,56.6909,313.494,288.322,0,1
ecgclass,56.7278,312.757,52.118,0,1
ecgclass__app7,57.0017,310.702,282.626,0,1
ecgclass__app3,57.0030,310.022,282.946,0,1
ecgclass__app4,57.0026,310.590,283.260,0,1
ecgclass__app9,57.0039,310.395,284.043,0,0
ecgclass__app8,57.0035,310.892,284.273,0,0
ecgclass__app6,57.0038,310.895,284.364,0,1
ecgclass__app5,57.0039,310.829,284.435,0,1
ecgclass__app1,57.0030,312.345,285.781,0,1
ecgclass__app2,57.0044,311.196,285.911,0,1
ecgclass,57.0405,310.640,52.534,0,1
ecgclass__app4,57.3133,308.618,281.438,0,1
ecgclass__app9,57.3143,308.749,282.185,0,0
ecgclass__app8,57.3144,308.755,282.278,0,0
ecgclass__app6,57.3147,308.654,282.317,0,1
ecgclass__app7,57.3125,311.051,282.388,0,1
ecgclass__app5,57.3148,309.010,282.608,0,1
ecgclass__app3,57.3130,310.832,283.202,0,1
ecgclass__app2,57.3156,308.738,283.997,0,1
ecgclass__app1,57.3154,309.045,284.114,0,1
ecgclass,57.3512,309.113,52.098,0,1
ecgclass__app4,57.6219,310.071,281.284,0,1
ecgclass__app1,57.6244,307.683,281.380,0,1
ecgclass__app9,57.6230,309.411,281.789,0,0
ecgclass__app5,57.6238,308.770,281.898,0,1
ecgclass__app3,57.6238,309.137,282.509,0,1
ecgclass__app6,57.6233,309.700,282.540,0,1
ecgclass__app8,57.6231,309.962,282.696,0,0
ecgclass__app7,57.6235,309.595,283.014,0,1
ecgclass__app2,57.6244,309.334,283.903,0,1
ecgclass,57.6603,309.139,52.146,0,1
ecgclass__app8,57.9331,306.961,281.357,0,0
ecgclass__app5,57.9326,307.909,281.922,0,1
ecgclass__app2,57.9337,307.264,282.329,0,1
ecgclass__app7,57.9331,309.530,283.712,0,1
ecgclass__app9,57.9325,310.428,283.853,0,0
ecgclass__app1,57.9322,310.804,283.955,0,1
ecgclass__app3,57.9330,310.208,284.185,0,1
ecgclass__app4,57.9320,311.468,284.957,0,1
ecgclass__app6,57.9331,310.588,285.039,0,1
ecgclass,57.9695,309.647,52.227,0,1
ecgclass__app7,58.2427,304.992,279.360,0,1
ecgclass__app3,58.2432,305.259,279.705,0,1
ecgclass__app4,58.2435,305.479,280.060,0,1
ecgclass__app2,58.2410,308.026,280.247,0,1
ecgclass__app5,58.2405,308.981,280.698,0,1
ecgclass__app6,58.2436,305.902,280.775,0,1
ecgclass__app9,58.2429,306.931,281.270,0,0
ecgclass__app8,58.2401,310.378,282.253,0,0
ecgclass__app1,58.2430,308.064,282.787,0,1
ecgclass,58.2791,307.522,52.521,0,1
ecgclass__app2,58.5490,312.728,285.767,0,1
ecgclass__app3,58.5485,314.104,286.256,0,1
ecgclass__app5,58.5495,313.355,286.467,0,1
ecgclass__app8,58.5505,312.687,286.685,0,0
ecgclass__app4,58.5489,314.927,287.688,0,1
ecgclass__app6,58.5496,314.413,287.764,0,1
ecgclass__app1,58.5510,313.209,287.876,0,1
ecgclass__app7,58.5477,316.741,287.992,0,1
ecgclass__app9,58.5498,315.042,288.941,0,0
ecgclass,58.5867,313.783,51.513,0,1
ecgclass__app7,58.8644,305.983,280.379,0,1
ecgclass__app5,58.8629,309.053,281.615,0,1
ecgclass__app1,58.8643,307.933,281.872,0,1
ecgclass__app8,58.8632,309.273,282.179,0,0
ecgclass__app9,58.8649,307.880,282.565,0,0
ecgclass__app2,58.8618,311.625,282.883,0,1
ecgclass__app6,58.8640,309.530,283.010,0,1
ecgclass__app4,58.8639,309.699,283.086,0,1
ecgclass__app3,58.8626,311.449,283.831,0,1
ecgclass,58.9005,309.159,52.188,0,1
ecgclass__app6,59.1735,305.514,280.017,0,1
ecgclass__app9,59.1728,306.861,280.297,0,0
ecgclass__app8,59.1724,307.454,280.406,0,0
ecgclass__app5,59.1719,308.635,281.295,0,1
ecgclass__app2,59.1734,308.406,282.640,0,1
ecgclass__app1,59.1722,309.755,282.700,0,1
ecgclass__app4,59.1736,308.781,282.935,0,1
ecgclass__app7,59.1704,312.038,283.019,0,1
ecgclass__app3,59.1741,308.797,283.775,0,1
ecgclass,59.2097,308.520,51.335,0,1
ecgclass__app8,59.4799,308.772,281.337,0,0
ecgclass__app3,59.4829,306.823,281.876,0,1
ecgclass__app9,59.4797,310.594,282.448,0,0
ecgclass__app5,59.4806,309.994,282.839,0,1
ecgclass__app4,59.4824,308.519,282.925,0,1
ecgclass__app6,59.4790,312.117,283.116,0,1
ecgclass__app2,59.4818,309.548,283.313,0,1
ecgclass__app7,59.4825,309.900,285.091,0,1
ecgclass__app1,59.4820,310.644,285.350,0,1
ecgclass,59.5182,310.442,53.313,0,1
ecgclass__app4,59.7909,306.864,279.863,0,1
ecgclass__app1,59.7926,306.249,280.464,0,1
ecgclass__app3,59.7897,309.290,280.705,0,1
ecgclass__app8,59.7887,310.318,280.747,0,0
ecgclass__app9,59.7903,308.830,280.776,0,0
ecgclass__app6,59.7912,307.984,280.924,0,1
ecgclass__app2,59.7914,307.839,280.981,0,1
ecgclass__app5,59.7906,308.681,281.099,0,1
ecgclass__app7,59.7924,307.327,282.017,0,1
ecgclass,59.8287,295.231,40.573,0,1
