task,condition,elapsed_sec,latency_ms,server_exec_ms,server_proc_ms,server_swap_ms,server_decoder_ms,queue_wait_plus_rpc_ms,non_server_exec_overhead_ms,server_start_ns
nyudepth,no_sharing_mps,0.0001,392.8668,369.7284,282.9799,0.0032,86.2754,5.4142,23.1385,1775769906272617045
nyudepth,no_sharing_mps,2.4069,82.2361,62.052,16.9908,0.0025,44.6358,5.7983,20.1841,1775769908679802518
nyudepth,no_sharing_mps,4.7419,81.4338,61.9558,16.9387,0.0027,44.6411,4.7913,19.478,1775769911013794945
nyudepth,no_sharing_mps,7.1266,81.001,61.9109,16.9528,0.0026,44.5843,4.6272,19.0902,1775769913398304174
nyudepth,no_sharing_mps,7.406,80.4441,61.5771,15.4727,0.002,45.5167,4.3674,18.867,1775769913677425431
nyudepth,no_sharing_mps,7.4916,79.8852,61.5821,15.2756,0.0019,46.019,4.107,18.3031,1775769913762839471
nyudepth,no_sharing_mps,8.9464,82.1745,61.7918,16.0489,0.003,45.3783,6.0122,20.3828,1775769915219495192
nyudepth,no_sharing_mps,10.3561,80.0247,61.6075,15.577,0.0024,45.7335,4.1792,18.4172,1775769916627342725
nyudepth,no_sharing_mps,13.4794,80.9848,61.8105,17.0707,0.0028,44.3621,4.6554,19.1743,1775769919751198781
nyudepth,no_sharing_mps,13.5605,79.1569,61.5625,13.3881,0.0019,47.9096,3.5088,17.5944,1775769919831061616
nyudepth,no_sharing_mps,14.6054,83.286,62.1514,17.1182,0.0029,44.2613,4.6966,21.1346,1775769920877234881
nyudepth,no_sharing_mps,14.6757,83.329,62.1576,13.8436,0.0021,48.0011,6.2783,21.1713,1775769920949107798
nyudepth,no_sharing_mps,15.7643,81.5697,62.2068,17.2296,0.0028,44.4612,5.0478,19.3629,1775769922036432940
nyudepth,no_sharing_mps,17.4978,80.9889,61.7644,16.1074,0.003,45.2762,4.9491,19.2245,1775769923769869455
nyudepth,no_sharing_mps,17.8833,80.6708,61.6082,15.527,0.002,45.7779,4.0164,19.0627,1775769924154411668
nyudepth,no_sharing_mps,19.1163,79.7815,61.5244,15.5514,0.0023,45.6891,4.0798,18.2571,1775769925387477807
nyudepth,no_sharing_mps,19.2693,79.4137,61.6253,15.4127,0.0021,45.9324,3.7665,17.7884,1775769925540199522
nyudepth,no_sharing_mps,19.36,78.8105,61.4335,13.782,0.0017,47.4163,3.3627,17.377,1775769925630432883
nyudepth,no_sharing_mps,19.6748,80.0395,61.736,15.9608,0.0024,44.9929,4.1356,18.3035,1775769925946049458
nyudepth,no_sharing_mps,20.5756,80.0874,61.7868,16.0628,0.0026,45.3798,4.2102,18.3006,1775769926846872028
nyudepth,no_sharing_mps,20.9892,79.2618,61.5818,15.4162,0.0023,45.8814,3.6297,17.68,1775769927259890006
nyudepth,no_sharing_mps,22.2377,83.4503,62.299,15.0042,0.0027,46.9224,6.6478,21.1513,1775769928511463352
nyudepth,no_sharing_mps,22.4595,80.409,61.6883,15.7657,0.0027,45.6001,4.5838,18.7208,1775769928731171292
nyudepth,no_sharing_mps,24.2998,80.7705,62.1603,15.6944,0.0027,46.1233,4.1263,18.6102,1775769930571057326
nyudepth,no_sharing_mps,25.5246,80.9393,61.851,17.0819,0.0028,44.3827,4.6206,19.0883,1775769931796356888
nyudepth,no_sharing_mps,26.1823,79.9985,61.6186,15.6812,0.0026,45.6414,4.3292,18.3799,1775769932453771660
nyudepth,no_sharing_mps,26.5979,79.8919,61.6026,15.4775,0.0024,45.8436,4.0317,18.2894,1775769932869004467
nyudepth,no_sharing_mps,27.0512,80.2212,61.7237,15.9199,0.0026,45.4666,4.2856,18.4975,1775769933322597140
nyudepth,no_sharing_mps,27.1315,79.6831,62.2304,14.2922,0.0025,47.6805,3.3245,17.4526,1775769933401880816
nyudepth,no_sharing_mps,27.3075,80.5459,61.6994,15.219,0.0024,46.186,4.581,18.8465,1775769933579224429
nyudepth,no_sharing_mps,27.9933,81.2762,61.9597,16.0633,0.0034,45.5236,4.2224,19.3165,1775769934264569651
nyudepth,no_sharing_mps,28.3817,83.6682,63.0072,16.4501,0.0028,46.1059,5.8758,20.661,1775769934654718238
nyudepth,no_sharing_mps,29.6466,82.3169,62.1993,16.4431,0.0024,45.4035,5.903,20.1175,1775769935919612140
nyudepth,no_sharing_mps,30.3547,79.9925,61.8761,15.9715,0.0025,45.6079,4.0739,18.1164,1775769936625905529
nyudepth,no_sharing_mps,30.5924,79.7212,61.7216,13.6653,0.002,47.7359,3.9418,17.9996,1775769936863411135
nyudepth,no_sharing_mps,31.0537,80.086,61.7472,15.7812,0.0022,45.6444,4.2338,18.3388,1775769937324985927
nyudepth,no_sharing_mps,31.6955,79.5784,61.7103,15.6445,0.0022,45.7605,3.8059,17.8681,1775769937966387247
nyudepth,no_sharing_mps,32.0401,80.5783,61.694,12.5069,0.0022,48.8822,4.812,18.8843,1775769938312015061
nyudepth,no_sharing_mps,32.3611,79.4208,61.7704,15.786,0.0027,45.014,3.6817,17.6504,1775769938631903005
nyudepth,no_sharing_mps,33.2399,80.817,62.3816,15.9454,0.0026,46.1155,4.1082,18.4354,1775769939511063016
nyudepth,no_sharing_mps,33.5367,80.6754,61.8943,16.2383,0.0027,45.2814,4.7445,18.781,1775769939808528467
nyudepth,no_sharing_mps,34.8719,82.0026,61.9826,16.3347,0.003,45.2689,4.9222,20.0201,1775769941143876935
nyudepth,no_sharing_mps,36.2616,80.4939,61.9165,15.7004,0.0027,45.8413,4.4746,18.5774,1775769942533213639
nyudepth,no_sharing_mps,37.3473,83.0493,61.6998,15.7108,0.0022,45.6755,4.1165,21.3495,1775769943618539388
nyudepth,no_sharing_mps,37.4182,80.9271,61.5069,13.2261,0.0017,48.0046,5.3544,19.4202,1775769943690688848
nyudepth,no_sharing_mps,38.5521,80.3194,62.1741,14.8171,0.0021,47.0152,3.9034,18.1453,1775769944823115545
nyudepth,no_sharing_mps,39.9086,81.0771,62.1213,16.3536,0.003,45.3651,4.3757,18.9558,1775769946180040839
nyudepth,no_sharing_mps,41.0297,80.3716,61.9411,17.1128,0.0032,44.4113,4.1628,18.4306,1775769947300919693
nyudepth,no_sharing_mps,41.3094,79.4513,61.6987,15.6594,0.0025,44.479,3.7961,17.7526,1775769947580309476
nyudepth,no_sharing_mps,41.6302,79.2284,61.6354,15.633,0.0021,45.7472,3.6941,17.593,1775769947901034884
nyudepth,no_sharing_mps,41.7966,82.7329,62.0409,14.0755,0.0023,47.6557,6.1324,20.692,1775769948069834393
nyudepth,no_sharing_mps,42.1506,81.0902,62.0441,16.459,0.0028,45.2113,4.8628,19.0462,1775769948422563833
nyudepth,no_sharing_mps,42.1722,127.4166,61.4995,13.2964,0.0021,47.9572,51.6124,65.9171,1775769948490936492
nyudepth,no_sharing_mps,42.3389,79.3295,61.5309,13.4324,0.0024,47.826,3.9515,17.7986,1775769948609905483
nyudepth,no_sharing_mps,43.6546,80.0128,62.1073,17.062,0.0026,44.754,3.9353,17.9055,1775769949925624081
nyudepth,no_sharing_mps,47.6499,80.9805,61.954,16.8791,0.0028,44.7057,4.7872,19.0265,1775769953921738242
nyudepth,no_sharing_mps,48.213,80.5898,61.9095,16.0981,0.0028,45.4515,4.3061,18.6802,1775769954484365946
nyudepth,no_sharing_mps,48.4969,79.8612,61.7019,15.7607,0.0031,45.6334,3.9513,18.1593,1775769954767977867
nyudepth,no_sharing_mps,48.8942,83.9291,62.0989,16.1274,0.003,45.6216,6.6512,21.8302,1775769955167985820
nyudepth,no_sharing_mps,49.2556,80.6186,61.8414,15.9512,0.0028,45.567,4.647,18.7772,1775769955527367546
nyudepth,no_sharing_mps,49.3855,79.566,61.714,15.7493,0.0024,45.6721,3.7553,17.852,1775769955656320811
nyudepth,no_sharing_mps,50.469,80.3492,61.9693,16.2105,0.003,45.4062,4.3008,18.3799,1775769956740362165
nyudepth,no_sharing_mps,51.8453,80.1454,61.9015,16.0821,0.0029,45.4464,4.1971,18.2439,1775769958116640181
nyudepth,no_sharing_mps,53.3535,80.6639,61.9502,16.0743,0.0026,45.464,4.359,18.7137,1775769959624917022
nyudepth,no_sharing_mps,58.6627,80.6522,61.9427,17.0268,0.0028,44.5542,4.4222,18.7096,1775769964934187479
nyudepth,no_sharing_mps,60.7701,80.3821,61.9398,16.87,0.0029,44.7179,4.1697,18.4423,1775769967041353934
nyudepth,no_sharing_mps,62.4146,81.1934,61.9549,16.1964,0.0028,45.4109,4.2326,19.2385,1775769968685899701
nyudepth,no_sharing_mps,63.4585,81.0685,61.9886,17.1788,0.0024,44.4126,4.8828,19.0799,1775769969730510987
nyudepth,no_sharing_mps,64.0503,79.6359,61.6243,15.6797,0.0023,45.6617,3.8819,18.0115,1775769970321261235
nyudepth,no_sharing_mps,64.0942,102.9315,61.5207,13.3563,0.0019,47.9123,27.2572,41.4108,1775769970388531272
nyudepth,no_sharing_mps,65.0521,81.2516,62.2856,26.1657,0.004,35.5862,4.6899,18.966,1775769971323926905
nyudepth,no_sharing_mps,65.6725,80.7848,62.2551,16.9843,0.003,44.8879,4.0028,18.5297,1775769971943620297
nyudepth,no_sharing_mps,67.1807,80.3969,61.9599,17.2006,0.0031,44.4015,4.2386,18.4369,1775769973452033799
nyudepth,no_sharing_mps,69.2102,79.8314,61.7539,16.1404,0.0024,45.306,3.8323,18.0774,1775769975481145321
nyudepth,no_sharing_mps,69.5405,82.2365,61.603,15.5869,0.0025,45.7476,3.8145,20.6335,1775769975811383211
nyudepth,no_sharing_mps,69.5904,100.1399,61.9089,14.0869,0.002,47.5553,23.7756,38.2309,1775769975881234293
nyudepth,no_sharing_mps,70.5147,80.7137,61.8961,16.1494,0.003,45.3824,4.4563,18.8177,1775769976786257013
nyudepth,no_sharing_mps,73.0709,80.6296,62.0764,17.0528,0.003,44.6534,4.5063,18.5532,1775769979342481549
nyudepth,no_sharing_mps,73.8904,80.1709,61.7819,15.7195,0.0024,45.7475,4.2684,18.3889,1775769980161786229
nyudepth,no_sharing_mps,76.0205,76.6845,61.8472,17.012,0.0027,43.6882,4.4031,14.8373,1775769982292027424
nyudepth,no_sharing_mps,76.7739,76.8569,61.866,17.05,0.003,44.4521,4.5054,14.9908,1775769983045453445
nyudepth,no_sharing_mps,78.0883,76.7941,61.9128,17.2014,0.0033,44.3253,4.5156,14.8814,1775769984359939606
nyudepth,no_sharing_mps,78.3765,77.8084,61.6786,15.6013,0.0025,45.7689,4.2012,16.1298,1775769984647819506
nyudepth,no_sharing_mps,78.5105,74.2357,61.6115,15.6221,0.0022,45.695,3.6061,12.6242,1775769984781216839
nyudepth,no_sharing_mps,78.6529,74.1303,61.6619,15.8176,0.0025,45.5459,3.5505,12.4684,1775769984923592018
nyudepth,no_sharing_mps,78.7703,79.3462,61.668,15.0625,0.0023,46.3123,3.5765,17.6782,1775769985040961151
nyudepth,no_sharing_mps,78.8251,91.6135,61.4943,12.7249,0.002,48.4945,16.0549,30.1192,1775769985108233880
nyudepth,no_sharing_mps,80.5434,80.3177,61.8495,16.1656,0.003,45.3181,4.3664,18.4682,1775769986814874227
nyudepth,no_sharing_mps,80.9902,83.2863,61.9343,16.1621,0.0028,45.4124,6.9275,21.352,1775769987264235650
nyudepth,no_sharing_mps,81.377,82.6721,61.7174,17.9499,0.0071,42.2785,4.9858,20.9547,1775769987649063240
nyudepth,no_sharing_mps,82.3131,80.698,62.0118,16.7921,0.0027,44.8562,4.6401,18.6862,1775769988584810352
nyudepth,no_sharing_mps,82.4991,79.6824,61.7013,15.7129,0.0022,45.6566,4.0507,17.981,1775769988770199078
nyudepth,no_sharing_mps,84.4176,81.0108,61.9607,16.0551,0.0028,45.5124,4.6232,19.0501,1775769990689301364
nyudepth,no_sharing_mps,85.7099,80.5151,61.8642,17.1363,0.0028,44.3511,4.492,18.651,1775769991981526269
nyudepth,no_sharing_mps,86.0383,80.7781,61.8098,16.1291,0.0028,45.3476,4.5381,18.9683,1775769992309914096
nyudepth,no_sharing_mps,86.2394,79.555,61.6426,15.5962,0.0021,45.7791,3.9988,17.9124,1775769992510448678
nyudepth,no_sharing_mps,86.7705,79.5493,61.6896,15.6733,0.0026,45.7226,3.9089,17.8597,1775769993041537676
nyudepth,no_sharing_mps,87.0755,80.2906,62.167,26.0831,0.0038,35.5313,3.9868,18.1235,1775769993346558360
nyudepth,no_sharing_mps,87.1558,79.9644,61.7627,16.6535,0.0022,44.7638,3.9492,18.2017,1775769993426836581
nyudepth,no_sharing_mps,87.6543,87.6942,61.9306,17.0784,0.0031,44.4517,4.4444,25.7635,1775769993925813024
nyudepth,no_sharing_mps,89.9069,80.9295,62.2642,16.5971,0.0033,45.2729,4.431,18.6653,1775769996178456886
nyudepth,no_sharing_mps,90.9159,80.873,62.0151,16.2316,0.0028,45.3849,4.276,18.858,1775769997187223941
nyudepth,no_sharing_mps,93.9981,76.226,61.9286,17.2242,0.0032,44.3094,4.1573,14.2974,1775770000269341417
nyudepth,no_sharing_mps,96.0455,76.1859,61.9286,17.1915,0.0029,44.3202,4.2839,14.2573,1775770002316876759
nyudepth,no_sharing_mps,97.1628,75.448,61.8914,17.0282,0.0031,44.4672,4.0283,13.5567,1775770003433938107
nyudepth,no_sharing_mps,99.0124,76.5929,61.9461,17.1683,0.0029,44.3695,4.3454,14.6469,1775770005283858266
nyudepth,no_sharing_mps,99.7396,84.235,62.6747,16.2696,0.003,46.0092,6.9983,21.5602,1775770006013653747
nyudepth,no_sharing_mps,100.8084,80.5249,61.9844,17.1066,0.0033,44.4887,4.2651,18.5406,1775770007079782177
nyudepth,no_sharing_mps,101.1874,79.3889,61.6488,15.6757,0.0028,45.6836,3.8195,17.7401,1775770007458334253
nyudepth,no_sharing_mps,101.4061,79.6115,61.7744,15.7848,0.0026,45.6828,3.7639,17.8372,1775770007676983189
nyudepth,no_sharing_mps,103.553,79.7424,61.8536,16.6623,0.0021,44.9093,3.679,17.8888,1775770009823751456
nyudepth,no_sharing_mps,103.693,79.5369,61.6679,15.6888,0.0023,45.6874,3.6392,17.869,1775770009963687664
nyudepth,no_sharing_mps,103.8798,80.2982,61.6733,15.7712,0.0024,45.6295,3.7909,18.6249,1775770010150663982
nyudepth,no_sharing_mps,104.1895,79.823,61.686,15.5731,0.0022,45.8383,3.9403,18.137,1775770010460516400
nyudepth,no_sharing_mps,105.1584,79.7443,61.6809,15.6853,0.0022,45.6966,3.8865,18.0634,1775770011429348797
nyudepth,no_sharing_mps,105.5713,80.231,61.8862,16.1305,0.0029,45.4168,4.1616,18.3447,1775770011842546976
nyudepth,no_sharing_mps,106.2563,79.5705,61.7126,15.733,0.0022,45.6725,3.8116,17.858,1775770012527205270
nyudepth,no_sharing_mps,108.4176,81.0037,62.0299,16.5656,0.0029,45.0798,4.2949,18.9737,1775770014689031282
nyudepth,no_sharing_mps,109.9573,80.3776,61.9737,17.3217,0.0031,44.2376,4.3101,18.4039,1775770016228703116
nyudepth,no_sharing_mps,111.1289,80.4651,62.3974,15.9256,0.0029,46.1303,3.8612,18.0677,1775770017399897612
nyudepth,no_sharing_mps,111.3002,81.9113,61.9386,16.1166,0.0028,44.6521,4.7784,19.9727,1775770017572094588
nyudepth,no_sharing_mps,112.4894,79.5994,61.748,15.7018,0.0022,45.7487,3.9062,17.8513,1775770018760417220
nyudepth,no_sharing_mps,112.9436,79.9687,61.7478,25.5927,0.0039,35.6277,3.6359,18.2209,1775770019214292306
nyudepth,no_sharing_mps,113.0668,79.906,62.0136,16.768,0.0026,44.9148,3.6101,17.8924,1775770019337463091
nyudepth,no_sharing_mps,113.4672,82.5586,61.8902,17.2198,0.0027,44.2917,4.8983,20.6685,1775770019739191051
nyudepth,no_sharing_mps,113.5378,80.8718,61.5131,14.2938,0.0022,46.9413,5.3399,19.3587,1775770019810205791
nyudepth,no_sharing_mps,114.4527,79.9673,61.7092,16.7108,0.0026,44.6696,4.2892,18.258,1775770020724037247
nyudepth,no_sharing_mps,115.4232,80.5547,61.9482,16.1762,0.0028,45.3964,4.2384,18.6066,1775770021694532144
nyudepth,no_sharing_mps,115.7181,79.5352,61.6586,17.0629,0.0065,44.2353,3.7754,17.8766,1775770021989008058
nyudepth,no_sharing_mps,115.7641,101.2487,61.6685,14.5394,0.0022,46.7958,25.2428,39.5803,1775770022056431108
nyudepth,no_sharing_mps,118.4961,80.2004,61.7425,16.6652,0.0027,43.975,4.5497,18.4579,1775770024767786390
nyudepth,no_sharing_mps,119.3008,83.6704,62.6594,15.5195,0.0025,46.765,6.6712,21.011,1775770025574518767
nyudepth,no_sharing_mps,120.7896,80.4329,61.9419,16.2061,0.0028,45.3441,4.4267,18.491,1775770027061149570
nyudepth,no_sharing_mps,121.1415,81.2333,61.6922,15.649,0.0026,45.7316,3.8853,19.541,1775770027412507315
nyudepth,no_sharing_mps,122.8186,80.6324,61.8732,16.2425,0.0031,45.2671,4.4262,18.7592,1775770029090148546
nyudepth,no_sharing_mps,124.4608,80.2627,61.8291,16.0312,0.0027,45.424,4.096,18.4336,1775770030732026487
nyudepth,no_sharing_mps,124.5523,78.687,61.5332,13.981,0.0021,47.2622,3.3207,17.1537,1775770030822747995
nyudepth,no_sharing_mps,129.9861,80.3649,61.9737,17.2828,0.003,44.2731,4.2591,18.3912,1775770036257478970
nyudepth,no_sharing_mps,130.6575,80.1475,61.9223,16.1335,0.0026,45.3993,4.1358,18.2252,1775770036928693581
nyudepth,no_sharing_mps,132.0571,79.4642,61.6815,15.7384,0.003,45.6306,3.9337,17.7827,1775770038328135639
nyudepth,no_sharing_mps,132.2989,79.3622,61.6468,15.6474,0.0022,45.7019,3.602,17.7154,1775770038569620255
nyudepth,no_sharing_mps,133.2844,79.4289,61.599,15.7056,0.0024,45.6243,3.8581,17.83,1775770039555317167
nyudepth,no_sharing_mps,133.5702,79.2446,61.6944,15.6436,0.0023,45.7373,3.6623,17.5502,1775770039840924527
nyudepth,no_sharing_mps,135.184,80.8153,61.9231,16.1368,0.0026,45.4006,4.7343,18.8922,1775770041455781425
nyudepth,no_sharing_mps,135.646,79.3538,61.727,15.73,0.0026,45.6942,3.6988,17.6269,1775770041916785273
nyudepth,no_sharing_mps,136.426,80.4319,61.8928,16.0166,0.0032,45.5007,4.127,18.5391,1775770042697222712
nyudepth,no_sharing_mps,136.9541,79.4885,61.7849,17.6359,0.0025,43.7965,3.8459,17.7036,1775770043225001709
nyudepth,no_sharing_mps,137.7074,79.829,61.8121,16.6147,0.0025,44.8667,3.8605,18.0169,1775770043978351434
nyudepth,no_sharing_mps,138.1798,80.404,62.1302,17.1633,0.0024,44.4947,4.3378,18.2738,1775770044451226903
nyudepth,no_sharing_mps,138.792,79.9758,61.8864,17.0643,0.0029,44.4244,3.9978,18.0894,1775770045063112746
nyudepth,no_sharing_mps,138.821,118.5825,61.5224,13.5004,0.0021,47.7508,42.7601,57.0601,1775770045130870686
nyudepth,no_sharing_mps,140.4102,81.3534,62.3327,15.9272,0.0028,46.082,4.425,19.0208,1775770046681763754
nyudepth,no_sharing_mps,142.9194,80.8971,62.0649,16.9251,0.0026,44.7442,4.4794,18.8322,1775770049190977619
nyudepth,no_sharing_mps,143.4997,80.447,61.911,17.2236,0.0029,44.2925,4.3395,18.5359,1775770049771117913
nyudepth,no_sharing_mps,146.905,80.6942,62.0781,16.7058,0.0028,44.978,4.1928,18.6161,1775770053176253069
nyudepth,no_sharing_mps,147.0709,79.8419,62.0994,17.0542,0.0024,44.7437,3.7417,17.7424,1775770053341755803
nyudepth,no_sharing_mps,149.8573,80.512,61.9353,16.5308,0.0028,45.0234,4.4596,18.5768,1775770056128903141
nyudepth,no_sharing_mps,150.2199,80.1916,61.8418,15.4602,0.0029,46.0156,4.3426,18.3498,1775770056491310670
nyudepth,no_sharing_mps,150.8898,79.6998,61.7315,15.6198,0.0024,45.7736,3.9549,17.9683,1775770057160876113
nyudepth,no_sharing_mps,153.3277,81.7533,61.8533,16.6146,0.003,44.8836,4.142,19.9,1775770059598949975
nyudepth,no_sharing_mps,153.4527,79.19,61.5737,12.1208,0.0021,49.1572,3.3767,17.6164,1775770059723141575
nyudepth,no_sharing_mps,153.6441,79.4969,61.5229,13.6633,0.0022,46.8891,4.0362,17.974,1775770059915268029
nyudepth,no_sharing_mps,154.9867,80.6415,61.9827,16.3089,0.0025,45.298,4.3414,18.6588,1775770061258167185
nyudepth,no_sharing_mps,155.9692,79.8726,61.8129,16.061,0.0026,45.4044,3.9892,18.0597,1775770062240278359
nyudepth,no_sharing_mps,156.2574,79.4983,61.6688,15.6767,0.0022,45.6864,3.8562,17.8295,1775770062528396999
nyudepth,no_sharing_mps,156.7005,79.2761,61.6565,15.66,0.0023,45.7017,3.6445,17.6196,1775770062971220286
nyudepth,no_sharing_mps,157.4515,79.7079,61.6687,15.7035,0.0026,45.6613,4.0555,18.0391,1775770063722672874
nyudepth,no_sharing_mps,159.35,80.9882,61.9543,17.3307,0.0029,44.2153,4.8907,19.0339,1775770065621995314
nyudepth,no_sharing_mps,159.7084,80.739,62.0175,15.7075,0.0026,45.9749,3.9937,18.7216,1775770065979536080
nyudepth,no_sharing_mps,160.4731,83.2522,62.495,16.7336,0.0029,45.3384,6.1841,20.7572,1775770066746375625
nyudepth,no_sharing_mps,160.8272,81.7611,61.9599,16.1949,0.0033,45.405,5.5354,19.8012,1775770067099803788
nyudepth,no_sharing_mps,161.1313,79.6192,61.6484,15.7171,0.0028,44.5596,3.8152,17.9707,1775770067402241201
nyudepth,no_sharing_mps,163.267,80.6484,62.12,16.9603,0.0028,44.792,4.1475,18.5285,1775770069538282575
nyudepth,no_sharing_mps,163.8233,80.0006,61.711,15.7082,0.0027,45.7002,4.3163,18.2896,1775770070094751159
nyudepth,no_sharing_mps,165.161,80.3752,61.9577,16.2436,0.0124,45.3157,4.1964,18.4175,1775770071432304895
nyudepth,no_sharing_mps,165.4638,79.5321,61.6912,15.6646,0.0027,45.7217,3.8548,17.8409,1775770071734739241
nyudepth,no_sharing_mps,165.6496,79.3135,61.6341,15.5778,0.0025,45.7584,3.679,17.6794,1775770071920367144
nyudepth,no_sharing_mps,166.7928,80.1945,61.8951,16.1071,0.0027,45.4049,4.0987,18.2994,1775770073064025044
nyudepth,no_sharing_mps,168.2105,79.4044,61.6552,15.7693,0.0023,45.583,3.7746,17.7492,1775770074481409778
nyudepth,no_sharing_mps,169.1603,79.9968,61.8554,16.0084,0.0025,45.5147,4.0162,18.1414,1775770075431385134
nyudepth,no_sharing_mps,170.3485,80.1756,62.2016,16.4422,0.0025,45.4469,3.8226,17.974,1775770076619466903
nyudepth,no_sharing_mps,171.3667,80.1218,61.8211,15.9965,0.0027,45.469,4.1234,18.3006,1775770077637870744
nyudepth,no_sharing_mps,172.46,79.4604,61.6954,15.6479,0.0026,45.7637,3.7673,17.765,1775770078730818306
nyudepth,no_sharing_mps,174.7146,80.5881,62.0064,17.2678,0.0027,44.3556,4.2884,18.5817,1775770080985964187
nyudepth,no_sharing_mps,177.5371,81.4042,62.7475,17.9011,0.0029,44.4569,4.2794,18.6567,1775770083808447343
nyudepth,no_sharing_mps,178.2011,80.8914,61.9436,16.2442,0.0027,45.3477,4.9181,18.9478,1775770084473114349
nyudepth,no_sharing_mps,178.2902,78.938,61.5322,13.8845,0.0021,47.3773,3.458,17.4058,1775770084560764782
nyudepth,no_sharing_mps,179.6946,79.3502,61.7215,15.8052,0.0025,45.5988,3.7043,17.6287,1775770085965446860
nyudepth,no_sharing_mps,180.5396,80.143,61.8675,16.0996,0.0027,45.405,4.1335,18.2755,1775770086810826988
nyudepth,no_sharing_mps,182.9812,80.4796,61.969,17.1169,0.0024,44.4754,4.3292,18.5107,1775770089252606561
nyudepth,no_sharing_mps,184.0249,80.662,62.2064,16.5872,0.0028,45.2223,4.2911,18.4556,1775770090296294712
nyudepth,no_sharing_mps,184.1658,79.5233,61.7497,15.802,0.0023,45.6558,3.6936,17.7736,1775770090436595792
nyudepth,no_sharing_mps,185.2159,80.1053,61.9136,16.0897,0.0028,45.4597,4.0677,18.1917,1775770091487064279
nyudepth,no_sharing_mps,185.7877,79.5314,61.6433,15.6731,0.0025,45.6941,3.7153,17.8881,1775770092058481888
nyudepth,no_sharing_mps,185.9024,81.0339,61.6479,14.9986,0.0022,46.3477,3.5758,19.3861,1775770092173094467
nyudepth,no_sharing_mps,186.1755,84.2366,62.2521,14.9279,0.0024,47.012,7.0961,21.9845,1775770092449644561
nyudepth,no_sharing_mps,189.6536,80.7357,61.9228,17.0083,0.0026,44.5583,4.3502,18.8129,1775770095924996210
nyudepth,no_sharing_mps,190.0548,79.5259,61.6332,15.6251,0.0023,45.7017,3.7646,17.8928,1775770096325647449
nyudepth,no_sharing_mps,190.3127,79.6289,61.6656,15.7959,0.0021,45.5651,3.7606,17.9633,1775770096583524416
nyudepth,no_sharing_mps,190.7569,79.4027,61.6553,15.6462,0.0021,45.7081,3.6895,17.7474,1775770097027639637
nyudepth,no_sharing_mps,192.8246,81.4362,61.9671,17.1001,0.0027,44.442,5.0981,19.469,1775770099096838393
nyudepth,no_sharing_mps,193.9133,80.5829,61.9406,15.9897,0.0026,45.5555,4.1099,18.6423,1775770100184548921
nyudepth,no_sharing_mps,194.1112,80.0011,61.662,19.199,0.003,42.1203,3.695,18.3391,1775770100382013940
nyudepth,no_sharing_mps,194.1192,139.7002,61.5246,14.3096,0.0018,46.9326,63.9882,78.1755,1775770100450251021
nyudepth,no_sharing_mps,194.5566,80.4136,61.9484,17.1241,0.0029,44.4381,4.2748,18.4652,1775770100827989286
nyudepth,no_sharing_mps,194.7072,83.3559,62.1979,15.6918,0.0025,46.118,6.5942,21.1581,1775770100980883228
nyudepth,no_sharing_mps,196.7766,80.6415,61.9842,16.8665,0.0031,44.7174,4.2343,18.6573,1775770103047905348
nyudepth,no_sharing_mps,196.8814,80.0455,61.5871,14.4662,0.0024,46.8485,3.5765,18.4583,1775770103152111893
nyudepth,no_sharing_mps,197.5663,79.4735,61.6628,15.6588,0.0027,45.7091,3.7918,17.8107,1775770103837137291
nyudepth,no_sharing_mps,198.5837,82.2477,61.8894,13.8043,0.0025,47.7531,6.042,20.3583,1775770104856837254
nyudepth,no_sharing_mps,201.4559,80.8609,61.923,17.0667,0.0027,44.4675,4.6992,18.9378,1775770107727719196
nyudepth,no_sharing_mps,201.7452,79.5238,61.7102,15.6289,0.0025,45.7465,3.6881,17.8136,1775770108015949154
nyudepth,no_sharing_mps,203.4802,80.2734,62.1084,16.4266,0.0031,44.4986,4.0662,18.165,1775770109751387819
nyudepth,no_sharing_mps,204.2444,79.8011,61.6148,15.6384,0.0026,45.7115,4.0352,18.1863,1775770110515485799
nyudepth,no_sharing_mps,205.9736,80.4501,61.8908,17.1138,0.0029,44.371,4.1146,18.5592,1775770112244858816
nyudepth,no_sharing_mps,206.3313,81.0461,61.9438,15.6479,0.0027,45.9265,4.6964,19.1023,1775770112603093309
nyudepth,no_sharing_mps,206.6648,79.4449,61.6218,15.6618,0.0024,45.6662,3.7055,17.8231,1775770112935571645
nyudepth,no_sharing_mps,206.9175,79.9539,61.7791,15.7838,0.0027,45.6851,3.7391,18.1748,1775770113188355636
nyudepth,no_sharing_mps,207.9616,79.5128,61.6874,15.6206,0.0026,45.7469,3.664,17.8254,1775770114232385700
nyudepth,no_sharing_mps,208.6114,80.1408,61.8334,16.1631,0.0027,45.3158,4.0574,18.3074,1775770114882553116
nyudepth,no_sharing_mps,209.4763,80.1063,61.8709,16.0489,0.0029,45.4801,3.9709,18.2353,1775770115747329100
nyudepth,no_sharing_mps,210.7607,79.7145,61.8184,15.808,0.0024,45.682,3.8474,17.8961,1775770117031691315
nyudepth,no_sharing_mps,211.9139,80.5907,61.9078,16.0959,0.0026,45.4458,4.0152,18.6829,1775770118185050303
nyudepth,no_sharing_mps,212.9597,79.5972,61.7641,16.6784,0.0025,44.7629,3.8075,17.8331,1775770119230573247
nyudepth,no_sharing_mps,214.3575,81.403,61.7705,15.5206,0.0038,45.856,4.4997,19.6325,1775770120629069186
nyudepth,no_sharing_mps,214.3919,114.7118,61.5145,12.5392,0.0018,48.7295,38.6143,53.1972,1775770120697609649
nyudepth,no_sharing_mps,215.8968,83.4854,62.0676,15.5427,0.0097,46.0445,6.4449,21.4178,1775770122170337460
nyudepth,no_sharing_mps,217.1987,81.5377,61.9506,16.1972,0.0027,45.4154,5.5609,19.5871,1775770123471338029
nyudepth,no_sharing_mps,217.6368,79.6797,61.6321,15.6295,0.0026,45.7149,4.0002,18.0476,1775770123907846660
nyudepth,no_sharing_mps,217.8755,81.0447,61.7965,14.9512,0.0025,46.4715,4.2493,19.2481,1775770124146819853
nyudepth,no_sharing_mps,218.5866,80.7383,61.9058,16.251,0.0028,45.2611,4.6241,18.8325,1775770124858298586
nyudepth,no_sharing_mps,220.6137,80.7087,61.931,16.7619,0.0032,44.7755,4.4277,18.7777,1775770126885187434
nyudepth,no_sharing_mps,220.9382,81.0337,61.855,22.3382,0.0041,38.8962,4.4639,19.1787,1775770127209717975
nyudepth,no_sharing_mps,222.3722,82.3867,61.9836,17.1791,0.0032,44.3952,5.2075,20.4031,1775770128644473556
nyudepth,no_sharing_mps,225.3405,80.6048,61.9562,16.8857,0.0027,44.6862,4.4572,18.6485,1775770131612036284
nyudepth,no_sharing_mps,225.7396,80.8823,61.8905,15.7429,0.0023,45.8374,3.958,18.9918,1775770132010635915
nyudepth,no_sharing_mps,230.0429,83.5721,62.5422,17.7892,0.0028,44.2937,6.2597,21.03,1775770136316280638
nyudepth,no_sharing_mps,230.1019,92.521,61.7168,13.3896,0.002,48.0632,16.3815,30.8042,1775770136385411789
nyudepth,no_sharing_mps,230.1407,121.0916,62.2268,12.3134,0.0019,49.6314,44.9212,58.8648,1775770136452729605
nyudepth,no_sharing_mps,231.9975,80.8423,61.9454,16.2748,0.0032,45.3066,4.5419,18.8968,1775770138269186425
nyudepth,no_sharing_mps,232.6426,80.6413,61.8462,16.075,0.0028,45.414,4.4935,18.7951,1775770138914206933
nyudepth,no_sharing_mps,233.249,79.7091,61.703,15.6374,0.0024,45.7492,4.0414,18.0061,1775770139520096643
nyudepth,no_sharing_mps,235.2072,82.5572,61.81,15.9492,0.0026,45.4344,6.4511,20.7472,1775770141480793636
nyudepth,no_sharing_mps,237.6836,80.4772,62.0967,18.3053,0.0028,43.4888,4.1671,18.3805,1775770143954908634
nyudepth,no_sharing_mps,238.5067,80.7087,62.0618,16.2588,0.0027,45.44,4.3674,18.6469,1775770144778195727
nyudepth,no_sharing_mps,240.613,81.897,61.8252,14.462,0.0024,47.0222,5.707,20.0719,1775770146885761109
nyudepth,no_sharing_mps,241.6243,80.7528,61.982,16.2845,0.0031,45.3217,4.5166,18.7708,1775770147895883522
nyudepth,no_sharing_mps,242.1256,79.9105,61.6712,15.6322,0.0025,45.7086,4.0772,18.2393,1775770148396795859
nyudepth,no_sharing_mps,242.3689,79.6969,61.6906,15.6202,0.0023,45.7893,3.8464,18.0063,1775770148639809640
nyudepth,no_sharing_mps,243.7453,80.641,61.9511,16.2061,0.003,45.3513,4.3285,18.6899,1775770150016740544
nyudepth,no_sharing_mps,245.8867,81.3136,62.0821,17.3659,0.0027,44.304,4.8611,19.2316,1775770152158639996
nyudepth,no_sharing_mps,248.5575,80.3096,61.8792,16.9612,0.0027,44.5603,4.1368,18.4304,1775770154828750666
nyudepth,no_sharing_mps,248.8582,79.9809,61.6811,15.6657,0.0027,45.7047,4.2877,18.2997,1775770155129625066
nyudepth,no_sharing_mps,249.8847,80.8342,61.8226,16.08,0.0153,44.5424,4.0627,19.0115,1775770156155904333
nyudepth,no_sharing_mps,250.3975,80.7266,61.9352,16.0648,0.0029,45.4831,4.6651,18.7915,1775770156669303412
nyudepth,no_sharing_mps,252.1111,79.8833,61.7329,16.7423,0.0025,44.6565,4.0736,18.1504,1775770158382252654
nyudepth,no_sharing_mps,252.3303,80.6003,62.0891,15.5874,0.0024,46.2086,4.1683,18.5112,1775770158601544518
nyudepth,no_sharing_mps,252.3885,90.3392,61.9007,13.1506,0.0024,48.4583,13.9332,28.4385,1775770158669487883
nyudepth,no_sharing_mps,252.7502,82.9325,61.7796,15.9414,0.0024,45.4958,5.0652,21.1529,1775770159022406281
nyudepth,no_sharing_mps,252.821,81.2538,61.5663,13.4432,0.0021,47.8577,5.5587,19.6875,1775770159093633336
nyudepth,no_sharing_mps,253.2918,80.147,61.6376,15.7385,0.0024,45.6185,4.3478,18.5095,1775770159563239466
nyudepth,no_sharing_mps,253.7795,79.4845,61.6667,15.5956,0.0023,45.7928,3.8896,17.8178,1775770160050510787
nyudepth,no_sharing_mps,253.8922,86.6086,62.5219,15.1414,0.0024,47.0525,6.8574,24.0867,1775770160166179317
nyudepth,no_sharing_mps,256.9804,81.1949,62.081,17.4309,0.0032,44.2072,4.7832,19.1139,1775770163252246083
nyudepth,no_sharing_mps,257.282,79.9136,61.6855,15.6136,0.0025,45.7334,3.9978,18.2281,1775770163553053611
nyudepth,no_sharing_mps,258.4798,80.3926,61.8213,17.5837,0.0034,43.8233,4.231,18.5713,1775770164751122679
nyudepth,no_sharing_mps,258.6806,79.7641,61.8036,14.7007,0.0022,46.7531,3.6428,17.9605,1775770164951348133
nyudepth,no_sharing_mps,259.189,79.5314,61.745,16.7002,0.0024,44.7018,3.7525,17.7865,1775770165459837359
nyudepth,no_sharing_mps,259.2787,79.4189,61.8789,16.1795,0.0022,45.3954,3.6385,17.54,1775770165549473281
nyudepth,no_sharing_mps,259.3964,79.1245,61.6272,16.2259,0.0026,45.0664,3.3,17.4973,1775770165666771095
nyudepth,no_sharing_mps,259.4081,134.6068,61.4219,13.118,0.0018,48.0664,58.9852,73.1849,1775770165734218494
nyudepth,no_sharing_mps,261.0232,80.3287,61.9436,16.3042,0.003,45.24,4.1718,18.3851,1775770167294424152
nyudepth,no_sharing_mps,261.3781,81.1861,61.8506,16.0575,0.0027,45.4063,4.1401,19.3354,1775770167649334852
nyudepth,no_sharing_mps,262.0714,80.0722,61.835,16.1631,0.0027,45.3204,4.07,18.2372,1775770168342537009
nyudepth,no_sharing_mps,262.9403,80.6053,61.8794,22.7339,0.0043,38.5553,4.0085,18.7259,1775770169211374707
nyudepth,no_sharing_mps,263.1202,79.999,61.755,16.8093,0.0027,44.6096,4.1022,18.244,1775770169391347864
nyudepth,no_sharing_mps,266.0523,80.7023,62.0702,17.2635,0.003,44.4112,4.3676,18.6321,1775770172323802954
nyudepth,no_sharing_mps,266.5991,79.9077,61.7249,14.9927,0.0027,46.4088,3.9954,18.1827,1775770172870168832
nyudepth,no_sharing_mps,266.679,78.5129,61.4565,13.0364,0.0022,48.1695,3.1753,17.0564,1775770172949279910
nyudepth,no_sharing_mps,266.7827,78.3663,61.4879,12.1922,0.0017,49.0373,3.0146,16.8784,1775770173052835391
nyudepth,no_sharing_mps,267.2797,79.7565,61.6177,15.6539,0.0021,45.6709,4.0703,18.1388,1775770173550847647
nyudepth,no_sharing_mps,267.4067,79.7663,61.6354,15.5382,0.0023,45.8152,3.83,18.1308,1775770173677583578
nyudepth,no_sharing_mps,267.7328,80.1177,61.7556,15.6704,0.0026,45.7715,4.0922,18.3621,1775770174004029396
nyudepth,no_sharing_mps,268.4755,80.5469,62.057,15.7779,0.0027,45.9341,4.0243,18.4899,1775770174746655036
nyudepth,no_sharing_mps,268.5175,105.6538,61.4959,12.8014,0.002,48.4442,29.8777,44.1578,1775770174814434539
nyudepth,no_sharing_mps,268.8765,81.3622,61.6218,15.7726,0.0022,45.568,4.7655,19.7405,1775770175148395041
nyudepth,no_sharing_mps,270.4459,82.6981,63.2611,27.4583,0.0043,35.1678,4.7214,19.437,1775770176717724452
nyudepth,no_sharing_mps,270.5285,79.5534,61.7326,16.812,0.0028,44.5806,3.7401,17.8207,1775770176799345225
nyudepth,no_sharing_mps,271.491,80.7457,61.909,17.1069,0.0031,44.3992,4.4158,18.8367,1775770177762538674
nyudepth,no_sharing_mps,271.541,97.9643,61.5402,13.8503,0.002,47.408,22.2151,36.4241,1775770177830334084
nyudepth,no_sharing_mps,274.2205,80.57,62.0015,16.898,0.0027,44.7029,4.3433,18.5685,1775770180491922726
nyudepth,no_sharing_mps,274.475,80.1904,61.9563,14.4193,0.0024,47.1858,3.9496,18.2341,1775770180746018404
nyudepth,no_sharing_mps,274.7202,80.6732,61.9655,16.0874,0.0031,45.5033,4.6599,18.7077,1775770180991935180
nyudepth,no_sharing_mps,275.8101,80.8222,61.7337,17.1592,0.004,44.191,4.0138,19.0885,1775770182081163536
nyudepth,no_sharing_mps,278.069,81.0182,62.1188,17.2198,0.003,43.3193,4.7431,18.8994,1775770184340839667
nyudepth,no_sharing_mps,281.2567,81.6658,61.994,16.813,0.0031,44.7719,4.9038,19.6718,1775770187528714519
nyudepth,no_sharing_mps,282.6389,80.1859,61.7163,15.747,0.0025,45.6599,4.4,18.4696,1775770188910355792
nyudepth,no_sharing_mps,284.3659,80.8718,61.8765,16.9647,0.0032,44.5517,4.7863,18.9953,1775770190637761935
nyudepth,no_sharing_mps,285.4626,80.574,61.7935,16.0359,0.0024,45.4135,4.544,18.7805,1775770191734210485
nyudepth,no_sharing_mps,285.6544,80.1148,61.697,15.7039,0.0025,45.7085,4.3259,18.4178,1775770191925853426
nyudepth,no_sharing_mps,286.8209,80.7419,61.901,15.9912,0.003,45.5061,4.663,18.8408,1775770193092694907
nyudepth,no_sharing_mps,286.9869,80.0438,61.6728,15.7998,0.0025,45.5628,4.3399,18.371,1775770193258379927
nyudepth,no_sharing_mps,287.9771,79.8604,61.6801,15.719,0.0026,45.6781,4.153,18.1804,1775770194248312434
nyudepth,no_sharing_mps,288.7438,80.842,61.9067,16.1217,0.0024,45.4408,4.8196,18.9353,1775770195015712747
nyudepth,no_sharing_mps,289.1011,79.9928,61.7124,15.5881,0.0021,45.8161,4.1635,18.2804,1775770195372350547
nyudepth,no_sharing_mps,289.8121,81.0485,62.0091,16.1597,0.0025,45.4643,4.3962,19.0394,1775770196083609150
nyudepth,no_sharing_mps,290.7137,81.8107,62.4581,17.2179,0.0029,44.7173,5.1348,19.3526,1775770196985907303
nyudepth,no_sharing_mps,290.9458,80.5647,61.7195,26.1892,0.0039,34.9805,4.4696,18.8453,1775770197217380522
nyudepth,no_sharing_mps,291.3639,79.6905,61.7057,16.7204,0.0025,44.6468,3.9873,17.9847,1775770197634975129
nyudepth,no_sharing_mps,291.7865,80.6305,62.2388,15.4889,0.0026,46.3655,4.0786,18.3917,1775770198057682531
nyudepth,no_sharing_mps,291.8994,81.8796,62.2387,12.9742,0.0023,48.949,4.0321,19.6409,1775770198170525752
nyudepth,no_sharing_mps,292.1888,81.5272,61.8827,15.5891,0.0027,45.9118,5.3141,19.6445,1775770198461175217
nyudepth,no_sharing_mps,293.2164,79.7548,61.6605,15.6656,0.0024,45.7102,4.133,18.0943,1775770199487637380
nyudepth,no_sharing_mps,294.4095,83.0944,61.7889,13.6494,0.0029,47.7961,6.7189,21.3055,1775770200683278458
nyudepth,no_sharing_mps,294.9832,80.353,61.8768,16.0777,0.0026,45.4084,4.2112,18.4762,1775770201254544650
nyudepth,no_sharing_mps,295.5831,80.596,61.8247,16.1263,0.0028,45.3614,4.4155,18.7712,1775770201854630138
nyudepth,no_sharing_mps,295.9816,80.6074,61.8681,16.1603,0.0027,45.3517,4.355,18.7393,1775770202253072237
nyudepth,no_sharing_mps,297.1486,80.8282,61.9364,16.165,0.0027,45.394,4.4107,18.8918,1775770203420056237
nyudepth,no_sharing_mps,297.5539,79.7744,61.6898,15.6028,0.0024,45.7611,3.864,18.0846,1775770203824869089
nyudepth,no_sharing_mps,298.5127,79.7491,61.6743,15.681,0.002,45.7098,3.968,18.0748,1775770204783800035
nyudepth,no_sharing_mps,299.1532,79.5171,61.6322,15.6619,0.0022,45.6841,3.8795,17.8849,1775770205424192164
nyudepth,no_sharing_mps,299.7533,82.5038,61.8277,16.1815,0.0027,45.2914,6.4487,20.6761,1775770206026856166
vocseg,no_sharing_mps,0.0001,424.7766,396.5447,287.3258,0.004,108.7903,7.1728,28.2318,1775769906274412120
vocseg,no_sharing_mps,0.166,593.7066,331.1567,74.0161,0.0043,85.5362,247.6866,262.55,1775769906680788430
vocseg,no_sharing_mps,0.2522,517.091,331.1567,74.0161,0.0043,85.5362,161.4809,185.9344,1775769906680788430
vocseg,no_sharing_mps,0.3051,474.2746,331.1567,74.0161,0.0043,85.5362,108.5618,143.118,1775769906680788430
vocseg,no_sharing_mps,1.4973,83.6003,63.4444,26.9747,0.0049,35.8934,5.583,20.1559,1775769907769982092
vocseg,no_sharing_mps,3.0509,81.6929,62.5244,16.5049,0.0036,45.6444,4.7042,19.1685,1775769909322684994
vocseg,no_sharing_mps,3.4551,81.3942,62.7512,25.045,0.0046,36.7846,4.0615,18.643,1775769909726265071
vocseg,no_sharing_mps,4.7969,79.9053,62.3374,13.8454,0.0032,48.1592,5.8286,17.5678,1775769911069809162
vocseg,no_sharing_mps,4.918,80.5843,62.2976,12.6349,0.0022,49.3868,4.0505,18.2866,1775769911189155387
vocseg,no_sharing_mps,5.9878,81.8222,62.7584,25.2237,0.0045,36.9855,4.4026,19.0638,1775769912259260448
vocseg,no_sharing_mps,6.5272,80.663,62.3368,15.8857,0.0025,46.1321,4.0171,18.3261,1775769912798335572
vocseg,no_sharing_mps,7.5767,81.1791,62.4332,14.8767,0.0032,47.2031,4.3035,18.7459,1775769913848139083
vocseg,no_sharing_mps,10.9898,81.5942,62.4861,16.4311,0.0033,45.3511,4.5445,19.1081,1775769917261466157
vocseg,no_sharing_mps,11.7153,81.5396,62.7606,25.0796,0.0046,37.1622,4.2868,18.7791,1775769917986639381
vocseg,no_sharing_mps,12.9642,80.6806,62.275,15.9414,0.0026,46.0366,4.0748,18.4056,1775769919235320439
vocseg,no_sharing_mps,14.0372,80.5933,62.5436,20.9151,0.0043,41.1558,4.1921,18.0498,1775769920308476672
vocseg,no_sharing_mps,14.0402,140.5098,62.2191,15.393,0.0025,46.5217,67.1103,78.2908,1775769920374415957
vocseg,no_sharing_mps,14.264,78.0249,62.2822,15.3499,0.0025,46.6212,4.7059,15.7427,1775769920535781177
vocseg,no_sharing_mps,14.6444,81.0788,63.0209,14.5085,0.0028,48.1955,6.35,18.0579,1775769920917869429
vocseg,no_sharing_mps,15.5771,78.9428,62.5765,16.5044,0.0037,45.7112,5.059,16.3662,1775769921849213786
vocseg,no_sharing_mps,16.2605,82.9403,62.6956,15.4837,0.004,46.4487,4.6048,20.2448,1775769922532151461
vocseg,no_sharing_mps,19.512,81.5697,62.5689,16.4199,0.0037,45.7539,4.6706,19.0008,1775769925783803348
vocseg,no_sharing_mps,20.4277,81.6119,62.5512,15.4309,0.0036,46.7522,4.4801,19.0606,1775769926699284074
vocseg,no_sharing_mps,22.0085,81.8651,62.5378,16.3922,0.0033,45.7435,4.889,19.3273,1775769928280526050
vocseg,no_sharing_mps,22.2167,82.6604,62.9332,14.9384,0.0024,47.6829,4.4911,19.7272,1775769928488297564
vocseg,no_sharing_mps,24.3139,89.8728,63.6872,15.109,0.0055,48.1207,8.9765,26.1857,1775769930589940756
vocseg,no_sharing_mps,24.3402,130.0514,62.3791,12.1198,0.0026,49.9943,52.9435,67.6723,1775769930660268315
vocseg,no_sharing_mps,24.9029,81.6076,62.3926,15.1082,0.0027,46.9813,4.7739,19.215,1775769931174762859
vocseg,no_sharing_mps,25.2299,80.3089,62.2999,14.9538,0.0023,47.0707,3.7692,18.009,1775769931500803626
vocseg,no_sharing_mps,26.7851,81.7964,62.4895,15.4899,0.0035,46.6609,4.9193,19.3069,1775769933057066791
vocseg,no_sharing_mps,27.1372,84.0843,63.1507,13.359,0.0027,49.4811,6.4092,20.9336,1775769933410703721
vocseg,no_sharing_mps,27.7166,84.2788,62.5749,15.5084,0.0032,46.7061,4.3163,21.704,1775769933988008561
vocseg,no_sharing_mps,28.2319,81.6398,62.7139,15.8296,0.0034,46.5333,4.5683,18.9259,1775769934503522631
vocseg,no_sharing_mps,28.4137,84.5399,62.8589,13.7531,0.0027,48.7633,6.7189,21.681,1775769934687556343
vocseg,no_sharing_mps,30.511,81.3591,62.5127,16.5028,0.0035,45.6265,4.4267,18.8464,1775769936782511839
vocseg,no_sharing_mps,31.8904,84.0852,62.5718,16.3952,0.0033,45.8016,4.5083,21.5134,1775769938161958581
vocseg,no_sharing_mps,31.9313,108.7785,62.1633,12.9408,0.0022,48.9717,32.2123,46.6151,1775769938230613077
vocseg,no_sharing_mps,32.689,81.2292,62.5846,15.6418,0.0035,46.5975,4.2202,18.6446,1775769938960295534
vocseg,no_sharing_mps,33.2588,84.471,63.1896,14.2798,0.003,48.5762,6.5691,21.2814,1775769939532513307
vocseg,no_sharing_mps,33.6246,80.8015,62.4382,13.8766,0.0031,48.249,3.8784,18.3633,1775769939895557015
vocseg,no_sharing_mps,34.2411,84.1703,62.7358,25.0496,0.0042,36.1197,4.1835,21.4346,1775769940512377352
vocseg,no_sharing_mps,34.2963,94.9178,62.2941,16.066,0.003,45.9379,17.9045,32.6237,1775769940581278647
vocseg,no_sharing_mps,35.1883,84.4655,62.5441,16.4091,0.0032,45.7498,4.8776,21.9214,1775769941460251063
vocseg,no_sharing_mps,35.2304,107.9304,62.176,13.6696,0.0027,48.2242,31.2176,45.7545,1775769941528707283
vocseg,no_sharing_mps,36.1383,81.109,62.273,14.9313,0.0025,47.0417,4.6465,18.836,1775769942410048415
vocseg,no_sharing_mps,38.4453,82.5973,62.4928,16.3744,0.0032,45.7473,5.6276,20.1044,1775769944718015538
vocseg,no_sharing_mps,38.5829,81.5411,62.6667,13.0226,0.0028,49.3552,4.4932,18.8744,1775769944854498580
vocseg,no_sharing_mps,38.6947,80.0741,62.2001,12.2497,0.0023,49.7013,3.8071,17.874,1775769944965577343
vocseg,no_sharing_mps,39.1273,80.4143,62.396,17.9804,0.0029,44.0641,3.9437,18.0183,1775769945398320254
vocseg,no_sharing_mps,40.4463,81.6972,62.4837,16.3357,0.0035,45.7728,5.0571,19.2135,1775769946718436797
vocseg,no_sharing_mps,41.7577,81.7683,62.7922,16.3872,0.0032,44.851,4.3855,18.9761,1775769948029179522
vocseg,no_sharing_mps,41.9276,84.0547,62.4349,14.8148,0.0031,47.3061,4.4074,21.6198,1775769948199060827
vocseg,no_sharing_mps,41.934,143.4016,62.2589,15.8353,0.0024,46.1115,66.6468,81.1427,1775769948267695195
vocseg,no_sharing_mps,45.7808,83.7948,62.5397,15.9659,0.0038,46.2243,4.5981,21.2551,1775769952052518048
vocseg,no_sharing_mps,47.1681,83.1492,62.2428,14.9005,0.0023,47.0724,6.5377,20.9064,1775769953441750873
vocseg,no_sharing_mps,48.0834,81.363,62.5219,15.3502,0.0033,46.8293,4.4956,18.8411,1775769954354952968
vocseg,no_sharing_mps,48.8522,82.5708,63.2047,25.637,0.0054,36.9709,4.2646,19.3661,1775769955123600185
vocseg,no_sharing_mps,50.1469,81.6596,62.5701,16.5085,0.0038,45.6701,4.5857,19.0895,1775769956418570436
vocseg,no_sharing_mps,51.086,81.4569,62.4908,15.4495,0.0035,46.6567,4.4713,18.9661,1775769957357602185
vocseg,no_sharing_mps,52.7125,81.2705,62.612,15.4592,0.0029,46.8023,4.401,18.6584,1775769958983953732
vocseg,no_sharing_mps,53.4623,83.364,62.4489,14.6362,0.0031,47.4686,4.0295,20.9151,1775769959733472523
vocseg,no_sharing_mps,53.5122,99.088,62.1553,12.1231,0.0021,49.8011,22.5003,36.9327,1775769959801783762
vocseg,no_sharing_mps,53.6113,79.8676,62.1236,11.1737,0.0019,50.7308,3.6767,17.744,1775769959882071492
vocseg,no_sharing_mps,55.319,80.5819,62.3434,14.9679,0.0028,47.0792,3.8638,18.2385,1775769961589924962
vocseg,no_sharing_mps,56.2716,80.5557,62.301,14.9315,0.0023,47.0736,3.953,18.2547,1775769962542645151
vocseg,no_sharing_mps,57.7727,80.1401,62.2928,14.942,0.0025,47.0605,3.6922,17.8473,1775769964043536639
vocseg,no_sharing_mps,58.1163,80.7028,62.3125,14.9349,0.0024,47.0792,3.9496,18.3903,1775769964387371892
vocseg,no_sharing_mps,59.7815,81.5041,62.4492,15.2553,0.0032,46.8434,4.5323,19.0549,1775769966053173381
vocseg,no_sharing_mps,59.9573,80.8609,62.2509,14.8449,0.0023,47.1371,4.4084,18.6099,1775769966228822026
vocseg,no_sharing_mps,62.0028,81.2449,62.4857,16.0018,0.0028,46.1335,4.3867,18.7593,1775769968274300100
vocseg,no_sharing_mps,62.4696,84.8389,62.8907,25.6692,0.0057,36.6414,6.7737,21.9482,1775769968743473382
vocseg,no_sharing_mps,65.3097,82.3162,63.3329,16.8103,0.0033,46.2158,4.3931,18.9833,1775769971581230873
vocseg,no_sharing_mps,65.7025,84.4336,63.2005,24.0174,0.0044,38.6468,6.3436,21.2331,1775769971975974202
vocseg,no_sharing_mps,66.631,81.0738,62.4148,16.1723,0.0032,45.9092,4.5383,18.6589,1775769972902617232
vocseg,no_sharing_mps,70.4114,83.0815,62.9945,25.5659,0.0051,36.8138,5.2605,20.0869,1775769976683752478
vocseg,no_sharing_mps,71.2042,80.7188,62.4458,16.5714,0.0032,45.5091,4.0624,18.273,1775769977475361918
vocseg,no_sharing_mps,75.5373,81.6162,62.4831,16.2248,0.0033,45.912,4.5755,19.1331,1775769981809004225
vocseg,no_sharing_mps,76.2375,81.733,62.9669,25.6703,0.005,36.7121,4.0355,18.7661,1775769982508607932
vocseg,no_sharing_mps,77.2783,81.1231,62.5236,16.3402,0.0035,45.8013,4.3581,18.5996,1775769983549759445
vocseg,no_sharing_mps,78.9769,80.8265,62.3415,14.0229,0.0029,47.9727,4.3478,18.485,1775769985248365642
vocseg,no_sharing_mps,80.9392,81.7719,62.6548,22.9285,0.0048,39.143,4.3514,19.117,1775769987210668945
vocseg,no_sharing_mps,82.0564,81.2843,62.5528,16.4702,0.0033,44.9543,4.4923,18.7315,1775769988328012821
vocseg,no_sharing_mps,83.1975,81.3859,62.4519,15.2971,0.003,46.797,4.4751,18.9339,1775769989469099538
vocseg,no_sharing_mps,83.6054,80.2302,62.2659,14.816,0.0023,47.1439,3.8934,17.9644,1775769989876409088
vocseg,no_sharing_mps,85.3066,80.8408,62.406,15.3139,0.0028,46.7638,4.216,18.4349,1775769991577893530
vocseg,no_sharing_mps,85.8917,81.301,62.4989,15.4392,0.0032,46.7348,4.4863,18.8021,1775769992163314321
vocseg,no_sharing_mps,87.5112,81.8167,62.9794,25.6291,0.0053,36.7584,4.2408,18.8373,1775769993782551420
vocseg,no_sharing_mps,87.7242,83.2751,62.3323,14.0304,0.0032,47.9341,5.9478,20.9428,1775769993997263456
vocseg,no_sharing_mps,88.7997,82.0062,62.7648,25.1245,0.0044,37.0889,4.7908,19.2414,1775769995071589377
vocseg,no_sharing_mps,89.9459,83.7829,62.6411,14.5095,0.0028,47.7818,6.9089,21.1418,1775769996219917890
vocseg,no_sharing_mps,90.6905,81.9943,62.4748,16.2087,0.003,45.8886,5.1119,19.5195,1775769996962741906
vocseg,no_sharing_mps,91.011,80.8611,62.614,16.5111,0.0031,45.7084,4.0607,18.2471,1775769997282110814
vocseg,no_sharing_mps,91.4614,80.3292,62.2912,14.8568,0.0027,47.1513,3.9504,18.0379,1775769997732406984
vocseg,no_sharing_mps,91.8252,80.0028,62.2391,14.8158,0.0026,47.1348,3.7463,17.7637,1775769998096007188
vocseg,no_sharing_mps,92.1586,80.4451,62.3839,15.0147,0.0027,47.0784,3.8855,18.0612,1775769998429592551
vocseg,no_sharing_mps,94.2477,80.9503,62.4682,15.3749,0.0033,46.7275,4.2698,18.4821,1775770000519017088
vocseg,no_sharing_mps,97.0087,80.8241,62.4764,16.1486,0.0032,45.9751,4.0414,18.3478,1775770003279877195
vocseg,no_sharing_mps,98.4647,81.1141,62.4208,15.43,0.0029,46.6706,4.3089,18.6932,1775770004736063168
vocseg,no_sharing_mps,99.4926,80.6892,62.5204,15.3629,0.0036,46.8084,4.0593,18.1688,1775770005763735723
vocseg,no_sharing_mps,99.7256,81.0928,62.909,14.9271,0.0031,47.684,3.7541,18.1839,1775770005996447449
vocseg,no_sharing_mps,100.3745,82.3913,62.4704,15.3891,0.0029,46.7202,4.7565,19.9209,1775770006646364541
vocseg,no_sharing_mps,105.3794,82.5758,62.5813,16.0632,0.0031,46.1467,4.6904,19.9945,1775770011651215543
vocseg,no_sharing_mps,106.7324,80.8654,62.5261,15.362,0.0032,46.7841,4.1084,18.3393,1775770013003646195
vocseg,no_sharing_mps,107.2669,80.4608,62.3342,14.8997,0.0024,47.1307,3.9492,18.1266,1775770013537984687
vocseg,no_sharing_mps,108.4987,80.997,62.5103,15.2756,0.0031,46.8846,4.1256,18.4867,1775770014769891628
vocseg,no_sharing_mps,109.5418,79.9768,62.2475,14.8479,0.0025,47.1326,3.7401,17.7293,1775770015812643311
vocseg,no_sharing_mps,111.143,84.9972,63.4003,14.7164,0.0029,48.3096,6.8829,21.5969,1775770017416954980
vocseg,no_sharing_mps,113.0966,84.0869,62.8879,14.7847,0.0028,47.7463,6.6786,21.199,1775770019370417881
vocseg,no_sharing_mps,115.2335,81.4178,62.4998,15.7686,0.0031,46.3736,4.6382,18.918,1775770021505230220
vocseg,no_sharing_mps,119.105,81.4333,62.5665,16.0482,0.0034,46.1529,4.622,18.8668,1775770025376762134
vocseg,no_sharing_mps,119.2918,81.3639,63.0212,15.571,0.0039,47.1055,3.7446,18.3427,1775770025562600822
vocseg,no_sharing_mps,119.832,82.2568,62.8522,24.0848,0.0047,38.2261,5.008,19.4046,1775770026104146208
vocseg,no_sharing_mps,120.1527,81.1849,63.1971,16.6746,0.0029,46.2413,3.9287,17.9878,1775770026423737502
vocseg,no_sharing_mps,121.1996,83.3509,62.3779,13.7908,0.0032,48.2239,6.3884,20.973,1775770027473044579
vocseg,no_sharing_mps,121.6655,82.2487,62.7493,24.9526,0.0044,37.2662,4.8761,19.4994,1775770027937441867
vocseg,no_sharing_mps,122.4056,80.5655,62.3458,15.8176,0.0026,46.1978,3.9668,18.2197,1775770028676614486
vocseg,no_sharing_mps,122.9695,81.7425,62.9187,25.3628,0.0051,36.9684,4.1876,18.8239,1775770029240791020
vocseg,no_sharing_mps,126.8754,81.7633,62.4935,16.9856,0.0037,45.1006,4.1122,19.2697,1775770033146642386
vocseg,no_sharing_mps,127.3988,81.4254,62.6899,24.9247,0.0041,37.2327,4.2574,18.7355,1775770033670180455
vocseg,no_sharing_mps,127.7577,80.081,62.3359,16.0891,0.0028,45.919,3.7003,17.7451,1775770034028500930
vocseg,no_sharing_mps,130.1758,80.97,62.4947,16.2488,0.0032,45.8781,4.2214,18.4754,1775770036447094471
vocseg,no_sharing_mps,130.5602,81.0108,62.8327,24.8964,0.004,37.4015,3.8607,18.1782,1775770036831182099
vocseg,no_sharing_mps,134.046,83.6623,62.5619,16.3457,0.0035,44.9952,4.8301,21.1004,1775770040317911476
vocseg,no_sharing_mps,135.8717,82.6585,62.9419,16.6916,0.0032,45.8439,4.6537,19.7166,1775770042143416762
vocseg,no_sharing_mps,138.4365,82.02,62.9223,21.7077,0.0052,40.5807,4.4837,19.0977,1775770044708127238
vocseg,no_sharing_mps,140.4238,85.1815,63.1885,15.6024,0.0034,47.2093,7.0395,21.993,1775770046697919480
vocseg,no_sharing_mps,141.4501,82.4277,62.457,16.0828,0.0032,46.0107,5.8715,19.9707,1775770047723062805
vocseg,no_sharing_mps,141.6288,80.271,62.217,15.7746,0.0025,46.1166,3.9895,18.054,1775770047899883954
vocseg,no_sharing_mps,141.9695,80.8365,62.7145,24.885,0.0043,37.2778,3.7897,18.122,1775770048240404305
vocseg,no_sharing_mps,143.0685,84.2147,62.5163,16.2965,0.0033,45.7953,4.6666,21.6984,1775770049340305867
vocseg,no_sharing_mps,143.0855,132.5665,62.1747,14.6336,0.0023,47.2432,56.1421,70.3917,1775770049408748949
vocseg,no_sharing_mps,143.2463,80.0481,62.1262,13.5768,0.0022,48.277,3.876,17.9219,1775770049517266294
vocseg,no_sharing_mps,144.3281,81.7349,62.5453,16.3646,0.0038,45.7985,4.7905,19.1896,1775770050599942799
vocseg,no_sharing_mps,144.4098,79.9005,62.2379,13.4159,0.0024,48.5727,3.6833,17.6626,1775770050680595172
vocseg,no_sharing_mps,144.8903,80.57,62.286,14.8659,0.0024,47.155,4.153,18.284,1775770051161533560
vocseg,no_sharing_mps,148.202,81.3346,62.537,15.9946,0.0033,46.1754,4.5187,18.7976,1775770054473615971
vocseg,no_sharing_mps,148.3296,80.6549,62.2764,14.8046,0.0023,47.1894,4.2703,18.3785,1775770054600928700
vocseg,no_sharing_mps,148.7447,80.4164,62.2746,14.9251,0.0021,47.0776,4.1356,18.1419,1775770055015960648
vocseg,no_sharing_mps,150.0962,81.4579,62.5345,15.525,0.0031,46.6519,4.6964,18.9234,1775770056367985680
vocseg,no_sharing_mps,151.5573,81.5685,62.5497,15.5015,0.0029,46.6699,4.678,19.0188,1775770057829055266
vocseg,no_sharing_mps,153.3897,83.5693,62.6708,17.5112,0.0032,44.7822,6.1829,20.8985,1775770059662988063
vocseg,no_sharing_mps,154.1172,81.7752,62.8951,19.8151,0.0036,42.6591,4.4482,18.8801,1775770060388740601
vocseg,no_sharing_mps,154.8178,80.7011,62.5852,19.1262,0.0029,43.1648,4.0855,18.1159,1775770061088946650
vocseg,no_sharing_mps,155.2718,81.6498,62.6744,19.5202,0.0036,42.8126,4.5381,18.9754,1775770061543387572
vocseg,no_sharing_mps,157.8828,82.9093,62.803,20.2962,0.0037,42.1332,4.8547,20.1063,1775770064154707197
vocseg,no_sharing_mps,158.4623,81.1286,62.6064,19.1385,0.0032,43.1428,4.3037,18.5222,1775770064733733491
vocseg,no_sharing_mps,158.868,89.499,62.4764,19.1122,0.0028,43.0727,3.866,27.0226,1775770065138921524
vocseg,no_sharing_mps,158.9419,82.5841,62.5893,25.8803,0.004,36.2094,5.3914,19.9948,1775770065214418950
vocseg,no_sharing_mps,159.8144,81.6352,62.7414,18.7359,0.0033,43.5913,4.5135,18.8938,1775770066086014200
vocseg,no_sharing_mps,160.3066,81.2016,62.5699,19.1462,0.0034,43.089,4.529,18.6317,1775770066578262199
vocseg,no_sharing_mps,160.5131,83.7016,62.8803,17.1474,0.0026,45.3852,6.4275,20.8213,1775770066786592565
vocseg,no_sharing_mps,161.4664,81.7654,63.3013,20.9388,0.0035,41.9601,4.2503,18.4641,1775770067737727095
vocseg,no_sharing_mps,164.1468,81.3189,62.7837,20.5383,0.0034,41.8707,4.261,18.5352,1775770070418114197
vocseg,no_sharing_mps,164.8479,81.7375,63.6541,20.1771,0.0029,43.2055,4.0722,18.0835,1775770071119036443
vocseg,no_sharing_mps,166.5649,81.5797,62.8283,20.7623,0.0034,41.6902,4.2782,18.7514,1775770072836300006
vocseg,no_sharing_mps,168.9318,82.1896,63.0467,25.9882,0.0126,36.3444,4.5476,19.1429,1775770075203404100
vocseg,no_sharing_mps,171.0065,81.7056,62.8553,20.9478,0.0037,41.4794,4.6463,18.8503,1775770077278235003
vocseg,no_sharing_mps,172.903,81.8202,62.9195,20.3541,0.0036,42.1586,4.3392,18.9008,1775770079174388684
vocseg,no_sharing_mps,173.08,81.0359,62.4768,19.2036,0.0031,42.9713,4.3283,18.559,1775770079351471603
vocseg,no_sharing_mps,173.7028,80.7467,62.5489,19.1722,0.003,43.0579,3.9678,18.1977,1775770079973867385
vocseg,no_sharing_mps,174.059,80.8342,62.5667,19.0641,0.0028,43.1867,4.097,18.2674,1775770080330190658
vocseg,no_sharing_mps,176.6602,81.8627,62.8581,20.4904,0.0034,41.9752,4.4377,19.0045,1775770082931750730
vocseg,no_sharing_mps,177.0185,80.9336,62.5509,19.3113,0.0027,42.923,4.2865,18.3826,1775770083289902915
vocseg,no_sharing_mps,177.5372,90.1146,64.0542,20.0702,0.0031,42.7594,8.3482,26.0604,1775770083812676745
vocseg,no_sharing_mps,180.3497,81.5661,62.7946,20.0933,0.0036,42.3272,4.3929,18.7714,1775770086621236337
vocseg,no_sharing_mps,181.2876,81.1775,62.7755,19.5812,0.0029,42.8286,4.2071,18.4019,1775770087558887015
vocseg,no_sharing_mps,181.5041,80.699,62.559,19.1784,0.0029,43.0613,3.9971,18.14,1775770087775162538
vocseg,no_sharing_mps,182.2176,80.7443,62.5028,19.0908,0.0027,43.1254,4.1254,18.2415,1775770088488795102
vocseg,no_sharing_mps,183.1339,81.1985,62.7225,19.7362,0.0032,42.6081,4.0817,18.4759,1775770089405109557
vocseg,no_sharing_mps,183.2344,80.4496,62.3891,17.0389,0.0021,45.0629,3.9425,18.0604,1775770089505404743
vocseg,no_sharing_mps,183.5402,80.5855,62.5119,19.109,0.0024,43.1157,3.8426,18.0736,1775770089811155645
vocseg,no_sharing_mps,183.686,80.4288,62.4993,19.0371,0.0027,43.1524,3.7131,17.9295,1775770089956853142
vocseg,no_sharing_mps,184.5969,82.3271,62.8058,19.6485,0.0033,42.7639,4.4401,19.5213,1775770090868394699
vocseg,no_sharing_mps,186.1548,85.3097,63.4054,19.9054,0.0035,43.0676,6.9325,21.9043,1775770092428845094
vocseg,no_sharing_mps,186.8845,82.1559,62.8658,19.6689,0.0031,42.8289,4.8366,19.2901,1775770093156424300
vocseg,no_sharing_mps,188.4323,80.9484,62.6302,23.5202,0.0043,38.5587,3.9034,18.3182,1775770094703283954
vocseg,no_sharing_mps,190.9846,81.7065,62.8384,20.9161,0.0037,41.5005,4.298,18.8682,1775770097255974160
vocseg,no_sharing_mps,192.594,83.446,62.5925,25.6658,0.0039,36.4702,3.9163,20.8535,1775770098865015741
vocseg,no_sharing_mps,192.597,146.3609,62.4861,19.7505,0.0026,42.397,69.2437,83.8748,1775770098933332412
vocseg,no_sharing_mps,193.3978,81.9852,62.8812,20.886,0.0031,41.5915,4.5583,19.1041,1775770099669403959
vocseg,no_sharing_mps,194.4042,83.1828,62.9178,20.9422,0.0042,41.5682,5.3797,20.265,1775770100676663071
vocseg,no_sharing_mps,194.6833,81.1253,63.2087,19.5037,0.0032,43.3323,4.4477,17.9166,1775770100954801729
vocseg,no_sharing_mps,194.9729,82.1042,62.8099,19.6629,0.0032,42.7719,4.7944,19.2943,1775770101244796858
vocseg,no_sharing_mps,195.5827,80.5178,62.4634,19.0234,0.0029,43.1418,3.8233,18.0543,1775770101853628862
vocseg,no_sharing_mps,195.6715,79.9282,62.359,16.4312,0.0021,45.6686,3.2861,17.5692,1775770101941831416
vocseg,no_sharing_mps,198.5398,80.3592,63.049,20.3972,0.0033,42.274,4.4892,17.3102,1775770104811376493
vocseg,no_sharing_mps,202.7998,81.6207,62.8027,20.3086,0.0035,42.1157,4.2465,18.818,1775770109071175212
vocseg,no_sharing_mps,204.7498,81.7358,62.8671,20.1593,0.0034,42.3132,4.426,18.8687,1775770111021276893
vocseg,no_sharing_mps,205.7686,80.7436,62.4462,19.1008,0.0025,43.055,3.9237,18.2973,1775770112039621324
vocseg,no_sharing_mps,206.0573,83.158,62.8632,17.2933,0.003,45.1681,3.5377,20.2948,1775770112327938675
vocseg,no_sharing_mps,206.113,92.9592,62.247,14.7007,0.0022,47.2563,16.3028,30.7122,1775770112396443036
vocseg,no_sharing_mps,208.2425,81.4128,62.8514,19.7956,0.0032,42.6551,4.3106,18.5614,1775770114513921532
vocseg,no_sharing_mps,209.3484,81.6538,62.741,19.4728,0.0031,42.8853,4.674,18.9128,1775770115620153166
vocseg,no_sharing_mps,211.4893,82.1357,62.853,20.5146,0.0033,41.9361,4.8456,19.2827,1775770117761224697
vocseg,no_sharing_mps,214.1526,85.1951,63.9988,24.0805,0.0037,39.5333,4.2174,21.1963,1775770120423865291
vocseg,no_sharing_mps,214.1575,145.7543,62.324,17.2146,0.0022,44.8385,69.1032,83.4304,1775770120493704318
vocseg,no_sharing_mps,215.8601,81.1074,63.0747,20.7814,0.0146,41.9024,5.203,18.0327,1775770122132436072
vocseg,no_sharing_mps,217.7667,81.5828,62.878,19.819,0.0037,42.6553,4.421,18.7047,1775770124038180809
vocseg,no_sharing_mps,218.1389,80.7688,62.7103,19.5465,0.0035,42.7884,4.0755,18.0585,1775770124410050133
vocseg,no_sharing_mps,218.392,80.2944,62.5145,19.152,0.0027,43.0587,3.6333,17.7798,1775770124662724730
vocseg,no_sharing_mps,219.4132,82.1114,62.8265,19.6406,0.0033,42.7514,4.5402,19.2848,1775770125684879226
vocseg,no_sharing_mps,220.7736,81.2688,62.7097,20.8038,0.0036,41.5127,4.2543,18.5591,1775770127044982829
vocseg,no_sharing_mps,221.8742,84.795,62.7121,21.0518,0.0042,41.2744,4.137,22.0829,1775770128145458612
vocseg,no_sharing_mps,221.8842,139.4594,62.2997,23.1067,0.0023,38.9346,62.7642,77.1597,1775770128214049088
vocseg,no_sharing_mps,225.1985,81.7745,62.8065,20.4821,0.0038,41.0377,4.4479,18.968,1775770131470019002
vocseg,no_sharing_mps,228.198,81.5434,62.8441,20.2309,0.0036,42.2218,4.3821,18.6993,1775770134469493137
vocseg,no_sharing_mps,228.4559,80.8671,62.5354,19.0748,0.0025,43.1317,4.0855,18.3317,1775770134727092085
vocseg,no_sharing_mps,228.6831,80.7841,62.4827,19.0431,0.0024,43.1498,3.9177,18.3014,1775770134954111531
vocseg,no_sharing_mps,229.4457,81.5034,62.6719,33.4816,0.0045,28.4777,3.9053,18.8315,1775770135716733294
vocseg,no_sharing_mps,230.1626,85.0763,63.3847,16.4817,0.0029,46.483,6.3958,21.6916,1775770136436115786
vocseg,no_sharing_mps,230.2287,83.884,62.4706,15.0135,0.0026,47.1799,7.5793,21.4134,1775770136503337016
vocseg,no_sharing_mps,230.9133,83.0739,63.0654,21.2609,0.0069,41.3795,4.6644,20.0085,1775770137185084459
vocseg,no_sharing_mps,231.3309,82.8743,62.8342,20.4889,0.0029,41.9976,5.3923,20.0401,1775770137603400922
vocseg,no_sharing_mps,232.495,82.3915,62.8682,20.8431,0.0036,41.6145,5.3277,19.5233,1775770138767407360
vocseg,no_sharing_mps,233.9435,81.7451,62.7899,31.2965,0.0053,30.8756,4.3344,18.9553,1775770140214889684
vocseg,no_sharing_mps,234.2666,80.8432,62.5719,20.3404,0.0027,41.8972,4.0145,18.2713,1775770140537738687
vocseg,no_sharing_mps,234.5038,80.7903,62.618,20.4962,0.0028,41.7824,3.9842,18.1723,1775770140774880504
vocseg,no_sharing_mps,235.1513,79.8731,62.5424,20.2986,0.0029,41.9198,4.0362,17.3307,1775770141422467761
vocseg,no_sharing_mps,236.7845,82.1795,62.8341,19.741,0.0036,42.6979,5.0349,19.3454,1775770143056609255
vocseg,no_sharing_mps,238.1727,81.5971,62.7722,19.5926,0.0033,42.789,4.5118,18.8249,1775770144444314363
vocseg,no_sharing_mps,239.0251,87.455,62.6675,19.6586,0.0034,42.6458,6.7675,24.7875,1775770145298918586
vocseg,no_sharing_mps,239.0824,95.2408,62.3057,15.7725,0.0023,46.2676,18.4367,32.9351,1775770145367926830
vocseg,no_sharing_mps,239.6493,81.7802,62.6996,19.4514,0.0027,42.9135,4.709,19.0806,1775770145921088691
vocseg,no_sharing_mps,240.5431,82.2399,62.4528,19.1285,0.0028,43.0287,3.722,19.7871,1775770146813869833
vocseg,no_sharing_mps,240.8882,82.2022,62.905,19.7371,0.0033,42.7517,4.9574,19.2972,1775770147160284862
vocseg,no_sharing_mps,242.6559,81.2054,62.9068,19.7384,0.0034,42.7563,4.2796,18.2985,1775770148927323129
vocseg,no_sharing_mps,243.3309,80.8816,62.4931,19.1482,0.0025,43.0219,4.1749,18.3885,1775770149602196165
vocseg,no_sharing_mps,243.9002,84.0034,62.8213,19.5471,0.0031,42.8656,4.0751,21.1821,1775770150171379073
vocseg,no_sharing_mps,243.9332,116.7674,62.4335,17.2114,0.0027,44.9353,39.9132,54.3339,1775770150240211755
vocseg,no_sharing_mps,245.4025,81.5539,62.5949,19.0352,0.0026,43.2227,4.6847,18.959,1775770151674296358
vocseg,no_sharing_mps,245.5193,80.6026,62.4926,19.1432,0.0026,43.0431,3.7487,18.11,1775770151790160493
vocseg,no_sharing_mps,245.6481,80.2002,62.4542,19.0271,0.0026,43.1348,3.5872,17.746,1775770151918828261
vocseg,no_sharing_mps,247.1854,81.6615,62.6639,19.5108,0.0037,42.7825,4.4777,18.9976,1775770153456964436
vocseg,no_sharing_mps,249.2247,81.3041,62.8145,20.3807,0.0035,42.0216,4.5314,18.4895,1775770155496314544
vocseg,no_sharing_mps,250.0969,81.2607,62.7603,19.517,0.0031,42.8599,4.2598,18.5004,1775770156368242428
vocseg,no_sharing_mps,252.3571,82.2904,63.5033,18.2623,0.0036,44.0661,6.3014,18.7872,1775770158630531414
vocseg,no_sharing_mps,253.8872,82.6933,63.9653,19.5708,0.0038,43.9577,4.2157,18.728,1775770160158558072
vocseg,no_sharing_mps,254.3904,84.758,62.815,19.5331,0.0034,42.9112,4.8759,21.9431,1775770160662384820
vocseg,no_sharing_mps,254.4351,105.6564,62.3884,16.7995,0.0024,45.3169,28.9881,43.268,1775770160731175647
vocseg,no_sharing_mps,254.632,80.8299,62.3792,18.2502,0.0025,43.8409,4.2129,18.4507,1775770160903317377
vocseg,no_sharing_mps,254.7541,80.1899,62.438,17.6931,0.0023,44.4672,3.5172,17.752,1775770161024668840
vocseg,no_sharing_mps,255.5551,80.7414,62.4965,19.0732,0.0027,43.096,4.1623,18.2449,1775770161826396254
vocseg,no_sharing_mps,256.3858,80.8721,62.8443,18.9962,0.0025,43.5157,3.8006,18.0278,1775770162656703090
vocseg,no_sharing_mps,257.6864,81.5301,62.7925,19.6893,0.0032,42.7089,4.3573,18.7376,1775770163957827347
vocseg,no_sharing_mps,258.5804,80.9715,62.6954,18.2354,0.0031,44.1163,3.9713,18.2761,1775770164851476294
vocseg,no_sharing_mps,259.7331,82.4747,62.9335,19.7924,0.0034,41.8128,5.1482,19.5412,1775770166005351945
vocseg,no_sharing_mps,260.3233,80.8206,62.566,19.0522,0.0024,43.206,4.0979,18.2546,1775770166594457833
vocseg,no_sharing_mps,260.7456,81.1932,62.6054,19.29,0.0026,43.0026,4.3743,18.5878,1775770167017065183
vocseg,no_sharing_mps,261.2358,81.0735,62.7337,19.5286,0.0032,42.8518,4.0581,18.3399,1775770167506941777
vocseg,no_sharing_mps,261.7918,81.2066,62.7301,19.629,0.0032,42.7454,4.2536,18.4765,1775770168063139046
vocseg,no_sharing_mps,262.489,81.2695,62.79,19.5861,0.0031,42.8226,4.0507,18.4795,1775770168760099157
vocseg,no_sharing_mps,262.8176,80.4186,62.4901,19.1145,0.0023,43.0781,3.974,17.9285,1775770169088711626
vocseg,no_sharing_mps,264.7198,81.5942,62.7427,19.6474,0.0038,42.7196,4.1893,18.8516,1775770170991128521
vocseg,no_sharing_mps,265.7596,80.4644,62.4463,19.0431,0.0024,43.1074,3.8118,18.018,1775770172030477694
vocseg,no_sharing_mps,265.9133,80.827,62.6257,19.0689,0.0025,43.2163,3.5369,18.2013,1775770172183911676
vocseg,no_sharing_mps,266.4856,81.2926,62.7915,19.6853,0.003,42.7005,4.2276,18.5011,1775770172756892667
vocseg,no_sharing_mps,268.3557,82.6323,62.81,19.6199,0.0035,42.7988,4.3778,19.8223,1775770174627152742
vocseg,no_sharing_mps,269.2163,82.5994,63.502,20.8482,0.0036,42.1805,4.7903,19.0974,1775770175488213856
vocseg,no_sharing_mps,269.3612,81.5115,62.5875,19.0906,0.0025,43.1699,4.1184,18.924,1775770175632379173
vocseg,no_sharing_mps,269.8342,81.0869,62.5339,19.0319,0.0029,43.1465,4.3304,18.553,1775770176105664812
vocseg,no_sharing_mps,270.1417,80.7559,62.5173,19.1769,0.0026,43.0053,4.0171,18.2387,1775770176412841704
vocseg,no_sharing_mps,271.0136,81.8145,62.7703,19.7116,0.0034,42.6403,4.7162,19.0442,1775770177285454849
vocseg,no_sharing_mps,272.0886,82.7887,62.8384,19.7377,0.0038,42.6711,5.3587,19.9503,1775770178361068832
vocseg,no_sharing_mps,272.9634,81.0075,62.5463,19.1264,0.0026,43.0837,4.3943,18.4612,1775770179234863891
vocseg,no_sharing_mps,273.491,80.657,62.4526,19.2295,0.0026,42.9263,4.0371,18.2044,1775770179762133721
vocseg,no_sharing_mps,274.3933,81.6295,62.7412,19.5644,0.0039,42.7706,4.59,18.8883,1775770180665004514
vocseg,no_sharing_mps,274.5178,83.1289,62.738,15.8011,0.0029,46.6139,5.9824,20.3909,1775770180790881561
vocseg,no_sharing_mps,277.2915,81.8975,62.8233,20.2765,0.0037,42.1409,4.6995,19.0742,1775770183563247510
vocseg,no_sharing_mps,277.7669,80.6804,62.4688,19.1298,0.0026,43.0437,4.1177,18.2116,1775770184038134985
vocseg,no_sharing_mps,278.7928,81.737,62.8194,19.693,0.0036,42.7368,4.6022,18.9176,1775770185064539723
vocseg,no_sharing_mps,279.115,80.4341,62.4532,19.0187,0.0028,43.1379,3.8652,17.9809,1775770185385945768
vocseg,no_sharing_mps,279.4118,81.1,62.6154,19.0491,0.0026,43.2311,4.1237,18.4846,1775770185683034233
vocseg,no_sharing_mps,280.2028,80.7655,62.5647,19.1126,0.0027,43.1254,3.9711,18.2008,1775770186473868665
vocseg,no_sharing_mps,283.7593,81.8994,62.8978,20.158,0.0033,42.3363,4.5624,19.0016,1775770190030916290
vocseg,no_sharing_mps,285.0495,81.5361,62.7427,19.5406,0.0034,42.7942,4.5009,18.7933,1775770191321131913
vocseg,no_sharing_mps,286.4014,82.0408,62.8303,19.6887,0.0033,42.7514,4.6928,19.2104,1775770192673171964
vocseg,no_sharing_mps,288.1142,81.9137,62.8172,21.9108,0.0093,39.3941,4.6067,19.0966,1775770194385859234
vocseg,no_sharing_mps,289.2233,83.1277,63.7887,32.6324,0.0053,30.5019,4.6809,19.339,1775770195495084852
vocseg,no_sharing_mps,289.9254,81.3789,62.7546,19.3167,0.0034,43.0581,3.9902,18.6244,1775770196196471953
vocseg,no_sharing_mps,290.049,80.6706,62.6045,20.4009,0.0027,41.8587,3.9892,18.0661,1775770196320055680
vocseg,no_sharing_mps,290.2139,80.1709,62.4957,20.3983,0.0028,41.7711,3.5608,17.6752,1775770196484569110
vocseg,no_sharing_mps,291.4436,81.6591,62.7553,29.0536,0.0054,33.0883,4.2198,18.9038,1775770197714926901
vocseg,no_sharing_mps,291.6986,80.6708,62.5923,20.3482,0.0028,41.8965,4.0481,18.0786,1775770197969763194
vocseg,no_sharing_mps,291.8163,83.1146,63.1791,17.3127,0.0031,45.5306,5.9545,19.9355,1775770198089309851
vocseg,no_sharing_mps,291.8753,92.9558,63.0914,16.7731,0.003,45.9272,15.6865,29.8645,1775770198158118516
vocseg,no_sharing_mps,292.0005,83.9829,62.6655,19.836,0.0033,42.4403,6.3777,21.3175,1775770198273979528
vocseg,no_sharing_mps,292.0927,80.8437,62.6206,21.643,0.0028,39.6962,3.8941,18.2231,1775770198363696108
vocseg,no_sharing_mps,294.2263,81.9395,62.7899,20.9734,0.0038,41.4168,4.6442,19.1496,1775770200497997357
vocseg,no_sharing_mps,294.3574,81.1744,62.5892,19.0336,0.0029,43.2357,3.9711,18.5851,1775770200628486639
vocseg,no_sharing_mps,294.737,82.9148,63.2495,30.7886,0.0037,31.9548,5.0659,19.6653,1775770201009148911
vocseg,no_sharing_mps,295.4121,81.7301,62.804,20.7416,0.0036,41.6755,4.1158,18.9262,1775770201683336071
vocseg,no_sharing_mps,295.8301,82.32,62.9333,21.4943,0.0088,40.9755,4.3304,19.3867,1775770202101483560
vocseg,no_sharing_mps,296.1675,84.3062,63.6233,21.7136,0.0044,41.4976,5.7881,20.6829,1775770202440391783
vocseg,no_sharing_mps,296.296,81.5675,62.8371,18.5595,0.0026,43.9552,4.5142,18.7304,1775770202567644273
vocseg,no_sharing_mps,299.4111,85.0952,62.9655,22.1185,0.0041,40.3366,7.2653,22.1297,1775770205685450432
