backbone,decoder,encoder,adapter,dataset_name,device,task_name,metric,result,backbone memory(MB),decoder memory(MB),train time(ms),train mem peak(MB),train energy(mJ),inference time(ms),inference mem peak(MB),inference energy(mJ)
momentlarge,mlp,,,PPG-data,NVIDIA A100,diasbp,mae,10.130713113924353,1461.95456,0.525824,121734.7813,2613.989888,43894.734,29.31679367437595,51.90489912,9.987219512195123
momentbase,mlp,,,PPG-data,NVIDIA A100,diasbp,mae,10.261294667313738,474.97984,0.394752,36996.02344,1311.500288,14042.174,10.987735399385778,25.5763481,3.490682926829268
momentsmall,mlp,,,PPG-data,NVIDIA A100,diasbp,mae,9.825925315298685,168.875008,0.26368,10243.28027,625.839616,3517.97,5.460299771006515,13.74712507,1.6415121951219511
chronostiny,mlp,,,PPG-data,NVIDIA A100,diasbp,mae,10.184217499523628,33.828864,0.132608,6012.978027,1399.789056,1384.4,3.6235691686955893,42.77908605,0
chronosmini,mlp,,,PPG-data,NVIDIA A100,diasbp,mae,10.111460057700553,57.957376,0.198144,11863.06738,2751.832064,2823.319,3.7730481857206764,85.58483356,0.3041463414634146
chronossmall,mlp,,,PPG-data,NVIDIA A100,diasbp,mae,10.153915219190644,109.34784,0.26368,18751.78711,2841.2416,4639.92,4.974087017338451,86.82437307,1.2970487804878048
chronosbase,mlp,,,PPG-data,NVIDIA A100,diasbp,mae,10.027816028129763,436.435968,0.394752,46370.27344,4530.082304,14041.017,10.584937467807677,128.2912281,3.0450731707317074
chronoslarge,mlp,,,PPG-data,NVIDIA A100,diasbp,mae,10.09059459407155,1434.966016,0.525824,115069.7656,6894.023168,39407.608,23.722202440587484,172.0897311,7.339634146341464
papageis,mlp,,,PPG-data,NVIDIA A100,diasbp,mae,9.840438191,40.282112,0.26368,3916.729248046875,641.048576,551.577,7.271858727059713,56.96072429,1.2530731707317073
papageip,mlp,,,PPG-data,NVIDIA A100,diasbp,mae,9.506230610172922,37.107712,0.26368,3485.112305,637.874176,503.384,5.487964885990794,56.96072429,0.4666585365853659
papageissvri,mlp,,,PPG-data,NVIDIA A100,diasbp,mae,10.89623167,37.107712,0.26368,3500.937255859375,637.874176,508.916,5.666668484850628,56.96072429,0.2350487804878049
momentlarge,mlp,,,PPG-data,NVIDIA A100,sysbp,mae,17.58566693561833,1450.15808,0.525824,121508.7578,2584.105472,43963.565,29.37017059326172,35.41337912,8.632292683
momentbase,mlp,,,PPG-data,NVIDIA A100,sysbp,mae,17.357960026438644,472.882688,0.394752,36993.375,1308.35456,14046.098,10.993293994810523,27.2802841,4.102731707317074
momentsmall,mlp,,,PPG-data,NVIDIA A100,sysbp,mae,16.800065761659205,168.875008,0.26368,10205.53223,625.839616,3537.737,5.7509994274232445,13.74712507,2.1227804878048784
chronostiny,mlp,,,PPG-data,NVIDIA A100,sysbp,mae,18.471631678139293,33.828864,0.132608,5251.130371,1399.789056,1372.02,3.6846571666438406,42.77908605,1.1790731707317073
chronosmini,mlp,,,PPG-data,NVIDIA A100,sysbp,mae,17.682893334365474,57.957376,0.198144,11846.70508,2751.832064,2828.92,3.7841084933862454,85.58483356,1.3688536585365854
chronossmall,mlp,,,PPG-data,NVIDIA A100,sysbp,mae,17.863621595429212,109.34784,0.26368,18754.60742,2841.2416,4639.844,4.975357672063316,86.82437307,1.8047560975609755
chronosbase,mlp,,,PPG-data,NVIDIA A100,sysbp,mae,16.851040537764387,436.435968,0.394752,46336.53906,4530.082304,14023.37,10.607969609702506,128.2912281,1.2014634146341463
chronoslarge,mlp,,,PPG-data,NVIDIA A100,sysbp,mae,17.334779692859186,1434.966016,0.525824,114570.2188,6894.023168,39255.167,23.726418658000668,172.0897311,6.397951219512195
papageis,mlp,,,PPG-data,NVIDIA A100,sysbp,mae,18.711624145507812,40.282112,0.26368,3618.532470703125,641.048576,537.185,6.358327423653951,56.96072429,0.7120975609756098
papageip,mlp,,,PPG-data,NVIDIA A100,sysbp,mae,17.808249868997713,37.107712,0.26368,3509.523438,637.874176,514.329,5.483857131585842,56.96072429,1.0008780487804878
papageissvri,mlp,,,PPG-data,NVIDIA A100,sysbp,mae,19.754044323432737,37.107712,0.26368,3498.415039,637.874176,510.231,5.764113170344655,56.96072429,1.1790731707317073
momentlarge,mlp,,,PPG-data,NVIDIA A100,heartrate,mae,7.931830801614901,1450.15808,0.525824,121535.0781,2584.105472,43932.859,29.42302755,35.41337912,8.154658536585366
momentbase,mlp,,,PPG-data,NVIDIA A100,heartrate,mae,7.049059984160633,472.882688,0.394752,36985.92578,1308.35456,14016.119,10.956596281470322,27.2802841,4.1762195121951216
momentsmall,mlp,,,PPG-data,NVIDIA A100,heartrate,mae,6.692202126107564,168.875008,0.26368,10207.41699,625.839616,3554.259,5.699967989107457,13.74712507,1.3096829268292685
chronostiny,mlp,,,PPG-data,NVIDIA A100,heartrate,mae,8.264179136694931,33.828864,0.132608,5256.986816,1399.789056,1360.52,3.685166045,42.77908605,0.2755609756097561
chronosmini,mlp,,,PPG-data,NVIDIA A100,heartrate,mae,8.188549320872237,57.957376,0.198144,11815.89844,2751.832064,2817.282,3.774686429558731,85.58483356,0.3074878048780488
chronossmall,mlp,,,PPG-data,NVIDIA A100,heartrate,mae,8.092019243938166,109.34784,0.26368,18787.30078,2841.2416,4657.796,5.108597104142352,86.82437307,1.016390243902439
chronosbase,mlp,,,PPG-data,NVIDIA A100,heartrate,mae,7.9696761340629765,436.435968,0.394752,46323.21094,4530.082304,14013.893,10.633334694839105,128.2912281,3.455268292682927
chronoslarge,mlp,,,PPG-data,NVIDIA A100,heartrate,mae,7.971354414777058,1434.966016,0.525824,114613.5781,6894.023168,39435.847,23.839418643858373,172.0897311,6.404243902439024
papageis,mlp,,,PPG-data,NVIDIA A100,heartrate,mae,8.093291492,40.282112,0.26368,3607.511962890625,641.048576,531.233,6.044985748,56.96072429,1.235878048780488
papageip,mlp,,,PPG-data,NVIDIA A100,heartrate,mae,6.074254850061928,37.107712,0.26368,3518.488525390625,637.874176,515.321,5.493375231580036,56.96072429,1.163560975609756
papageissvri,mlp,,,PPG-data,NVIDIA A100,heartrate,mae,7.5389882529654155,37.107712,0.26368,3501.007813,637.874176,519.284,5.496648590739181,56.96072429,0.9732682926829268
momentlarge,mlp,,,ecg5000,NVIDIA A100,ecgclass,accuracy,0.9315555555555556,1450.15808,0.527872,70195.50781,1600.961536,23042.562,12.581313208897908,4.733951886,2.512864222222222
momentsmall,mlp,,,ecg5000,NVIDIA A100,ecgclass,accuracy,0.9257777777777778,168.875008,0.265728,8231.682617,228.714496,1935.899,5.361208511564467,1.948671886,0.688016
momentbase,mlp,,,ecg5000,NVIDIA A100,ecgclass,accuracy,0.9282222222222222,472.882688,0.3968,22965.55664,579.252736,6552.974,7.166652857568529,3.488767886,0.9663440000000001
chronostiny,mlp,,,ecg5000,NVIDIA A100,ecgclass,accuracy,0.824,33.828864,0.134656,10485.7207,489.074176,2098.356,3.4886085267596774,16.46950389,0.6215893333333333
chronosmini,mlp,,,ecg5000,NVIDIA A100,ecgclass,accuracy,0.8595555555555555,57.957376,0.200192,16343.42773,957.543936,3748.356,3.578679053094652,28.23270389,0.6325693333333333
chronossmall,mlp,,,ecg5000,NVIDIA A100,ecgclass,accuracy,0.8573333333333333,109.34784,0.265728,30665.9043,1021.738496,6716.178,4.612461455980936,28.69145589,0.6899544444444444
chronosbase,mlp,,,ecg5000,NVIDIA A100,ecgclass,accuracy,0.8782222222222222,435.518464,0.3968,68106.65625,1801.910784,19580.748,7.555551069047716,43.03052789,1.1722446666666668
chronoslarge,mlp,,,ecg5000,NVIDIA A100,ecgclass,accuracy,0.9028888888888889,1434.966016,0.527872,181788.4063,3256.410624,55428.477,13.323992792341445,59.19641589,2.717337777777778
papageis,mlp,,,ecg5000,NVIDIA A100,ecgclass,accuracy,0.8806666666666667,40.282112,0.265728,10558.64941,142.904832,1140.961,6.266383396890428,26.79295989,0.7731011111111111
papageip,mlp,,,ecg5000,NVIDIA A100,ecgclass,accuracy,0.7542222222222222,37.107712,0.265728,9926.320313,139.730432,1063.538,5.5871569625006785,26.79295989,0.6553897777777778
papageissvri,mlp,,,ecg5000,NVIDIA A100,ecgclass,accuracy,0.8911111111111111,37.107712,0.265728,9986.001953,139.730432,1066.414,5.60327727,26.79295989,0.5938811111111111
momentlarge,mlp,,,UWaveGestureLibraryAll,NVIDIA A100,gestureclass,accuracy,0.9349525404801786,1452.255232,0.530432,228972.1719,1730.420736,85615.513,14.025250565067209,9.966591857,3.7187761027359016
momentsmall,mlp,,,UWaveGestureLibraryAll,NVIDIA A100,gestureclass,accuracy,0.8933556672250139,168.875008,0.268288,21188.57617,281.499648,6246.067,5.375173857330544,3.523583857,0.75410804
momentbase,mlp,,,UWaveGestureLibraryAll,NVIDIA A100,gestureclass,accuracy,0.9126186487995533,472.514048,0.39936,69189.19531,678.276608,22802.314,7.1467150118948695,6.405631857,1.1470731434952541
chronostiny,mlp,,,UWaveGestureLibraryAll,NVIDIA A100,gestureclass,accuracy,0.7456728084868789,33.828864,0.137216,18384.49414,489.082368,3785.804,3.4841920083491646,16.47206386,0.5527618648799553
chronosmini,mlp,,,UWaveGestureLibraryAll,NVIDIA A100,gestureclass,accuracy,0.7783361250697934,57.957376,0.202752,28894.24219,957.552128,6963.096,3.579439633122907,28.23526386,0.6083983807928531
chronossmall,mlp,,,UWaveGestureLibraryAll,NVIDIA A100,gestureclass,accuracy,0.7828029034059185,109.34784,0.268288,43248.90234,1021.746688,11301.626,4.587018529241275,28.69401586,0.6324413735343384
chronosbase,mlp,,,UWaveGestureLibraryAll,NVIDIA A100,gestureclass,accuracy,0.7878280290340591,435.518464,0.39936,118297.9609,1801.918976,35405.948,7.510866099932152,43.03308786,1.1838495254048018
chronoslarge,mlp,,,UWaveGestureLibraryAll,NVIDIA A100,gestureclass,accuracy,0.8137911781127861,1434.966016,0.530432,295982.3125,3256.418816,98516.575,13.30046431383296,59.19897586,2.9496125069793413
papageis,mlp,,,UWaveGestureLibraryAll,NVIDIA A100,gestureclass,accuracy,0.903964266,40.282112,0.268288,18497.0625,204.71808,2180.656,6.248756854112157,28.43033586,0.7787325516471245
papageip,mlp,,,UWaveGestureLibraryAll,NVIDIA A100,gestureclass,accuracy,0.698213289,37.107712,0.268288,17839.78906,201.54368,2115.67,5.608408944158166,28.43033586,0.6197364600781686
papageissvri,mlp,,,UWaveGestureLibraryAll,NVIDIA A100,gestureclass,accuracy,0.9209938581797878,37.107712,0.268288,17819.89844,201.54368,2099.06,5.651512069,28.43033586,0.642994975
chronosbase,mlp,,,ETTh1,NVIDIA A100,etth1fore,mae,0.717575735,435.518464,302.580736,22332.98047,1948.440576,7019.446,7.517209510015883,347.0262698,1.2073633320937152
chronossmall,mlp,,,ETTh1,NVIDIA A100,etth1fore,mae,0.8263845121641361,109.34784,201.720832,10426.38672,1117.970432,2740.901,4.529068374598324,231.8508858,0.6811461509854965
chronosmini,mlp,,,ETTh1,NVIDIA A100,etth1fore,mae,0.575443296,57.957376,151.29088,7396.271973,814.430208,1819.544,3.519170914231822,180.1120904,0.6718672368910376
chronostiny,mlp,,,ETTh1,NVIDIA A100,etth1fore,mae,0.5788120136647498,33.828864,100.860928,5196.558105,538.151936,1095.892,3.4169952748831696,117.7219161,0.5716705094830792
chronoslarge,mlp,,,ETTh1,NVIDIA A100,etth1fore,mae,0.5497932577076519,1434.966016,403.44064,56516.73047,3452.187648,18439.391,13.182514904244941,465.7104463,3.214661956117516
momentlarge,mlp,,,ETTh1,NVIDIA A100,etth1fore,mae,0.22821452199521142,1449.633792,50.332672,29105.12891,1704.462336,8522.223,12.49458384132598,54.80028575,2.2983730011156562
momentbase,mlp,,,ETTh1,NVIDIA A100,etth1fore,mae,0.23305682795747681,472.776192,37.74976,11648.08496,663.6416,2941.82,7.0799777625705635,41.03775012,0.9130416511714392
momentsmall,mlp,,,ETTh1,NVIDIA A100,etth1fore,mae,0.21950885486414107,168.875008,25.166848,6052.050781,295.77728,1026.5,5.315795564527359,26.98030249,0.6747764968389736
papageis,mlp,,,ETTh1,NVIDIA A100,etth1fore,mae,0.9407624251619512,40.282112,0.39424,11897.13574,86.724096,1190.365,6.182107046218821,28.29532813,0.7905515061361101
papageip,mlp,,,ETTh1,NVIDIA A100,etth1fore,mae,1.409807264565231,37.107712,0.39424,11285.02637,83.549696,1134.85,5.598332451195821,28.29532813,0.6527188545927854
papageissvri,mlp,,,ETTh1,NVIDIA A100,etth1fore,mae,0.5059472490052971,37.107712,0.39424,11328.31934,83.549696,1144.229,5.618548567918385,28.29532813,0.6214313871327631
chronosbase,mlp,,,weather,NVIDIA A100,weatherfore,mae,0.29901179356636537,420.18304,302.580736,110914.9063,1950.144512,33213.971,13.14205080604848,363.8306316,1.7512325086973328
chronossmall,mlp,,,weather,NVIDIA A100,weatherfore,mae,0.3575637362583028,109.34784,201.720832,53929.39453,1117.970432,13168.313,8.112065119,231.8518672,1.0922343448009277
chronosmini,mlp,,,weather,NVIDIA A100,weatherfore,mae,0.30525878576416116,58.481664,151.29088,40462.05859,814.954496,9015.544,6.357699149494517,180.1123077,0.9095118863548511
chronostiny,mlp,,,weather,NVIDIA A100,weatherfore,mae,0.31587440534221967,33.828864,100.860928,38594.63281,538.151936,6389.233,6.186521775481966,117.7220611,0.8678346540394279
chronoslarge,mlp,,,weather,NVIDIA A100,weatherfore,mae,0.3017159026945761,1434.966016,403.44064,267748.0938,3452.187648,85588.926,23.435279079418088,465.7468355,3.3219361229223034
momentlarge,mlp,,,weather,NVIDIA A100,weatherfore,mae,0.027096913165570974,1450.682368,50.332672,144111.3281,1705.510912,40275.144,21.428092188663726,54.80035847,2.760783629686896
momentbase,mlp,,,weather,NVIDIA A100,weatherfore,mae,0.027119252132627437,471.98976,37.74976,64861.22656,662.855168,14576.007,12.76555602837125,41.0378048,1.546545419404716
momentsmall,mlp,,,weather,NVIDIA A100,weatherfore,mae,0.027229922,168.875008,25.166848,49214.85938,295.77728,5968.736,9.739464125579786,26.98033914,1.1827207189795128
papageis,mlp,,,weather,NVIDIA A100,weatherfore,mae,0.077206028,40.282112,0.39424,103814.4766,86.724096,8793.674,12.822719420066983,28.29596752,1.391728256667955
papageip,mlp,,,weather,NVIDIA A100,weatherfore,mae,0.072716577,37.107712,0.39424,99646.82031,83.549696,8434.891,11.852749082818196,28.29596752,1.3253435446463084
papageissvri,mlp,,,weather,NVIDIA A100,weatherfore,mae,0.063153811,37.107712,0.39424,100122.7188,83.549696,8426.709,11.84417379542949,28.29596752,1.355568225744105
chronosbase,mlp,,,exchange,NVIDIA A100,ratefore,mae,1.6808618138781373,436.829184,302.580736,14189.2002,1949.751296,4054.614,13.568848963057114,347.0508424,1.8016515837104072
chronossmall,mlp,,,exchange,NVIDIA A100,ratefore,mae,1.3688824714555519,109.34784,201.720832,7220.820801,1117.970432,1628.921,8.334135389256081,231.8507458,1.1208733031674207
chronosmini,mlp,,,exchange,NVIDIA A100,ratefore,mae,1.4269145841871727,58.481664,151.29088,5346.718262,814.954496,1134.673,6.654819720111462,180.1117886,0.971552036
chronostiny,mlp,,,exchange,NVIDIA A100,ratefore,mae,1.5967286492052593,33.828864,100.860928,5024.76123,538.151936,806.618,6.488125105968607,117.7217147,0.8501500754147814
chronoslarge,mlp,,,exchange,NVIDIA A100,ratefore,mae,1.6312911535480434,1434.966016,403.44064,34416.13281,3452.187648,10614.88,23.89582133688718,465.7460972,3.355042232277526
momentlarge,mlp,,,exchange,NVIDIA A100,ratefore,mae,0.3999931786494137,1450.682368,50.332672,18617.3125,1705.510912,4913.702,22.785097463098587,54.80018476,3.023471342383107
momentbase,mlp,,,exchange,NVIDIA A100,ratefore,mae,0.39788801031552773,471.98976,37.74976,8472.662109,662.855168,1804.456,13.037769630483911,41.03767418,1.6308280542986424
momentsmall,mlp,,,exchange,NVIDIA A100,ratefore,mae,0.4085553344536364,168.875008,25.166848,6441.258301,295.77728,736.569,9.954747493450459,26.98025161,1.1569532428355958
papageis,mlp,,,exchange,NVIDIA A100,ratefore,mae,0.6857206308533584,40.282112,0.39424,13251.55176,86.724096,1110.496,12.841005992745561,28.29444016,1.4581131221719457
papageip,mlp,,,exchange,NVIDIA A100,ratefore,mae,1.9067907056713402,37.107712,0.39424,12586.19531,83.549696,1051.313,11.60712074694051,28.29444016,1.5706274509803924
papageissvri,mlp,,,exchange,NVIDIA A100,ratefore,mae,0.6624930285290661,37.107712,0.39424,12765.75684,83.549696,1061.78,11.688631520192189,28.29444016,1.154760180995475
chronosbase,mlp,,,ecl,NVIDIA A100,elecfore,mae,0.43376208144040995,436.829184,302.580736,69814.96875,1949.74208,19201.284,13.288091364168373,347.0516694,1.733772539
chronossmall,mlp,,,ecl,NVIDIA A100,elecfore,mae,0.4623548052999558,109.34784,201.720832,43078.09375,1117.961216,9006.712,8.204213827219347,231.8516955,1.065836456894851
chronosmini,mlp,,,ecl,NVIDIA A100,elecfore,mae,0.4613777254583981,58.481664,151.29088,35002.67188,814.94528,6580.638,6.368669684009925,180.1122282,0.9398380351154073
chronostiny,mlp,,,ecl,NVIDIA A100,elecfore,mae,0.4892256525791436,33.828864,100.860928,34170.86328,538.14272,4694.663,6.230469360039253,117.7220081,0.848588874
chronoslarge,mlp,,,ecl,NVIDIA A100,elecfore,mae,0.4325487979684946,1434.966016,403.44064,158385.6094,3452.178432,46641.534,23.799350992512434,466.2275147,3.257951469717893
momentlarge,mlp,,,ecl,NVIDIA A100,elecfore,mae,0.43201556654303647,1453.303808,50.332672,106272.4609,1706.025984,24722.072,22.32993939200857,54.80033188,2.791715328467153
momentbase,mlp,,,ecl,NVIDIA A100,elecfore,mae,0.47133887031206134,472.882688,37.74976,62931.42969,662.42816,10329.691,12.747419839122635,41.03778481,1.677946340501085
momentsmall,mlp,,,ecl,NVIDIA A100,elecfore,mae,0.43723160373376696,168.875008,25.166848,47507.90234,295.243776,4812.763,9.756318389416965,26.98032574,1.1608591438153482
papageis,mlp,,,ecl,NVIDIA A100,elecfore,mae,0.7846860030582627,40.282112,0.39424,100284.0938,77.43232,8238.284,12.652142427263469,28.29573374,1.3368102189781024
papageip,mlp,,,ecl,NVIDIA A100,elecfore,mae,0.807471359,37.107712,0.39424,95439.30469,74.25792,7834.403,11.493063942876693,28.29573374,1.2874667587295325
papageissvri,mlp,,,ecl,NVIDIA A100,elecfore,mae,0.7916197172291692,37.107712,0.39424,95079.35156,74.25792,7892.588,11.481753537254612,28.29573374,1.1615517853620043
chronosbase,mlp,,,traffic,NVIDIA A100,trafficfore,mae,0.41114710409043215,436.829184,302.580736,90611.16406,1949.737472,18925.512,13.18641894,347.0514779,1.841463370515526
chronossmall,mlp,,,traffic,NVIDIA A100,trafficfore,mae,0.47183487278206515,109.34784,201.720832,57298.38281,1117.956608,10105.885,8.033461339149556,231.8515178,1.1447536930961713
chronosmini,mlp,,,traffic,NVIDIA A100,trafficfore,mae,0.4453995458120788,58.481664,151.29088,39595.60938,814.940672,6990.577,6.387175406179121,180.112146,0.8615426590292433
chronostiny,mlp,,,traffic,NVIDIA A100,trafficfore,mae,0.45137610345172313,33.828864,100.860928,41387.25,538.138112,5351.477,5.4217848192685905,117.7219532,0.7713246909858306
chronoslarge,mlp,,,traffic,NVIDIA A100,trafficfore,mae,0.4143531737129293,1434.966016,403.44064,146966.6719,3452.173824,37449.365,23.562537254538203,465.2564644,3.3141597829363882
momentlarge,mlp,,,traffic,NVIDIA A100,trafficfore,mae,0.37684216227106965,1452.255232,50.332672,139989.9844,1704.448512,23357.12,22.303822227871343,54.80030435,2.8615517033463975
momentbase,mlp,,,traffic,NVIDIA A100,trafficfore,mae,0.3994433813809004,471.98976,37.74976,82128.5,661.137408,9343.641,12.814082168404294,41.03776411,1.609496834488996
momentsmall,mlp,,,traffic,NVIDIA A100,trafficfore,mae,0.39586868589498136,168.875008,25.166848,63204.61719,294.977024,5924.661,9.681137240791953,26.98031187,1.1032782634911065
papageis,mlp,,,traffic,NVIDIA A100,trafficfore,mae,1.2045439759844054,40.282112,0.39424,130977.4063,72.787456,10808.453,12.745933817063321,28.29549169,1.3001823937292734
papageip,mlp,,,traffic,NVIDIA A100,trafficfore,mae,1.2074942822704784,37.107712,0.39424,124982.1953,69.613056,10311.466,11.446603252904257,28.29549169,1.203984624660838
papageissvri,mlp,,,traffic,NVIDIA A100,trafficfore,mae,1.0804181135449769,37.107712,0.39424,125468.7656,69.613056,10358.45,11.399933865316884,28.29549169,1.1582001808863431
momentlarge,mlp,,,PPG-data,A16,diasbp,mae,10.127585713456316,1461.95456,0.525824,121734.7813,2613.989888,43894.734,179.03122655356802,41.99718712,10.923268292682927
momentbase,mlp,,,PPG-data,A16,diasbp,mae,10.489695479230184,467.901952,0.394752,36996.02344,1311.500288,14042.174,51.357144704679165,25.1815961,3.410268292682927
momentsmall,mlp,,,PPG-data,A16,diasbp,mae,10.011062342946122,161.092608,0.26368,10243.28027,625.839616,3517.97,14.83115319507878,13.30322107,1.0021463414634146
chronostiny,mlp,,,PPG-data,A16,diasbp,mae,9.706709327,25.309184,0.132608,6012.978027,1399.789056,1384.4,14.011253915181975,43.35867005,0.8046341463414634
chronosmini,mlp,,,PPG-data,A16,diasbp,mae,10.346121439119665,50.142208,0.198144,11863.06738,2751.832064,2823.319,16.57249962411276,84.15430556,0.8954390243902439
chronossmall,mlp,,,PPG-data,A16,diasbp,mae,10.41240152498571,101.56544,0.26368,18751.78711,2841.2416,4639.92,25.770813732612424,86.25195707,1.5190975609756097
chronosbase,mlp,,,PPG-data,A16,diasbp,mae,10.019732219416921,429.407232,0.394752,46370.27344,4530.082304,14041.017,80.07124291396723,128.4023321,4.623317073170732
chronoslarge,mlp,,,PPG-data,A16,diasbp,mae,10.215684099895197,1427.183616,0.525824,115069.7656,6894.023168,39407.608,238.95218304889957,171.5639071,13.985073170731708
papageis,mlp,,,PPG-data,A16,diasbp,mae,29.18090336497237,33.204224,0.26368,3916.729248046875,641.048576,551.577,42.57519754549352,36.58978029,1.192560975609756
papageip,mlp,,,PPG-data,A16,diasbp,mae,32.601936852059715,30.029824,0.26368,3485.112305,637.874176,503.384,5.5980909277753135,36.58978029,0.3732682926829268
papageissvri,mlp,,,PPG-data,A16,diasbp,mae,24.762131016428878,30.029824,0.26368,3500.937255859375,637.874176,508.916,5.580576001144037,36.58978029,0.3073170731707317
momentlarge,mlp,,,PPG-data,A16,sysbp,mae,18.721046819919493,1444.25984,0.525824,121508.7578,2584.105472,43963.565,175.47406526891197,35.11590712,10.580780487804878
momentbase,mlp,,,PPG-data,A16,sysbp,mae,17.40729411055402,465.8048,0.394752,36993.375,1308.35456,14046.098,51.40741562261814,28.1348121,3.448731707317073
momentsmall,mlp,,,PPG-data,A16,sysbp,mae,21.459820072825362,161.092608,0.26368,10205.53223,625.839616,3537.737,14.175047781409287,13.30322107,0.8784878048780488
chronostiny,mlp,,,PPG-data,A16,sysbp,mae,17.45610064994998,25.309184,0.132608,5251.130371,1399.789056,1372.02,8.305087229,43.35867005,0.7005853658536586
chronosmini,mlp,,,PPG-data,A16,sysbp,mae,17.597365030428257,50.142208,0.198144,11846.70508,2751.832064,2828.92,16.574269736685405,84.15430556,0.8163414634146342
chronossmall,mlp,,,PPG-data,A16,sysbp,mae,17.639511480564025,101.56544,0.26368,18754.60742,2841.2416,4639.844,25.808070950391816,86.25195707,1.515341463414634
chronosbase,mlp,,,PPG-data,A16,sysbp,mae,17.027760017208937,429.407232,0.394752,46336.53906,4530.082304,14023.37,80.04560331018959,128.4023321,4.574170731707317
chronoslarge,mlp,,,PPG-data,A16,sysbp,mae,17.526721303055925,1427.183616,0.525824,114570.2188,6894.023168,39255.167,239.0825359065358,171.5639071,14.225024390243904
papageis,mlp,,,PPG-data,A16,sysbp,mae,61.75464257961366,33.204224,0.26368,3618.532470703125,641.048576,537.185,6.190741853016179,36.58978029,0.3024146341463415
papageip,mlp,,,PPG-data,A16,sysbp,mae,66.62512179,30.029824,0.26368,3509.523438,637.874176,514.329,5.573941079581656,36.58978029,0.30746341463414634
papageissvri,mlp,,,PPG-data,A16,sysbp,mae,49.893171543028295,30.029824,0.26368,3498.415039,637.874176,510.231,5.556714906925109,36.58978029,0.37765853658536586
momentlarge,mlp,,,PPG-data,A16,heartrate,mae,7.9662974287823936,1444.25984,0.525824,121535.0781,2584.105472,43932.859,175.44730991270484,35.11590712,10.577853658536586
momentbase,mlp,,,PPG-data,A16,heartrate,mae,8.457862295755525,465.8048,0.394752,36985.92578,1308.35456,14016.119,51.45318575603206,28.1348121,3.5139756097560975
momentsmall,mlp,,,PPG-data,A16,heartrate,mae,8.143273888564691,161.092608,0.26368,10207.41699,625.839616,3554.259,14.181411859465808,13.30322107,0.8821951219512195
chronostiny,mlp,,,PPG-data,A16,heartrate,mae,7.959552671851181,25.309184,0.132608,5256.986816,1399.789056,1360.52,8.405072445,43.35867005,0.6993170731707318
chronosmini,mlp,,,PPG-data,A16,heartrate,mae,8.051317168445122,50.142208,0.198144,11815.89844,2751.832064,2817.282,16.541774005424685,84.15430556,0.9044390243902439
chronossmall,mlp,,,PPG-data,A16,heartrate,mae,8.028948900176257,101.56544,0.26368,18787.30078,2841.2416,4657.796,25.80705703177103,86.25195707,1.6626829268292684
chronosbase,mlp,,,PPG-data,A16,heartrate,mae,7.733091028725228,429.407232,0.394752,46323.21094,4530.082304,14013.893,80.05458441013243,128.4023321,4.710536585365854
chronoslarge,mlp,,,PPG-data,A16,heartrate,mae,7.771106626929306,1427.183616,0.525824,114613.5781,6894.023168,39435.847,239.1537148080221,171.5639071,14.335048780487805
papageis,mlp,,,PPG-data,A16,heartrate,mae,26.460788261599657,33.204224,0.26368,3607.511962890625,641.048576,531.233,6.190609978466499,36.58978029,0.3063658536585366
papageip,mlp,,,PPG-data,A16,heartrate,mae,25.248287387010528,30.029824,0.26368,3518.488525390625,637.874176,515.321,5.580090557656637,36.58978029,0.4514390243902439
papageissvri,mlp,,,PPG-data,A16,heartrate,mae,21.919190383538968,30.029824,0.26368,3501.007813,637.874176,519.284,5.582246245407477,36.58978029,0.4525609756097561
momentlarge,mlp,,,ecg5000,A16,ecgclass,accuracy,0.9315555555555556,1444.25984,0.527872,70195.50781,1600.961536,23042.562,28.36517921362983,4.206079886,2.2523417777777777
momentsmall,mlp,,,ecg5000,A16,ecgclass,accuracy,0.9257777777777778,161.092608,0.265728,8231.682617,228.714496,1935.899,4.807333798832364,1.682943886,0.2610882222222222
momentbase,mlp,,,ecg5000,A16,ecgclass,accuracy,0.9282222222222222,465.8048,0.3968,22965.55664,579.252736,6552.974,9.417197391298082,3.091967886,0.9218582222222222
chronostiny,mlp,,,ecg5000,A16,ecgclass,accuracy,0.824,25.309184,0.134656,10485.7207,489.074176,2098.356,3.8610835767851936,17.04601589,0.088300889
chronosmini,mlp,,,ecg5000,A16,ecgclass,accuracy,0.8597777777777778,50.142208,0.200192,16343.42773,957.543936,3748.356,7.567544839541117,28.03251189,0.508776
chronossmall,mlp,,,ecg5000,A16,ecgclass,accuracy,0.8577777777777778,101.56544,0.265728,30665.9043,1021.738496,6716.178,10.788209864298503,28.42623989,0.856318
chronosbase,mlp,,,ecg5000,A16,ecgclass,accuracy,0.8782222222222222,429.407232,0.3968,68106.65625,1801.910784,19580.748,29.041463449690077,42.63372789,2.1306564444444445
chronoslarge,mlp,,,ecg5000,A16,ecgclass,accuracy,0.9028888888888889,1427.183616,0.527872,181788.4063,3256.410624,55428.477,86.34257951524522,60.11801031,5.722927555555556
papageis,mlp,,,ecg5000,A16,ecgclass,accuracy,0.8804444444444445,33.204224,0.265728,10558.64941,142.904832,1140.961,6.207812750180563,5.591039886,0.3116233333333333
papageip,mlp,,,ecg5000,A16,ecgclass,accuracy,0.7542222222222222,30.029824,0.265728,9926.320313,139.730432,1063.538,5.5870518791410655,5.591039886,0.31186555555555556
papageissvri,mlp,,,ecg5000,A16,ecgclass,accuracy,0.8911111111111111,30.029824,0.265728,9986.001953,139.730432,1066.414,5.594453696992662,5.591039886,0.3045164444444445
momentlarge,mlp,,,UWaveGestureLibraryAll,A16,gestureclass,accuracy,0.9349525404801786,1445.308416,0.530432,228972.1719,1730.420736,85615.513,44.20231308396604,8.825855857,2.774969290898939
momentsmall,mlp,,,UWaveGestureLibraryAll,A16,gestureclass,accuracy,0.8933556672250139,161.092608,0.268288,21188.57617,281.499648,6246.067,5.453007956845077,3.255295857,0.3998291457286432
momentbase,mlp,,,UWaveGestureLibraryAll,A16,gestureclass,accuracy,0.9126186487995533,464.174592,0.39936,69189.19531,678.276608,22802.314,14.080096847314797,6.006271857,0.9185491345616974
chronostiny,mlp,,,UWaveGestureLibraryAll,A16,gestureclass,accuracy,0.7456728084868789,25.309184,0.137216,18384.49414,489.082368,3785.804,3.8860790343473637,17.04601586,0.10668006700167504
chronosmini,mlp,,,UWaveGestureLibraryAll,A16,gestureclass,accuracy,0.7783361250697934,50.142208,0.202752,28894.24219,957.552128,6963.096,7.584116293024843,28.03251186,0.5183313791178112
chronossmall,mlp,,,UWaveGestureLibraryAll,A16,gestureclass,accuracy,0.7833612506979342,101.56544,0.268288,43248.90234,1021.746688,11301.626,10.806368733570604,28.42623986,0.8644031267448353
chronosbase,mlp,,,UWaveGestureLibraryAll,A16,gestureclass,accuracy,0.7878280290340591,429.407232,0.39936,118297.9609,1801.918976,35405.948,29.118376115791495,42.63372786,2.1561136236739253
chronoslarge,mlp,,,UWaveGestureLibraryAll,A16,gestureclass,accuracy,0.8137911781127861,1427.183616,0.530432,295982.3125,3256.418816,98516.575,86.53012056,60.11800885,5.7407481853713005
papageis,mlp,,,UWaveGestureLibraryAll,A16,gestureclass,accuracy,0.903964266,33.204224,0.268288,18497.0625,204.71808,2180.656,6.151598166913576,7.551487857,0.37222026800670016
papageip,mlp,,,UWaveGestureLibraryAll,A16,gestureclass,accuracy,0.698213289,30.029824,0.268288,17839.78906,201.54368,2115.67,5.591942959827527,7.551487857,0.3179718034617532
papageissvri,mlp,,,UWaveGestureLibraryAll,A16,gestureclass,accuracy,0.9209938581797878,30.029824,0.268288,17819.89844,201.54368,2099.06,5.606670099952779,7.551487857,0.33203015075376885
chronosbase,mlp,,,ETTh1,A16,etth1fore,mae,0.7172047323731197,429.407232,302.580736,22332.98047,1948.440576,7019.446,30.624694720658727,44.45653768,2.2156712532539977
chronossmall,mlp,,,ETTh1,A16,etth1fore,mae,0.8261823396262122,101.56544,201.720832,10426.38672,1117.970432,2740.901,11.73951932638274,29.89308611,0.9035734473782076
chronosmini,mlp,,,ETTh1,A16,etth1fore,mae,0.5750964892363651,50.142208,151.29088,7396.271973,814.430208,1819.544,8.274780510348783,28.82121039,0.6427229453328376
chronostiny,mlp,,,ETTh1,A16,etth1fore,mae,0.5781709630486268,25.309184,100.860928,5196.558105,538.151936,1095.892,4.298020650835984,17.57215607,0.39436965414652286
chronoslarge,mlp,,,ETTh1,A16,etth1fore,mae,0.5492746350833501,1427.183616,403.44064,56516.73047,3452.187648,18439.391,88.63574552979333,61.47042354,5.7385775381182595
momentlarge,mlp,,,ETTh1,A16,etth1fore,mae,0.22808222182845408,1441.6384,50.332672,29105.12891,1704.462336,8522.223,28.676666972627423,4.467613751,2.261495723317218
momentbase,mlp,,,ETTh1,A16,etth1fore,mae,0.23292693849819165,464.174592,37.74976,11648.08496,663.6416,2941.82,9.613148058688786,3.287990123,0.9444514689475642
momentsmall,mlp,,,ETTh1,A16,etth1fore,mae,0.21938321473704445,161.092608,25.166848,6052.050781,295.77728,1026.5,4.849033972462476,1.813454495,0.2804068426924507
papageis,mlp,,,ETTh1,A16,etth1fore,mae,0.9405164384169654,33.204224,0.39424,11897.13574,86.724096,1190.365,6.129855538265729,7.912608131,0.32445072517664564
papageip,mlp,,,ETTh1,A16,etth1fore,mae,1.4096899482017615,30.029824,0.39424,11285.02637,83.549696,1134.85,5.561420162267603,7.912608131,0.3047322424693194
papageissvri,mlp,,,ETTh1,A16,etth1fore,mae,0.505445403,30.029824,0.39424,11328.31934,83.549696,1144.229,5.585234684587722,7.912608131,0.31475455559687615
chronosbase,mlp,,,weather,A16,weatherfore,mae,0.29915711545426144,420.18304,302.580736,110914.9063,1950.144512,33213.971,30.733713001830726,52.73021556,2.2174171820641666
chronossmall,mlp,,,weather,A16,weatherfore,mae,0.3577890865432127,100.82816,201.720832,53929.39453,1117.970432,13168.313,11.767072232293954,30.26208186,0.9327044839582528
chronosmini,mlp,,,weather,A16,weatherfore,mae,0.30548338266039393,50.093056,151.29088,40462.05859,814.954496,9015.544,8.311806524587867,28.8214277,0.6624835717046773
chronostiny,mlp,,,weather,A16,weatherfore,mae,0.3161406923084736,25.309184,100.860928,38594.63281,538.151936,6389.233,4.318010661378071,16.86113309,0.4134487823734055
chronoslarge,mlp,,,weather,A16,weatherfore,mae,0.30192349669816365,1426.446336,403.44064,267748.0938,3452.187648,85588.926,88.85467459,62.20830192,5.725466950135292
momentlarge,mlp,,,weather,A16,weatherfore,mae,0.027098103,1441.6384,50.332672,144111.3281,1705.510912,40275.144,28.746179848321855,4.467686469,2.2737417858523385
momentbase,mlp,,,weather,A16,weatherfore,mae,0.027118303844528957,463.47008,37.74976,64861.22656,662.855168,14576.007,9.618826469952968,3.288044802,0.9581731735601082
momentsmall,mlp,,,weather,A16,weatherfore,mae,0.027228495538107234,160.355328,25.166848,49214.85938,295.77728,5968.736,4.862887606272423,1.813491136,0.2971255315036722
papageis,mlp,,,weather,A16,weatherfore,mae,0.077216299,31.762432,0.39424,103814.4766,86.724096,8793.674,6.307843829933907,7.913247518,0.35629503285659064
papageip,mlp,,,weather,A16,weatherfore,mae,0.072728393,28.588032,0.39424,99646.82031,83.549696,8434.891,5.532051191672792,7.913247518,0.30283020873598765
papageissvri,mlp,,,weather,A16,weatherfore,mae,0.063172123,28.588032,0.39424,100122.7188,83.549696,8426.709,5.533429975070961,7.913247518,0.30233494395052185
chronosbase,mlp,,,exchange,A16,ratefore,mae,1.6803535156349376,428.440576,302.580736,14189.2002,1949.751296,4054.614,30.701365980087903,44.47010635,2.236528657616893
chronossmall,mlp,,,exchange,A16,ratefore,mae,1.3684553832489001,100.82816,201.720832,7220.820801,1117.970432,1628.921,11.765919086979885,30.26078813,0.9241025641025641
chronosmini,mlp,,,exchange,A16,ratefore,mae,1.425990426984508,50.093056,151.29088,5346.718262,814.954496,1134.673,8.292838628115877,28.8209086,0.6546176470588235
chronostiny,mlp,,,exchange,A16,ratefore,mae,1.5959107665343144,25.309184,100.860928,5024.76123,538.151936,806.618,4.311471736269299,16.86078668,0.40102262443438913
chronoslarge,mlp,,,exchange,A16,ratefore,mae,1.6307058015100768,1426.446336,403.44064,34416.13281,3452.187648,10614.88,88.86845042371102,62.20687252,5.7634321266968325
momentlarge,mlp,,,exchange,A16,ratefore,mae,0.4002387445294759,1441.6384,50.332672,18617.3125,1705.510912,4913.702,28.84950837326625,4.46751276,2.3119434389140268
momentbase,mlp,,,exchange,A16,ratefore,mae,0.39812404754380354,463.47008,37.74976,8472.662109,662.855168,1804.456,9.617005866037774,3.287914184,0.9693408748114631
momentsmall,mlp,,,exchange,A16,ratefore,mae,0.40876913037718227,160.355328,25.166848,6441.258301,295.77728,736.569,4.834820944079806,1.813403608,0.29127450980392156
papageis,mlp,,,exchange,A16,ratefore,mae,0.68550313,31.762432,0.39424,13251.55176,86.724096,1110.496,6.076798525690853,7.911720157,0.28529411764705886
papageip,mlp,,,exchange,A16,ratefore,mae,1.9067823224495655,28.588032,0.39424,12586.19531,83.549696,1051.313,5.487331085794832,7.911720157,0.26819607843137255
papageissvri,mlp,,,exchange,A16,ratefore,mae,0.6621562378515974,28.588032,0.39424,12765.75684,83.549696,1061.78,5.488224436255062,7.911720157,0.26757993966817495
chronosbase,mlp,,,ecl,A16,elecfore,mae,0.43348061155830786,428.440576,302.580736,69814.96875,1949.74208,19201.284,30.766297177276943,44.47093339,2.2479727756954033
chronossmall,mlp,,,ecl,A16,elecfore,mae,0.4620137624444371,100.82816,201.720832,43078.09375,1117.961216,9006.712,11.772819075412265,30.26190969,0.9330169658709805
chronosmini,mlp,,,ecl,A16,elecfore,mae,0.4609509413499777,50.093056,151.29088,35002.67188,814.94528,6580.638,8.308759688766639,28.82134825,0.6712817123693036
chronostiny,mlp,,,ecl,A16,elecfore,mae,0.4889207279701433,25.309184,100.860928,34170.86328,538.14272,4694.663,4.3160717224411576,16.86108006,0.4106914578812389
chronoslarge,mlp,,,ecl,A16,elecfore,mae,0.4323041933436042,1426.446336,403.44064,158385.6094,3452.178432,46641.534,89.07137344489792,62.20808313,5.776019135924245
momentlarge,mlp,,,ecl,A16,elecfore,mae,0.4315691818118437,1441.6384,50.332672,106272.4609,1706.025984,24722.072,28.861635196465294,4.467659881,2.3122499506806076
momentbase,mlp,,,ecl,A16,elecfore,mae,0.47097002721617415,463.47008,37.74976,62931.42969,662.42816,10329.691,9.630590240921018,3.28802481,0.9693049911225093
momentsmall,mlp,,,ecl,A16,elecfore,mae,0.43689913646962525,160.355328,25.166848,47507.90234,295.243776,4812.763,4.845751675564196,1.813477738,0.3092521207338726
papageis,mlp,,,ecl,A16,elecfore,mae,0.7849348116635856,31.762432,0.39424,100284.0938,77.43232,8238.284,6.180050022575272,7.913013735,0.377926613
papageip,mlp,,,ecl,A16,elecfore,mae,0.8075599577431148,28.588032,0.39424,95439.30469,74.25792,7834.403,5.573747544204914,7.913013735,0.3119672519234563
papageissvri,mlp,,,ecl,A16,elecfore,mae,0.7918072924651561,28.588032,0.39424,95079.35156,74.25792,7892.588,5.5510958797434515,7.913013735,0.2925989347011245
chronosbase,mlp,,,traffic,A16,trafficfore,mae,0.41041082217035507,428.440576,302.580736,90611.16406,1949.737472,18925.512,30.742985538808128,44.47074186,2.2436264697015376
chronossmall,mlp,,,traffic,A16,trafficfore,mae,0.4714048036106731,100.82816,201.720832,57298.38281,1117.956608,10105.885,11.771771390142662,30.26171832,0.9335709978896594
chronosmini,mlp,,,traffic,A16,trafficfore,mae,0.4448187396022311,50.093056,151.29088,39595.60938,814.940672,6990.577,8.324517535559556,28.82126598,0.6949927645462767
chronostiny,mlp,,,traffic,A16,trafficfore,mae,0.4507101121908348,25.309184,100.860928,41387.25,538.138112,5351.477,4.319519248,16.86102517,0.4153786554115164
chronoslarge,mlp,,,traffic,A16,trafficfore,mae,0.4136718898990701,1426.446336,403.44064,146966.6719,3452.173824,37449.365,89.00341875538037,62.2078566,5.778943322279168
momentlarge,mlp,,,traffic,A16,trafficfore,mae,0.3760614480541043,1441.6384,50.332672,139989.9844,1704.448512,23357.12,28.84951784526651,4.467632352,2.3125390413023816
momentbase,mlp,,,traffic,A16,trafficfore,mae,0.39905960981945104,463.47008,37.74976,82128.5,661.137408,9343.641,9.616026909695643,3.28800411,0.9687772083207719
momentsmall,mlp,,,traffic,A16,trafficfore,mae,0.3954742115338745,160.355328,25.166848,63204.61719,294.977024,5924.661,4.852317043122737,1.813463867,0.2923741332529394
papageis,mlp,,,traffic,A16,trafficfore,mae,1.2046561709132741,31.762432,0.39424,130977.4063,72.787456,10808.453,6.133226824051147,7.912771685,0.32295839614109134
papageip,mlp,,,traffic,A16,trafficfore,mae,1.2074314171582288,28.588032,0.39424,124982.1953,69.613056,10311.466,5.532943417805305,7.912771685,0.29561983720229124
papageissvri,mlp,,,traffic,A16,trafficfore,mae,1.080097469574639,28.588032,0.39424,125468.7656,69.613056,10358.45,5.5347032315550635,7.912771685,0.2830422068133856
momentlarge,mlp,,,PPG-data,NVIDIA L40S,diasbp,mae,9.801300420993712,1461.95456,0.5258240000000569,121734.78125,2613.989888,43894.734,54.596162935582605,43.020188097561004,9.145609756097562
momentbase,mlp,,,PPG-data,NVIDIA L40S,diasbp,mae,9.896955536633003,455.474688,0.3947519999999827,36996.0234375,1311.500288,14042.174,11.170253241934427,36.44050107317071,2.770878048780488
momentsmall,mlp,,,PPG-data,NVIDIA L40S,diasbp,mae,9.961452391089463,151.835648,0.2636800000000221,10243.2802734375,625.839616,3517.97,11.935256888226766,23.026126048780498,1.6685365853658536
chronostiny,mlp,,,PPG-data,NVIDIA L40S,diasbp,mae,10.1464049176472,16.789504,0.13260799999999762,6012.97802734375,1399.789056,1384.4,19.84405963013812,52.18915902439025,1.3664634146341463
chronosmini,mlp,,,PPG-data,NVIDIA L40S,diasbp,mae,10.086172150402534,40.918016,0.1981439999999992,11863.0673828125,2751.832064,2823.319,10.52743726823388,95.38709853658534,1.2983658536585365
chronossmall,mlp,,,PPG-data,NVIDIA L40S,diasbp,mae,10.08157050900343,92.30848,0.2636799999999937,18751.787109375,2841.2416,4639.92,11.43810153589016,95.32308604878051,2.0148536585365853
chronosbase,mlp,,,PPG-data,NVIDIA L40S,diasbp,mae,10.099694973084985,420.18304,0.3947519999999827,46370.2734375,4530.082304,14041.017,15.739123344421387,138.34744507317083,3.614048780487805
chronoslarge,mlp,,,PPG-data,NVIDIA L40S,diasbp,mae,10.067046002643865,1417.926656,0.5258239999998295,115069.765625,6894.023168,39407.608,26.439079098585175,182.14902009756088,6.347878048780488
papageis,mlp,,,PPG-data,NVIDIA L40S,diasbp,mae,10.76289432804759,23.242752,0.2636800000000008,3916.729248046875,641.048576,551.577,57.211147796816945,46.08048702439025,5.141317073170732
papageip,mlp,,,PPG-data,NVIDIA L40S,diasbp,mae,9.800174620093369,20.068352,0.2636800000000008,3485.1123046875,637.874176,503.384,10.69394859453527,46.07990009756098,1.469560975609756
papageissvri,mlp,,,PPG-data,NVIDIA L40S,diasbp,mae,11.082716685969656,20.068352,0.2636800000000008,3500.937255859375,637.874176,508.916,10.906328817693199,46.07990009756098,1.701390243902439
momentlarge,mlp,,,PPG-data,NVIDIA L40S,sysbp,mae,16.598872301055163,1461.95456,0.5258240000000569,121508.7578125,2584.105472,43963.565,21.49862238255943,43.020188097561004,6.795121951219512
momentbase,mlp,,,PPG-data,NVIDIA L40S,sysbp,mae,16.614775680914157,455.474688,0.3947519999999827,36993.375,1308.35456,14046.098,9.737954256011218,36.44050107317071,2.5702682926829272
momentsmall,mlp,,,PPG-data,NVIDIA L40S,sysbp,mae,16.909830046863092,151.835648,0.2636800000000221,10205.5322265625,625.839616,3537.737,9.392658675589212,23.026126048780498,0.9595365853658536
chronostiny,mlp,,,PPG-data,NVIDIA L40S,sysbp,mae,16.288020994605088,16.789504,0.13260799999999762,5251.13037109375,1399.789056,1372.02,10.277091625260145,52.18915902439025,0.834219512195122
chronosmini,mlp,,,PPG-data,NVIDIA L40S,sysbp,mae,16.820724859470275,40.918016,0.1981439999999992,11846.705078125,2751.832064,2828.92,9.828903983278972,95.38709853658534,1.377390243902439
chronossmall,mlp,,,PPG-data,NVIDIA L40S,sysbp,mae,16.5115994709294,92.30848,0.2636799999999937,18754.607421875,2841.2416,4639.844,10.933243484031863,95.32308604878051,1.8075365853658536
chronosbase,mlp,,,PPG-data,NVIDIA L40S,sysbp,mae,17.514828565644056,420.18304,0.3947519999999827,46336.5390625,4530.082304,14023.37,14.988362568180735,138.34744507317083,3.5751219512195123
chronoslarge,mlp,,,PPG-data,NVIDIA L40S,sysbp,mae,17.010279027427114,1417.926656,0.5258239999998295,114570.21875,6894.023168,39255.167,26.246323934415493,182.14902009756088,7.064585365853659
papageis,mlp,,,PPG-data,NVIDIA L40S,sysbp,mae,21.462546371832126,23.242752,0.2636800000000008,3618.532470703125,641.048576,537.185,10.794555419828834,46.08048702439025,1.5116829268292684
papageip,mlp,,,PPG-data,NVIDIA L40S,sysbp,mae,19.187635840439214,20.068352,0.2636800000000008,3509.5234375,637.874176,514.329,9.570567933524528,46.07990009756098,1.2969024390243904
papageissvri,mlp,,,PPG-data,NVIDIA L40S,sysbp,mae,19.363849360768388,20.068352,0.2636800000000008,3498.4150390625,637.874176,510.231,9.600608697751673,46.07990009756098,1.5106829268292683
momentlarge,mlp,,,PPG-data,NVIDIA L40S,heartrate,mae,7.784881219631288,1461.95456,0.5258240000000569,121535.078125,2584.105472,43932.859,21.481676241246664,43.020188097561004,6.08890243902439
momentbase,mlp,,,PPG-data,NVIDIA L40S,heartrate,mae,7.713380022746761,455.474688,0.3947519999999827,36985.92578125,1308.35456,14016.119,9.89589474840862,36.44050107317071,2.6094146341463413
momentsmall,mlp,,,PPG-data,NVIDIA L40S,heartrate,mae,8.52860874082984,151.835648,0.2636800000000221,10207.4169921875,625.839616,3554.259,9.584449361010295,23.026126048780498,1.456121951219512
chronostiny,mlp,,,PPG-data,NVIDIA L40S,heartrate,mae,7.911895938035919,16.789504,0.13260799999999762,5256.98681640625,1399.789056,1360.52,9.980369579501268,52.18915902439025,0.5935609756097561
chronosmini,mlp,,,PPG-data,NVIDIA L40S,heartrate,mae,7.949394598239806,40.918016,0.1981439999999992,11815.8984375,2751.832064,2817.282,10.258081662945632,95.38709853658534,1.3907073170731707
chronossmall,mlp,,,PPG-data,NVIDIA L40S,heartrate,mae,7.912111235827934,92.30848,0.2636799999999937,18787.30078125,2841.2416,4657.796,10.873880188639571,95.32308604878051,1.8257560975609757
chronosbase,mlp,,,PPG-data,NVIDIA L40S,heartrate,mae,7.950124973204078,420.18304,0.3947519999999827,46323.2109375,4530.082304,14013.893,15.177438526618772,138.34744507317083,3.4760487804878046
chronoslarge,mlp,,,PPG-data,NVIDIA L40S,heartrate,mae,7.9183124449194935,1417.926656,0.5258239999998295,114613.578125,6894.023168,39435.847,26.078841186151273,182.14902009756088,7.289853658536585
papageis,mlp,,,PPG-data,NVIDIA L40S,heartrate,mae,11.454765133741425,23.242752,0.2636800000000008,3607.511962890625,641.048576,531.233,10.905083167843703,46.08048702439025,1.4697317073170733
papageip,mlp,,,PPG-data,NVIDIA L40S,heartrate,mae,8.5520899702863,20.068352,0.2636800000000008,3518.488525390625,637.874176,515.321,9.759957836895454,46.07990009756098,1.5055121951219512
papageissvri,mlp,,,PPG-data,NVIDIA L40S,heartrate,mae,10.225979223483947,20.068352,0.2636800000000008,3501.0078125,637.874176,519.284,9.871735479773545,46.07990009756098,1.4989512195121952
momentlarge,mlp,,,ecg5000,NVIDIA L40S,ecgclass,accuracy,0.9315555555555556,1461.95456,0.5278720000001158,70195.5078125,1600.961536,23042.562,10.370095057169596,13.77410286933332,2.7702633333333333
momentsmall,mlp,,,ecg5000,NVIDIA L40S,ecgclass,accuracy,0.9257777777777778,151.835648,0.26572799999999575,8231.6826171875,228.714496,1935.899,4.368792799843682,11.250966869333325,1.0236428888888889
momentbase,mlp,,,ecg5000,NVIDIA L40S,ecgclass,accuracy,0.9282222222222222,455.474688,0.3967999999999847,22965.556640625,579.252736,6552.974,5.815544528855217,12.659990869333342,1.0250475555555556
chronostiny,mlp,,,ecg5000,NVIDIA L40S,ecgclass,accuracy,0.8242222222222222,16.789504,0.13465599999999966,10485.720703125,489.074176,2098.356,2.891151439825694,25.902870869333334,0.097606
chronosmini,mlp,,,ecg5000,NVIDIA L40S,ecgclass,accuracy,0.8597777777777778,40.918016,0.20019200000000126,16343.427734375,957.543936,3748.356,2.9893521132998995,38.484246869333326,0.15903355555555554
chronossmall,mlp,,,ecg5000,NVIDIA L40S,ecgclass,accuracy,0.8577777777777778,92.30848,0.26572799999999575,30665.904296875,1021.738496,6716.178,3.8722391861279806,37.993750869333326,1.0618408888888888
chronosbase,mlp,,,ecg5000,NVIDIA L40S,ecgclass,accuracy,0.878,420.18304,0.3967999999999847,68106.65625,1801.910784,19580.748,6.362500816133287,52.20175086933335,1.8077888888888887
chronoslarge,mlp,,,ecg5000,NVIDIA L40S,ecgclass,accuracy,0.9028888888888889,1417.926656,0.5278719999998884,181788.40625,3256.410624,55428.477,11.165447514004178,68.49459905422214,3.585913111111111
papageis,mlp,,,ecg5000,NVIDIA L40S,ecgclass,accuracy,0.8804444444444445,23.242752,0.2657279999999993,10558.6494140625,142.904832,1140.961,5.1222794972525705,15.158572032000002,0.8939535555555556
papageip,mlp,,,ecg5000,NVIDIA L40S,ecgclass,accuracy,0.7542222222222222,20.068352,0.2657279999999993,9926.3203125,139.730432,1063.538,4.574743822097778,15.158570097777776,0.8799317777777779
papageissvri,mlp,,,ecg5000,NVIDIA L40S,ecgclass,accuracy,0.8911111111111111,20.068352,0.2657279999999993,9986.001953125,139.730432,1066.414,4.568228784031338,15.158570097777776,0.8898071111111111
momentlarge,mlp,,,UWaveGestureLibraryAll,NVIDIA L40S,gestureclass,accuracy,0.9349525404801786,1461.95456,0.5304320000000189,228972.171875,1730.420736,85615.513,10.327311399727144,17.730267122278065,3.4018115577889447
momentsmall,mlp,,,UWaveGestureLibraryAll,NVIDIA L40S,gestureclass,accuracy,0.8933556672250139,151.835648,0.2682880000000125,21188.576171875,281.499648,6246.067,4.4624261379508185,12.823259122278074,1.0356588498045785
momentbase,mlp,,,UWaveGestureLibraryAll,NVIDIA L40S,gestureclass,accuracy,0.9126186487995533,455.474688,0.3993600000000015,69189.1953125,678.276608,22802.314,5.870188480911809,15.574235122278026,1.1925022333891682
chronostiny,mlp,,,UWaveGestureLibraryAll,NVIDIA L40S,gestureclass,accuracy,0.7456728084868789,16.789504,0.13721599999999867,18384.494140625,489.082368,3785.804,2.966093540457891,25.902811122278056,0.16145784477945282
chronosmini,mlp,,,UWaveGestureLibraryAll,NVIDIA L40S,gestureclass,accuracy,0.7783361250697934,40.918016,0.2027519999999967,28894.2421875,957.552128,6963.096,3.0095459853784123,38.48418712227806,0.22475795644891122
chronossmall,mlp,,,UWaveGestureLibraryAll,NVIDIA L40S,gestureclass,accuracy,0.7836404243439419,92.30848,0.2682879999999983,43248.90234375,1021.746688,11301.626,3.8620671038518464,37.99369112227804,1.0733788386376324
chronosbase,mlp,,,UWaveGestureLibraryAll,NVIDIA L40S,gestureclass,accuracy,0.7872696817420436,420.18304,0.3993600000000015,118297.9609375,1801.918976,35405.948,6.362164576315866,52.20169112227802,1.8379274148520381
chronoslarge,mlp,,,UWaveGestureLibraryAll,NVIDIA L40S,gestureclass,accuracy,0.8137911781127861,1417.926656,0.5304320000000189,295982.3125,3256.418816,98516.575,11.287052368066085,68.49453525404806,3.628890284757119
papageis,mlp,,,UWaveGestureLibraryAll,NVIDIA L40S,gestureclass,accuracy,0.903964265773311,23.242752,0.26828800000000186,18497.0625,204.71808,2180.656,5.22309732530318,17.11883677945282,0.8211345616973758
papageip,mlp,,,UWaveGestureLibraryAll,NVIDIA L40S,gestureclass,accuracy,0.69821328866555,20.068352,0.2682879999999983,17839.7890625,201.54368,2115.67,4.643319477388008,17.118834063651594,0.8760968732551647
papageissvri,mlp,,,UWaveGestureLibraryAll,NVIDIA L40S,gestureclass,accuracy,0.9209938581797878,20.068352,0.2682879999999983,17819.8984375,201.54368,2099.06,4.649024846099862,17.118834063651594,0.8648626465661642
momentlarge,mlp,,,PPG-data,NVIDIA A16,diasbp,mae,10.127585713456316,1461.95456,0.5258240000000569,121734.78125,2613.989888,43894.734,200.55181512600038,43.020188097561004,11.187878048780487
momentbase,mlp,,,PPG-data,NVIDIA A16,diasbp,mae,10.489695479230184,455.474688,0.3947519999999827,36996.0234375,1311.500288,14042.174,55.263067943293876,36.44050107317071,3.539780487804878
momentsmall,mlp,,,PPG-data,NVIDIA A16,diasbp,mae,10.011062342946122,151.835648,0.2636800000000221,10243.2802734375,625.839616,3517.97,20.61704842637225,23.026126048780498,1.0484878048780488
chronostiny,mlp,,,PPG-data,NVIDIA A16,diasbp,mae,9.70670932676734,16.789504,0.13260799999999762,6012.97802734375,1399.789056,1384.4,19.647394412901342,52.18915902439025,0.981609756097561
chronosmini,mlp,,,PPG-data,NVIDIA A16,diasbp,mae,10.346121439119665,40.918016,0.1981439999999992,11863.0673828125,2751.832064,2823.319,24.310837071116378,95.38709853658534,1.3684146341463415
chronossmall,mlp,,,PPG-data,NVIDIA A16,diasbp,mae,10.41240152498571,92.30848,0.2636799999999937,18751.787109375,2841.2416,4639.92,33.55516219720608,95.32308604878051,1.7131219512195122
chronosbase,mlp,,,PPG-data,NVIDIA A16,diasbp,mae,10.019732219416921,420.18304,0.3947519999999827,46370.2734375,4530.082304,14041.017,87.42142449355707,138.34744507317083,5.239292682926829
chronoslarge,mlp,,,PPG-data,NVIDIA A16,diasbp,mae,10.215684099895197,1417.926656,0.5258239999998295,115069.765625,6894.023168,39407.608,245.88651889707984,182.14902009756088,14.387341463414634
papageis,mlp,,,PPG-data,NVIDIA A16,diasbp,mae,29.18090336497237,23.242752,0.2636800000000008,3916.729248046875,641.048576,551.577,48.01018884705334,46.08048702439025,1.3537317073170732
papageip,mlp,,,PPG-data,NVIDIA A16,diasbp,mae,32.601936852059715,20.068352,0.2636800000000008,3485.1123046875,637.874176,503.384,12.01577433144174,46.07990009756098,0.407390243902439
papageissvri,mlp,,,PPG-data,NVIDIA A16,diasbp,mae,24.762131016428878,20.068352,0.2636800000000008,3500.937255859375,637.874176,508.916,11.852334138823718,46.07990009756098,0.4094390243902439
momentlarge,mlp,,,PPG-data,NVIDIA A16,sysbp,mae,18.721046819919493,1461.95456,0.5258240000000569,121508.7578125,2584.105472,43963.565,178.7036638957698,43.020188097561004,10.464926829268292
momentbase,mlp,,,PPG-data,NVIDIA A16,sysbp,mae,17.40729411055402,455.474688,0.3947519999999827,36993.375,1308.35456,14046.098,55.11203728652582,36.44050107317071,3.470170731707317
momentsmall,mlp,,,PPG-data,NVIDIA A16,sysbp,mae,21.459820072825362,151.835648,0.2636800000000221,10205.5322265625,625.839616,3537.737,20.11549435592279,23.026126048780498,0.9365853658536586
chronostiny,mlp,,,PPG-data,NVIDIA A16,sysbp,mae,17.45610064994998,16.789504,0.13260799999999762,5251.13037109375,1399.789056,1372.02,16.321798882833342,52.18915902439025,0.9286585365853658
chronosmini,mlp,,,PPG-data,NVIDIA A16,sysbp,mae,17.597365030428257,40.918016,0.1981439999999992,11846.705078125,2751.832064,2828.92,24.409719513683783,95.38709853658534,1.2842926829268293
chronossmall,mlp,,,PPG-data,NVIDIA A16,sysbp,mae,17.639511480564025,92.30848,0.2636799999999937,18754.607421875,2841.2416,4639.844,33.56564768349252,95.32308604878051,1.6426585365853659
chronosbase,mlp,,,PPG-data,NVIDIA A16,sysbp,mae,17.027760017208937,420.18304,0.3947519999999827,46336.5390625,4530.082304,14023.37,87.54608954452887,138.34744507317083,4.865243902439024
chronoslarge,mlp,,,PPG-data,NVIDIA A16,sysbp,mae,17.526721303055925,1417.926656,0.5258239999998295,114570.21875,6894.023168,39255.167,245.85263954720847,182.14902009756088,14.136073170731708
papageis,mlp,,,PPG-data,NVIDIA A16,sysbp,mae,61.75464257961366,23.242752,0.2636800000000008,3618.532470703125,641.048576,537.185,13.308205848786889,46.08048702439025,0.5507317073170732
papageip,mlp,,,PPG-data,NVIDIA A16,sysbp,mae,66.6251217911883,20.068352,0.2636800000000008,3509.5234375,637.874176,514.329,11.79693418595849,46.07990009756098,0.2729024390243902
papageissvri,mlp,,,PPG-data,NVIDIA A16,sysbp,mae,49.893171543028295,20.068352,0.2636800000000008,3498.4150390625,637.874176,510.231,11.763668979086527,46.07990009756098,0.26721951219512197
momentlarge,mlp,,,PPG-data,NVIDIA A16,heartrate,mae,7.9662974287823936,1461.95456,0.5258240000000569,121535.078125,2584.105472,43932.859,178.8281990609518,43.020188097561004,10.441658536585367
momentbase,mlp,,,PPG-data,NVIDIA A16,heartrate,mae,8.457862295755525,455.474688,0.3947519999999827,36985.92578125,1308.35456,14016.119,55.03843363319955,36.44050107317071,3.592487804878049
momentsmall,mlp,,,PPG-data,NVIDIA A16,heartrate,mae,8.143273888564691,151.835648,0.2636800000000221,10207.4169921875,625.839616,3554.259,20.03502227038872,23.026126048780498,0.6944146341463414
chronostiny,mlp,,,PPG-data,NVIDIA A16,heartrate,mae,7.959552671851181,16.789504,0.13260799999999762,5256.98681640625,1399.789056,1360.52,16.327729643844975,52.18915902439025,0.845780487804878
chronosmini,mlp,,,PPG-data,NVIDIA A16,heartrate,mae,8.051317168445122,40.918016,0.1981439999999992,11815.8984375,2751.832064,2817.282,24.28041709341654,95.38709853658534,1.2876097560975608
chronossmall,mlp,,,PPG-data,NVIDIA A16,heartrate,mae,8.028948900176257,92.30848,0.2636799999999937,18787.30078125,2841.2416,4657.796,34.16171888025796,95.32308604878051,1.699219512195122
chronosbase,mlp,,,PPG-data,NVIDIA A16,heartrate,mae,7.733091028725228,420.18304,0.3947519999999827,46323.2109375,4530.082304,14013.893,88.22570726348133,138.34744507317083,4.984243902439024
chronoslarge,mlp,,,PPG-data,NVIDIA A16,heartrate,mae,7.771106626929306,1417.926656,0.5258239999998295,114613.578125,6894.023168,39435.847,246.41914107159872,182.14902009756088,14.505243902439025
papageis,mlp,,,PPG-data,NVIDIA A16,heartrate,mae,26.460788261599657,23.242752,0.2636800000000008,3607.511962890625,641.048576,531.233,13.44876523134185,46.08048702439025,0.4783170731707317
papageip,mlp,,,PPG-data,NVIDIA A16,heartrate,mae,25.248287387010528,20.068352,0.2636800000000008,3518.488525390625,637.874176,515.321,11.749839550111352,46.07990009756098,0.263780487804878
papageissvri,mlp,,,PPG-data,NVIDIA A16,heartrate,mae,21.919190383538968,20.068352,0.2636800000000008,3501.0078125,637.874176,519.284,11.593017927030237,46.07990009756098,0.4814146341463415
momentlarge,mlp,,,ecg5000,NVIDIA A16,ecgclass,accuracy,0.9315555555555556,1461.95456,0.5278720000001158,70195.5078125,1600.961536,23042.562,28.54810323799981,13.77410286933332,2.2258633333333333
momentsmall,mlp,,,ecg5000,NVIDIA A16,ecgclass,accuracy,0.9257777777777778,151.835648,0.26572799999999575,8231.6826171875,228.714496,1935.899,5.162432058016459,11.250966869333325,0.28994177777777774
momentbase,mlp,,,ecg5000,NVIDIA A16,ecgclass,accuracy,0.9282222222222222,455.474688,0.3967999999999847,22965.556640625,579.252736,6552.974,9.698328122668796,12.659990869333342,0.9333164444444444
chronostiny,mlp,,,ecg5000,NVIDIA A16,ecgclass,accuracy,0.824,16.789504,0.13465599999999966,10485.720703125,489.074176,2098.356,4.080530406528049,25.902870869333334,0.1337157777777778
chronosmini,mlp,,,ecg5000,NVIDIA A16,ecgclass,accuracy,0.8597777777777778,40.918016,0.20019200000000126,16343.427734375,957.543936,3748.356,7.913094025823805,38.484246869333326,0.5613957777777777
chronossmall,mlp,,,ecg5000,NVIDIA A16,ecgclass,accuracy,0.8577777777777778,92.30848,0.26572799999999575,30665.904296875,1021.738496,6716.178,11.005788711971707,37.993750869333326,0.8598577777777777
chronosbase,mlp,,,ecg5000,NVIDIA A16,ecgclass,accuracy,0.8782222222222222,420.18304,0.3967999999999847,68106.65625,1801.910784,19580.748,29.452942444695367,52.20175086933335,2.103384888888889
chronoslarge,mlp,,,ecg5000,NVIDIA A16,ecgclass,accuracy,0.9028888888888889,1417.926656,0.5278719999998884,181788.40625,3256.410624,55428.477,86.04637593756782,68.49459905422214,5.6306313333333335
papageis,mlp,,,ecg5000,NVIDIA A16,ecgclass,accuracy,0.8804444444444445,23.242752,0.2657279999999993,10558.6494140625,142.904832,1140.961,6.819613992902967,15.158572032000002,0.3008242222222222
papageip,mlp,,,ecg5000,NVIDIA A16,ecgclass,accuracy,0.7542222222222222,20.068352,0.2657279999999993,9926.3203125,139.730432,1063.538,6.07094784005483,15.158570097777776,0.27345444444444444
papageissvri,mlp,,,ecg5000,NVIDIA A16,ecgclass,accuracy,0.8911111111111111,20.068352,0.2657279999999993,9986.001953125,139.730432,1066.414,5.98884370136261,15.158570097777776,0.2768217777777778
momentlarge,mlp,,,UWaveGestureLibraryAll,NVIDIA A16,gestureclass,accuracy,0.9349525404801786,1461.95456,0.5304320000000189,228972.171875,1730.420736,85615.513,44.10404503405394,17.730267122278065,2.7869190396426577
momentsmall,mlp,,,UWaveGestureLibraryAll,NVIDIA A16,gestureclass,accuracy,0.8933556672250139,151.835648,0.2682880000000125,21188.576171875,281.499648,6246.067,5.727209047656163,12.823259122278074,0.3500265214963707
momentbase,mlp,,,UWaveGestureLibraryAll,NVIDIA A16,gestureclass,accuracy,0.9126186487995533,455.474688,0.3993600000000015,69189.1953125,678.276608,22802.314,14.353905919009517,15.574235122278026,0.8615502512562814
chronostiny,mlp,,,UWaveGestureLibraryAll,NVIDIA A16,gestureclass,accuracy,0.7456728084868789,16.789504,0.13721599999999867,18384.494140625,489.082368,3785.804,4.143490254180116,25.902811122278056,0.1598718592964824
chronosmini,mlp,,,UWaveGestureLibraryAll,NVIDIA A16,gestureclass,accuracy,0.7783361250697934,40.918016,0.2027519999999967,28894.2421875,957.552128,6963.096,7.931825935075165,38.48418712227806,0.5318241206030151
chronossmall,mlp,,,UWaveGestureLibraryAll,NVIDIA A16,gestureclass,accuracy,0.7833612506979342,92.30848,0.2682879999999983,43248.90234375,1021.746688,11301.626,11.139618385044441,37.99369112227804,0.8677241764377442
chronosbase,mlp,,,UWaveGestureLibraryAll,NVIDIA A16,gestureclass,accuracy,0.7878280290340591,420.18304,0.3993600000000015,118297.9609375,1801.918976,35405.948,29.490020161431172,52.20169112227802,2.120741485203797
chronoslarge,mlp,,,UWaveGestureLibraryAll,NVIDIA A16,gestureclass,accuracy,0.8137911781127861,1417.926656,0.5304320000000189,295982.3125,3256.418816,98516.575,86.24588232716657,68.49453525404806,5.673639028475712
papageis,mlp,,,UWaveGestureLibraryAll,NVIDIA A16,gestureclass,accuracy,0.903964265773311,23.242752,0.26828800000000186,18497.0625,204.71808,2180.656,6.771127882648087,17.11883677945282,0.29394276940256836
papageip,mlp,,,UWaveGestureLibraryAll,NVIDIA A16,gestureclass,accuracy,0.69821328866555,20.068352,0.2682879999999983,17839.7890625,201.54368,2115.67,6.070492422960112,17.118834063651594,0.2898439419318816
papageissvri,mlp,,,UWaveGestureLibraryAll,NVIDIA A16,gestureclass,accuracy,0.9209938581797878,20.068352,0.2682879999999983,17819.8984375,201.54368,2099.06,6.0455278047032355,17.118834063651594,0.28770463428252374
